transactionId,userId,productId,category,price,quantity,country,date
1,611,21,Beauty,488.04,1,UK,2025-06-04
2,1309,22,Home,187.54,3,UK,2025-02-11
3,1000,51,Clothing,49.13,2,Australia,2025-01-20
4,1979,27,Beauty,47.38,5,Canada,2025-02-27
5,1189,59,Home,452.35,3,Canada,2025-11-21
6,1949,9,Clothing,417.74,5,Germany,2025-12-16
7,1844,72,Electronics,294.67,2,Australia,2025-11-20
8,1348,39,Clothing,417.02,3,Israel,2025-06-23
9,231,32,Gaming,129.82,2,Australia,2025-07-04
10,1426,42,Beauty,181.37,5,Australia,2025-04-20
11,1817,41,Clothing,363.31,1,Japan,2025-04-23
12,32,69,Sports,348.85,2,Israel,2025-04-11
13,138,53,Sports,411.8,5,Germany,2025-10-07
14,1883,60,Gaming,271.89,4,France,2025-06-02
15,667,15,Books,360.34,4,Canada,2025-11-09
16,1675,25,Electronics,87.44,1,USA,2025-10-01
17,1510,15,Books,212.18,5,USA,2025-07-19
18,1138,22,Home,286.8,3,France,2025-08-27
19,57,8,Gaming,392.38,3,France,2025-04-03
20,957,42,Beauty,487.53,2,Canada,2025-08-13
21,303,1,Sports,288.79,1,UK,2025-09-09
22,1082,79,Sports,187.04,5,France,2025-06-01
23,1946,33,Toys,307.1,3,Canada,2025-12-10
24,1030,49,Beauty,389.82,3,France,2025-01-21
25,144,68,Home,249.17,4,Germany,2025-07-19
26,689,18,Beauty,383.79,4,USA,2025-02-27
27,96,74,Clothing,230.79,3,Australia,2025-07-06
28,1409,72,Electronics,152.54,5,Germany,2025-09-01
29,1986,32,Gaming,132.74,3,UK,2025-10-11
30,319,41,Clothing,134.72,5,Germany,2025-11-14
31,760,40,Clothing,131.06,4,Germany,2025-04-03
32,1617,78,Clothing,328.17,1,Germany,2025-10-07
33,149,66,Clothing,134.25,2,Germany,2025-01-14
34,1205,35,Sports,66.87,5,UK,2025-05-04
35,824,12,Clothing,362.92,4,Israel,2025-09-03
36,935,15,Books,404.36,1,Australia,2025-01-28
37,52,6,Toys,481.71,3,France,2025-07-27
38,1231,63,Books,173.03,1,Germany,2025-02-24
39,895,30,Sports,483.16,5,France,2025-09-10
40,1337,14,Clothing,197.06,5,Israel,2025-08-08
41,549,12,Clothing,281.93,4,USA,2025-10-21
42,1890,16,Home,51.03,5,Canada,2025-12-11
43,552,71,Clothing,498.73,2,USA,2025-11-12
44,444,76,Clothing,364.09,3,UK,2025-03-02
45,534,4,Gaming,256.2,1,USA,2025-03-03
46,1630,24,Beauty,78.35,4,France,2025-02-28
47,263,63,Books,205.42,4,UK,2025-06-10
48,923,80,Beauty,74.8,5,Germany,2025-12-01
49,49,51,Clothing,266.21,4,Canada,2025-01-19
50,1277,31,Clothing,78.58,5,Canada,2025-02-16
51,730,21,Beauty,307.99,1,Germany,2025-08-13
52,1084,31,Clothing,124.97,4,Japan,2025-04-16
53,1000,30,Sports,273.03,3,Japan,2025-02-22
54,1713,28,Clothing,332.62,2,Canada,2025-06-03
55,568,53,Sports,160.3,2,Germany,2025-01-21
56,1826,50,Clothing,302.21,2,Israel,2025-06-26
57,410,43,Books,4.14,4,France,2025-09-01
58,1769,72,Electronics,73.15,3,Canada,2025-09-21
59,981,49,Beauty,144.81,4,UK,2025-11-02
60,1317,37,Gaming,445.9,5,Germany,2025-08-18
61,1484,53,Sports,23.26,5,USA,2025-12-19
62,1756,31,Clothing,296.61,5,Canada,2025-08-02
63,667,10,Beauty,30.24,5,Israel,2025-09-02
64,283,3,Gaming,58.18,3,France,2025-07-15
65,607,70,Books,172.98,2,Japan,2025-01-08
66,1115,64,Beauty,433.94,3,USA,2025-11-09
67,1954,22,Home,477.88,1,USA,2025-05-24
68,210,61,Sports,390.88,2,USA,2025-02-20
69,1936,12,Clothing,432.72,1,Australia,2025-05-27
70,1539,73,Electronics,3.76,2,Germany,2025-11-24
71,1145,57,Beauty,338.25,1,USA,2025-08-14
72,1907,50,Clothing,248.21,3,Israel,2025-07-25
73,883,6,Toys,170.79,2,Germany,2025-03-21
74,1624,30,Sports,481.81,5,Israel,2025-11-06
75,218,46,Gaming,363.76,1,Germany,2025-06-20
76,192,38,Clothing,190.58,4,UK,2025-06-24
77,246,22,Home,498.72,1,Australia,2025-07-11
78,1339,17,Books,157.5,2,USA,2025-09-26
79,921,61,Sports,108.99,1,Australia,2025-01-02
80,1334,28,Clothing,80.65,3,UK,2025-03-20
81,724,63,Books,39.43,1,France,2025-01-11
82,1301,72,Electronics,181.89,5,Canada,2025-12-18
83,565,3,Gaming,414.97,2,Germany,2025-09-09
84,523,45,Clothing,260.38,2,Canada,2025-01-13
85,239,53,Sports,271.88,2,France,2025-12-23
86,665,12,Clothing,30.08,2,USA,2025-09-09
87,1477,63,Books,175.94,3,Germany,2025-02-01
88,1697,49,Beauty,283.24,5,Israel,2025-07-14
89,772,49,Beauty,418.29,5,USA,2025-10-27
90,5,38,Clothing,411.74,3,UK,2025-04-16
91,364,65,Sports,370.83,1,Canada,2025-06-08
92,913,35,Sports,407.75,1,UK,2025-09-24
93,826,44,Beauty,322.13,3,Canada,2025-08-07
94,401,65,Sports,71.47,3,Germany,2025-01-18
95,133,10,Beauty,308.46,1,Germany,2025-02-22
96,624,63,Books,89.27,3,Germany,2025-01-05
97,1667,49,Beauty,211.22,1,Germany,2025-12-14
98,414,77,Toys,163.32,3,Germany,2025-01-08
99,1751,17,Books,465.37,5,Israel,2025-10-23
100,1644,5,Sports,392.65,4,UK,2025-03-06
101,1545,29,Toys,427.54,1,Japan,2025-04-04
102,600,24,Beauty,193.7,2,Israel,2025-04-20
103,1233,58,Beauty,413.85,4,USA,2025-03-15
104,1247,36,Gaming,197.3,2,France,2025-03-04
105,1793,16,Home,256.49,2,Israel,2025-10-04
106,1508,4,Gaming,169.26,5,Israel,2025-09-13
107,703,30,Sports,442.56,4,Israel,2025-02-05
108,651,17,Books,135.4,2,Australia,2025-11-04
109,1243,43,Books,349.19,3,UK,2025-12-14
110,578,69,Sports,289.72,3,France,2025-03-17
111,1427,23,Home,225.77,2,Canada,2025-03-06
112,157,47,Books,81.49,1,USA,2025-03-22
113,1584,33,Toys,456.8,1,UK,2025-07-02
114,1147,33,Toys,114.07,1,Israel,2025-01-13
115,11,35,Sports,173.86,5,Germany,2025-01-22
116,186,70,Books,486.22,3,UK,2025-07-13
117,34,8,Gaming,191.57,5,Israel,2025-01-03
118,675,80,Beauty,189.8,4,France,2025-11-08
119,1345,78,Clothing,498.54,5,Australia,2025-11-12
120,819,15,Books,109.83,3,Australia,2025-10-24
121,31,71,Clothing,-64.0,5,Canada,2025-08-07
122,122,72,Electronics,132.29,2,Canada,2025-04-13
123,808,22,Home,229.5,5,UK,2025-04-19
124,1669,20,Home,282.21,1,Canada,2025-02-19
125,392,61,Sports,355.02,4,USA,2025-06-10
126,1467,1,Sports,117.04,4,Germany,2025-03-23
127,461,6,Toys,306.7,1,UK,2025-07-20
128,339,16,Home,497.78,3,Israel,2025-10-21
129,1071,31,Clothing,253.43,1,Canada,2025-03-26
130,58,31,Clothing,38.58,4,USA,2025-03-21
131,90,39,Clothing,301.89,3,Japan,2025-07-25
132,1470,39,Clothing,471.36,3,USA,2025-04-17
133,334,30,Sports,279.35,1,Israel,2025-04-16
134,1669,15,Books,251.02,3,USA,2025-02-05
135,53,73,Electronics,259.8,3,UK,2025-10-16
136,763,48,Books,147.29,2,UK,2025-10-06
137,701,64,Beauty,318.45,4,Israel,2025-04-23
138,218,53,Sports,88.59,4,Germany,2025-01-09
139,1126,22,Home,72.22,1,Japan,2025-07-10
140,674,63,Books,113.88,2,Canada,2025-02-13
141,1479,36,Gaming,106.64,1,Japan,2025-01-16
142,1144,66,Clothing,40.34,4,Japan,2025-08-25
143,1433,50,Clothing,456.76,5,UK,2025-05-12
144,1052,15,Books,112.92,4,Japan,2025-02-17
145,1638,36,Gaming,22.64,1,Germany,2025-09-13
146,323,31,Clothing,140.31,1,Japan,2025-08-20
147,939,44,Beauty,138.08,3,France,2025-05-05
148,1939,72,Electronics,309.84,5,Canada,2025-11-22
149,1017,33,Toys,294.52,4,UK,2025-07-15
150,558,47,Books,419.78,3,France,2025-08-28
151,1482,60,Gaming,458.17,2,Japan,2025-08-12
152,86,42,Beauty,53.87,3,Japan,2025-01-12
153,1247,58,Beauty,143.04,2,UK,2025-06-04
154,1599,80,Beauty,417.0,2,Japan,2025-01-05
155,1704,66,Clothing,443.25,1,Israel,2025-02-04
156,1476,31,Clothing,98.96,4,Germany,2025-06-20
157,1483,5,Sports,319.92,3,Canada,2025-01-09
158,640,26,Gaming,250.93,4,Israel,2025-05-28
159,1126,61,Sports,45.41,2,Canada,2025-11-02
160,525,44,Beauty,189.65,4,Canada,2025-06-19
161,208,67,Gaming,230.07,3,UK,2025-12-18
162,1994,30,Sports,29.78,0,Germany,2025-04-09
163,1845,58,Beauty,321.84,4,France,2025-06-05
164,765,70,Books,291.1,5,Germany,2025-07-08
165,1549,4,Gaming,329.44,1,Israel,2025-02-14
166,252,26,Gaming,101.28,4,Australia,2025-06-10
167,11,59,Home,318.96,2,UK,2025-07-16
168,1425,67,Gaming,136.11,5,Israel,2025-03-09
169,857,63,Books,386.29,1,UK,2025-02-03
170,1245,62,Toys,81.2,4,Germany,2025-07-18
171,1490,33,Toys,221.19,3,Canada,2025-06-03
172,500,29,Toys,69.45,1,France,2025-08-08
173,1700,42,Beauty,220.01,5,UK,2025-03-17
174,258,6,Toys,309.69,5,Japan,2025-10-14
175,1811,71,Clothing,362.55,4,Canada,2025-07-05
176,61,27,Beauty,108.39,2,Canada,2025-04-19
177,680,33,Toys,303.36,4,France,2025-05-18
178,1238,21,Beauty,157.64,3,UK,2025-10-16
179,469,26,Gaming,332.76,4,Australia,2025-09-26
180,1901,26,Gaming,456.6,5,USA,2025-08-25
181,1478,3,Gaming,173.54,5,France,2025-08-12
182,367,47,Books,94.95,1,Japan,2025-02-19
183,1988,73,Electronics,107.63,3,Canada,2025-08-11
184,1246,23,Home,421.1,3,Germany,2025-03-15
185,1257,47,Books,331.63,3,Canada,2025-01-21
186,1885,58,Beauty,90.09,3,UK,2025-05-01
187,619,21,Beauty,367.02,2,Canada,2025-02-22
188,150,50,Clothing,214.55,3,France,2025-06-24
189,982,70,Books,275.06,3,UK,2025-03-15
190,267,30,Sports,266.11,1,USA,2025-08-09
191,1226,80,Beauty,132.81,3,USA,2025-09-19
192,997,74,Clothing,98.16,5,Canada,2025-04-11
193,1150,78,Clothing,9.76,0,USA,2025-09-13
194,392,59,Home,449.28,1,France,2025-06-16
195,1971,80,Beauty,298.78,2,Japan,2025-10-21
196,339,34,Beauty,218.91,1,UK,2025-04-08
197,1683,10,Beauty,471.83,5,USA,2025-02-23
198,1103,61,Sports,392.72,4,UK,2025-10-01
199,1741,34,Beauty,44.2,4,Canada,2025-07-08
200,573,2,Sports,454.66,4,Germany,2025-10-01
201,994,13,Sports,385.01,2,Israel,2025-12-03
202,472,9,Clothing,72.66,4,Germany,2025-03-25
203,1191,1,Sports,287.77,1,UK,2025-01-16
204,1343,17,Books,495.17,2,Israel,2025-02-05
205,45,69,Sports,271.83,2,UK,2025-07-07
206,3,48,Books,378.29,4,USA,2025-12-18
207,1487,7,Gaming,308.77,4,Germany,2025-02-17
208,1083,38,Clothing,224.67,1,USA,2025-02-04
209,1418,74,Clothing,14.47,3,Japan,2025-09-09
210,1267,30,Sports,188.73,5,Australia,2025-05-04
211,535,10,Beauty,98.91,2,UK,2025-03-18
212,739,50,Clothing,352.73,5,Japan,2025-11-08
213,741,77,Toys,22.17,5,Japan,2025-01-10
214,1061,666,Books,137.48,4,France,2025-01-04
215,1011,18,Beauty,30.86,5,UK,2025-12-13
216,359,79,Sports,226.88,5,UK,2025-02-11
217,1508,73,Electronics,482.59,4,Australia,2025-03-25
218,852,23,Home,212.5,1,Japan,2025-02-15
219,1273,38,Clothing,309.66,3,Japan,2025-10-20
220,1478,5,Sports,13.48,4,Japan,2025-10-06
221,1026,6,Toys,303.69,1,UK,2025-12-01
222,680,26,Gaming,108.57,3,Australia,2025-02-11
223,898,26,Gaming,480.83,3,Australia,2025-04-12
224,1625,80,Beauty,15.65,3,Japan,2025-05-22
225,279,26,Gaming,123.88,3,UK,2025-10-24
226,1051,34,Beauty,419.94,3,Germany,2025-04-25
227,1253,8,Gaming,86.84,2,UK,2025-06-19
228,360,11,Toys,415.01,3,UK,2025-10-13
229,1247,58,Beauty,194.03,5,Israel,2025-02-17
230,705,11,Toys,202.42,5,Israel,2025-02-18
231,1491,9,Clothing,9.7,5,Israel,2025-03-23
232,1477,52,Sports,474.81,2,France,2025-11-13
233,672,56,Gaming,481.31,4,Israel,2025-09-19
234,1018,52,Sports,77.54,3,UK,2025-02-27
235,166,45,Clothing,380.45,1,Canada,2025-12-06
236,1834,60,Gaming,78.39,5,UK,2025-11-12
237,442,60,Gaming,315.02,3,Australia,2025-08-08
238,734,77,Toys,330.4,4,Germany,2025-09-25
239,1589,2,Sports,182.2,2,Israel,2025-09-08
240,783,3,Gaming,270.92,5,Israel,2025-08-08
241,1784,29,Toys,297.97,3,France,2025-03-07
242,190,10,Beauty,24.44,1,Germany,2025-12-15
243,1373,57,Beauty,143.74,5,France,2025-04-12
244,1858,30,Sports,11.4,1,UK,2025-03-12
245,1244,70,Books,248.44,4,Israel,2025-11-03
246,393,47,Books,108.02,1,Australia,2025-01-11
247,57,54,Gaming,365.82,4,Germany,2025-10-06
248,1245,50,Clothing,49.4,5,Germany,2025-08-24
249,1462,20,Home,337.85,2,Canada,2025-02-14
250,1700,36,Gaming,163.67,4,France,2025-08-28
251,763,78,Clothing,242.98,2,Japan,2025-03-22
252,1363,8,Gaming,78.69,4,France,2025-09-12
253,1726,68,Home,118.03,4,Japan,2025-07-15
254,496,16,Home,259.0,1,Israel,2025-08-26
255,1943,361,Sports,233.67,3,Australia,2025-03-06
256,178,51,Clothing,140.94,3,Israel,2025-01-01
257,934,53,Sports,487.25,1,UK,2025-07-12
258,610,40,Clothing,175.48,4,UK,2025-07-15
259,1778,15,Books,376.04,4,Germany,2025-12-16
260,1532,67,Gaming,5.61,5,USA,2025-05-19
261,1623,24,Beauty,74.79,5,Canada,2025-06-02
262,857,64,Beauty,60.1,4,Australia,2025-07-05
263,1982,9,Clothing,336.94,4,Canada,2025-02-18
264,1127,53,Sports,138.5,2,France,2025-07-16
265,1047,60,Gaming,341.59,3,Germany,2025-11-28
266,775,6,Toys,353.72,3,Germany,2025-09-25
267,1905,58,Beauty,101.81,3,UK,2025-07-07
268,896,5,Sports,300.44,3,Australia,2025-08-16
269,539,66,Clothing,394.55,5,USA,2025-03-22
270,482,20,Home,491.1,3,UK,2025-08-28
271,1971,38,Clothing,132.04,4,Germany,2025-09-05
272,1606,72,Electronics,391.75,5,France,2025-03-20
273,220,51,Clothing,28.32,2,Germany,2025-06-26
274,128,11,Toys,213.82,4,Australia,2025-10-16
275,1822,45,Clothing,43.23,4,Canada,2025-12-07
276,55,30,Sports,28.73,5,UK,2025-10-27
277,1317,53,Sports,423.09,2,France,2025-06-12
278,988,9,Clothing,195.46,2,Israel,2025-08-27
279,557,56,Gaming,162.59,2,Canada,2025-03-15
280,535,16,Home,329.66,5,Israel,2025-10-14
281,1252,52,Sports,303.45,2,UK,2025-05-04
282,1632,4,Gaming,78.78,3,France,2025-07-19
283,814,57,Beauty,222.98,4,France,2025-11-19
284,970,35,Sports,334.49,3,Germany,2025-06-25
285,1542,25,Electronics,238.77,2,Germany,2025-02-16
286,1659,28,Clothing,244.43,1,Japan,2025-03-13
287,401,78,Clothing,228.34,4,Canada,2025-05-17
288,118,35,Sports,199.09,2,Germany,2025-08-15
289,205,70,Books,190.62,5,Japan,2025-08-24
290,1498,61,Sports,46.81,5,France,2025-08-03
291,711,29,Toys,107.48,1,Israel,2025-04-28
292,756,56,Gaming,497.82,2,Japan,2025-06-26
293,1148,39,Clothing,248.08,2,USA,2025-01-03
294,1344,26,Gaming,252.73,3,Australia,2025-08-24
295,998,72,Electronics,92.75,2,Israel,2025-05-26
296,1806,35,Sports,478.52,5,Canada,2025-05-26
297,167,19,Books,420.95,5,Australia,2025-04-21
298,1472,18,Beauty,123.21,4,Germany,2025-09-28
299,66,75,Sports,363.35,3,UK,2025-01-18
300,608,65,Sports,38.44,3,Japan,2025-01-16
301,1909,56,Gaming,267.5,4,Germany,2025-08-12
302,639,46,Gaming,348.67,1,Canada,2025-09-26
303,355,9,Clothing,351.18,5,Japan,2025-01-01
304,761,39,Clothing,28.9,4,Canada,2025-10-16
305,1407,66,Clothing,63.74,2,Canada,2025-05-13
306,436,48,Books,44.94,2,Germany,2025-04-12
307,899,2,Sports,229.87,2,Australia,2025-05-07
308,24,67,Gaming,196.51,2,USA,2025-09-01
309,431,36,Gaming,178.83,1,Australia,2025-05-02
310,729,53,Sports,62.16,4,Germany,2025-03-07
311,1550,63,Books,15.65,4,Israel,2025-11-04
312,528,33,Toys,156.52,4,Australia,2025-04-22
313,1779,44,Beauty,275.13,1,Australia,2025-01-15
314,1657,3,Gaming,140.78,4,France,2025-08-09
315,898,4,Gaming,349.27,4,Canada,2025-12-01
316,1286,36,Gaming,301.88,3,France,2025-01-13
317,170,35,Sports,428.88,4,Germany,2025-07-03
318,1521,44,Beauty,276.56,4,UK,2025-04-12
319,990,44,Beauty,470.42,3,Canada,2025-12-02
320,1248,8,Gaming,430.93,3,Japan,2025-07-25
321,275,74,Clothing,274.64,5,Germany,2025-06-01
322,1617,57,Beauty,204.05,4,UK,2025-11-22
323,389,48,Books,63.01,1,Japan,2025-09-11
324,22,22,Home,136.27,2,UK,2025-03-25
325,483,30,Sports,270.51,4,Germany,2025-10-05
326,1866,63,Books,43.99,3,Japan,2025-02-04
327,538,32,Gaming,128.8,1,USA,2025-03-14
328,1298,47,Books,169.37,5,Canada,2025-12-16
329,93,4,Gaming,225.23,3,Japan,2025-03-18
330,352,13,Sports,465.19,3,France,2025-08-05
331,194,72,Electronics,not-a-price,2,Japan,2025-03-13
332,575,74,Clothing,216.44,2,France,2025-10-14
333,541,57,Beauty,397.44,2,UK,2025-03-21
334,763,34,Beauty,382.29,1,Germany,2025-05-04
335,1484,6,Toys,303.44,3,USA,2025-08-13
336,1259,76,Clothing,139.35,1,UK,2025-04-10
337,243,14,Clothing,499.35,3,USA,2025-05-19
338,1900,46,Gaming,160.66,1,France,2025-03-25
339,1307,3,Gaming,293.78,2,Japan,2025-09-20
340,1107,70,Books,368.0,1,UK,2025-12-16
341,1017,74,Clothing,483.8,2,UK,2025-11-07
342,284,77,Toys,247.18,5,Israel,2025-10-25
343,1519,77,Toys,478.46,4,USA,2025-05-19
344,448,13,Sports,446.06,3,UK,2025-01-08
345,63,42,Beauty,396.42,2,France,2025-03-23
346,978,40,Clothing,8.5,5,Japan,2025-06-21
347,875,9,Clothing,47.61,2,Germany,2025-11-01
348,1446,24,Beauty,40.91,2,Canada,2025-01-24
349,1867,44,Beauty,393.99,3,USA,2025-12-18
350,1503,69,Sports,211.49,5,UK,2025-07-02
351,91,16,Home,410.34,4,Israel,2025-11-18
352,1875,18,Beauty,185.76,5,UK,2025-11-16
353,1184,1,Sports,25.15,3,Japan,2025-02-19
354,29,49,Beauty,66.87,2,Australia,2025-05-01
355,1848,74,Clothing,221.24,3,UK,2025-01-24
356,174,6,Toys,447.65,3,Australia,2025-04-28
357,635,74,Clothing,143.61,2,Canada,2025-11-28
358,1280,24,Beauty,412.13,5,France,2025-05-16
359,753,50,Clothing,28.51,5,USA,2025-12-13
360,184,3,Gaming,485.72,3,Israel,2025-12-03
361,1376,28,Clothing,301.56,1,UK,2025-09-04
362,728,25,Electronics,327.56,4,UK,2025-04-02
363,1858,6,Toys,152.32,3,USA,2025-09-14
364,1198,7,Gaming,367.7,3,Australia,2025-12-16
365,641,61,Sports,131.66,1,Japan,2025-01-05
366,1340,21,Beauty,467.28,3,Canada,2025-05-14
367,1839,37,Gaming,21.27,1,Japan,2025-12-21
368,1124,5,Sports,328.59,3,UK,2025-04-03
369,1543,38,Clothing,22.26,4,USA,2025-07-22
370,351,30,Sports,181.64,5,Israel,2025-11-28
371,1033,1,Sports,205.46,3,Israel,2025-07-28
372,1035,49,Beauty,437.9,2,Australia,2025-04-08
373,422,17,Books,231.22,3,Israel,2025-12-02
374,95,41,Clothing,404.05,4,USA,2025-01-26
375,1224,77,Toys,225.53,1,Canada,2025-07-27
376,572,64,Beauty,376.84,4,Canada,2025-08-07
377,940,42,Beauty,4.83,4,USA,2025-06-14
378,561,13,Sports,471.2,4,France,2025-08-28
379,1119,30,Sports,339.87,2,Australia,2025-08-01
380,1658,27,Beauty,213.76,5,Australia,2025-05-17
381,178,31,Clothing,268.96,2,Israel,2025-08-02
382,1334,68,Home,351.55,5,Japan,2025-01-24
383,795,75,Sports,23.83,5,Australia,2025-10-23
384,1683,11,Toys,212.75,1,Israel,2025-06-09
385,297,33,Toys,68.73,3,Australia,2025-12-17
386,1272,7,Gaming,350.62,4,Germany,2025-10-25
387,1652,78,Clothing,135.55,4,USA,2025-08-27
388,943,11,Toys,299.63,5,Australia,2025-06-11
389,1838,51,Clothing,47.55,4,France,2025-02-20
390,637,19,Books,100.71,5,UK,2025-07-08
391,506,34,Beauty,430.8,4,France,2025-06-14
392,1151,10,Beauty,355.52,4,France,2025-03-12
393,391,7,Gaming,47.26,1,Australia,2025-12-18
394,1634,72,Electronics,100.97,5,Canada,2025-02-18
395,1864,68,Home,22.58,3,Japan,2025-04-14
396,575,8,Gaming,13.89,5,Israel,2025-06-10
397,1347,54,Gaming,183.96,3,Canada,2025-02-10
398,1024,54,Gaming,255.97,4,Australia,2025-09-03
399,868,4,Gaming,191.22,1,Japan,2025-06-28
400,1588,38,Clothing,83.59,3,Japan,2025-07-20
401,189,39,Clothing,177.71,1,Israel,2025-09-23
402,75,16,Home,208.11,3,USA,2025-01-14
403,700,51,Clothing,90.06,5,Israel,2025-11-19
404,686,72,Electronics,142.38,4,France,2025-11-16
405,681,20,Home,170.99,5,France,2025-10-22
406,29,59,Home,341.48,2,Australia,2025-10-10
407,1466,68,Home,292.37,5,UK,2025-04-18
408,694,52,Sports,178.44,2,USA,2025-01-16
409,1220,26,Gaming,333.69,4,Australia,2025-05-07
410,415,77,Toys,113.5,2,Japan,2025-11-17
411,960,13,Sports,460.82,5,Germany,2025-12-21
412,688,2,Sports,497.95,4,Japan,2025-11-01
413,1176,7,Gaming,174.59,2,Japan,2025-11-21
414,480,48,Books,327.58,1,Israel,2025-05-16
415,524,5,Sports,480.24,5,USA,2025-03-13
416,666,44,Beauty,370.21,1,USA,2025-01-18
417,341,75,Sports,183.48,4,Australia,2025-06-16
418,1851,62,Toys,171.86,4,France,2025-04-17
419,1557,69,Sports,356.7,1,Germany,2025-01-02
420,1258,12,Clothing,92.68,2,Germany,2025-06-18
421,1625,9,Clothing,96.79,0,Israel,2025-09-06
422,1372,21,Beauty,331.13,5,France,2025-11-27
423,685,75,Sports,259.53,4,UK,2025-03-11
424,1756,68,Home,353.58,5,Germany,2025-08-27
425,868,24,Beauty,377.53,5,France,2025-10-01
426,506,60,Gaming,266.67,2,Canada,2025-01-09
427,100,27,Beauty,331.55,2,France,2025-06-17
428,1306,33,Toys,196.09,5,Australia,2025-09-20
429,34,4,Gaming,483.76,4,Japan,2025-09-09
430,162,9,Clothing,122.07,2,UK,2025-07-07
431,1754,72,Electronics,152.86,5,Japan,2025-07-25
432,696,57,Beauty,140.83,5,UK,2025-06-26
433,1750,38,Clothing,334.61,5,USA,2025-01-03
434,506,46,Gaming,242.35,3,France,2025-10-23
435,650,19,Books,417.13,1,UK,2025-02-13
436,967,26,Gaming,315.74,5,Australia,2025-06-17
437,1627,66,Clothing,402.43,4,France,2025-05-27
438,555,8,Gaming,69.12,2,UK,2025-12-10
439,1342,4,Gaming,489.27,3,Japan,2025-01-15
440,1817,61,Sports,310.01,3,Australia,2025-01-27
441,1405,23,Home,370.27,1,Germany,2025-10-06
442,1026,29,Toys,264.17,1,Canada,2025-05-22
443,981,77,Toys,391.69,2,Germany,2025-09-11
444,1778,39,Clothing,367.08,2,Israel,2025-03-21
445,268,28,Clothing,377.38,4,Israel,2025-04-09
446,59,62,Toys,37.3,3,Japan,2025-03-05
447,1662,77,Toys,88.79,4,Japan,2025-09-21
448,1002,53,Sports,62.89,1,France,2025-04-02
449,423,35,Sports,495.4,2,Canada,2025-01-01
450,37,6,Toys,257.34,1,Israel,2025-10-17
451,700,10,Beauty,81.52,2,UK,2025-01-24
452,1143,47,Books,460.96,3,USA,2025-05-05
453,899,57,Beauty,115.48,2,UK,2025-04-13
454,403,25,Electronics,125.65,1,Japan,2025-04-24
455,33,22,Home,294.01,5,Germany,2025-12-27
456,453,22,Home,429.43,2,Germany,2025-10-21
457,611,4,Gaming,449.29,4,Canada,2025-11-07
458,1527,70,Books,436.38,3,Japan,2025-06-07
459,1301,59,Home,442.55,3,France,2025-02-04
460,159,6,Toys,313.01,1,France,2025-01-04
461,575,67,Gaming,414.18,5,Japan,2025-02-21
462,374,69,Sports,435.83,1,Australia,2025-09-08
463,239,78,Clothing,74.6,4,Israel,2025-10-17
464,660,19,Books,148.8,3,Germany,2025-09-18
465,1952,17,Books,182.04,2,UK,2025-01-07
466,1977,56,Gaming,319.84,3,Canada,2025-01-21
467,1896,63,Books,209.78,2,USA,2025-12-01
468,741,47,Books,407.95,5,Canada,2025-12-25
469,367,18,Beauty,296.66,2,Australia,2025-08-23
470,312,45,Clothing,167.82,5,Japan,2025-12-20
471,1932,38,Clothing,50.44,2,Canada,2025-04-13
472,20,34,Beauty,495.55,1,USA,2025-11-04
473,955,68,Home,320.92,3,Australia,2025-10-10
474,1310,42,Beauty,441.51,3,USA,2025-04-27
475,794,23,Home,476.13,1,UK,2025-04-21
476,596,48,Books,336.63,1,Israel,2025-05-13
477,433,15,Books,80.76,5,Japan,2025-09-02
478,1961,32,Gaming,192.75,2,USA,2025-08-27
479,1376,63,Books,137.68,4,USA,2025-02-18
480,1901,7,Gaming,402.76,1,Israel,2025-07-17
481,579,36,Gaming,205.33,2,USA,2025-12-12
482,840,40,Clothing,241.75,3,Canada,2025-07-14
483,1090,68,Home,220.9,1,USA,2025-11-19
484,278,14,Clothing,420.54,5,UK,2025-01-28
485,36,65,Sports,294.56,2,USA,2025-05-01
486,1885,25,Electronics,403.38,5,Japan,2025-04-27
487,1458,25,Electronics,98.21,1,UK,2025-04-26
488,1434,54,Gaming,284.6,5,France,2025-12-08
489,936,27,Beauty,182.31,2,Israel,2025-10-14
490,266,31,Clothing,218.53,5,USA,2025-10-22
491,358,71,Clothing,364.14,1,Australia,2025-01-22
492,485,27,Beauty,388.4,1,Japan,2025-05-05
493,326,34,Beauty,448.01,3,France,2025-12-22
494,294,36,Gaming,233.76,3,Israel,2025-09-27
495,1031,68,Home,421.25,2,Germany,2025-04-04
496,1382,4,Gaming,151.89,2,Israel,2025-08-27
497,1495,64,Beauty,8.78,5,Canada,2025-02-04
498,871,10,Beauty,75.39,1,Australia,2025-11-05
499,1854,31,Clothing,115.48,5,UK,2025-02-11
500,445,78,Clothing,470.8,2,Israel,2025-02-28
501,1254,41,Clothing,298.17,3,Japan,2025-06-23
502,1095,63,Books,385.02,5,Israel,2025-04-01
503,1254,17,Books,93.02,5,France,2025-10-06
504,716,37,Gaming,193.37,4,Japan,2025-01-01
505,1119,44,Beauty,301.85,5,Israel,2025-08-08
506,97,23,Home,197.35,1,USA,2025-05-10
507,559,62,Toys,449.41,3,Canada,2025-07-02
508,1975,43,Books,424.0,1,Canada,2025-03-18
509,1681,16,Home,381.78,5,Israel,2025-12-19
510,114,37,Gaming,426.35,5,USA,2025-08-11
511,1239,49,Beauty,409.81,2,Israel,2025-02-02
512,37,30,Sports,144.93,2,Canada,2025-11-16
513,1166,72,Electronics,130.99,2,Germany,2025-04-04
514,250,66,Clothing,437.62,1,Israel,2025-02-14
515,2000,51,Clothing,222.05,4,UK,2025-05-21
516,1310,38,Clothing,102.54,1,Japan,2025-10-08
517,1400,79,Sports,211.23,5,Japan,2025-03-10
518,90,36,Gaming,38.71,1,Israel,2025-03-13
519,1230,68,Home,162.78,1,Israel,2025-12-28
520,1517,19,Books,379.97,5,Australia,2025-10-03
521,995,12,Clothing,437.84,1,Canada,2025-03-23
522,1493,56,Gaming,302.4,2,Israel,2025-01-20
523,1463,48,Books,10.65,3,Australia,2025-07-23
524,1789,67,Gaming,335.05,4,Israel,2025-10-01
525,887,14,Clothing,139.27,2,Australia,2025-11-28
526,1665,23,Home,316.69,5,USA,2025-01-04
527,275,75,Sports,82.39,3,UK,2025-06-10
528,621,26,Gaming,294.47,1,France,2025-04-04
529,700,16,Home,139.97,2,UK,2025-10-23
530,773,52,Sports,255.3,2,France,2025-07-28
531,540,68,Home,438.67,2,Australia,2025-12-17
532,1806,71,Clothing,487.63,2,Germany,2025-01-08
533,398,7,Gaming,48.89,5,Australia,2025-01-04
534,1034,28,Clothing,171.63,2,France,2025-10-07
535,1357,5,Sports,124.29,3,Australia,2025-08-22
536,1921,5,Sports,163.84,3,UK,2025-12-13
537,1177,46,Gaming,342.87,2,Australia,2025-08-11
538,651,36,Gaming,494.17,3,Israel,2025-01-06
539,1988,17,Books,337.06,5,Japan,2025-06-19
540,827,71,Clothing,201.45,4,Japan,2025-07-06
541,1227,16,Home,125.37,1,Australia,2025-01-02
542,1895,78,Clothing,468.92,3,Japan,2025-03-25
543,1137,52,Sports,249.03,4,Israel,2025-10-18
544,1394,75,Sports,298.14,2,Germany,2025-03-07
545,1926,14,Clothing,272.95,1,USA,2025-02-17
546,235,36,Gaming,165.28,5,France,2025-12-23
547,470,71,Clothing,217.02,4,Israel,2025-10-14
548,31,7,Gaming,441.67,5,Germany,2025-03-24
549,301,20,Home,110.24,3,France,2025-07-24
550,1354,43,Books,214.11,1,Israel,2025-12-12
551,1815,24,Beauty,3.92,4,Australia,2025-08-18
552,748,63,Books,429.57,1,France,2025-05-17
553,532,8,Gaming,106.41,5,Germany,2025-06-24
554,807,16,Home,104.18,4,Japan,2025-10-20
555,233,53,Sports,187.45,1,Israel,2025-06-19
556,1750,28,Clothing,116.75,2,USA,2025-08-10
557,210,74,Clothing,48.75,4,UK,2025-09-19
558,1143,14,Clothing,165.18,1,Canada,2025-06-23
559,1348,50,Clothing,324.03,2,UK,2025-12-07
560,1513,5,Sports,394.3,2,France,2025-04-21
561,32,68,Home,45.13,4,UK,2025-10-26
562,1585,22,Home,341.69,1,Israel,2025-06-04
563,1570,46,Gaming,37.81,4,France,2025-09-06
564,200,42,Beauty,121.58,1,USA,2025-01-24
565,1401,43,Books,178.16,5,UK,2025-02-15
566,208,68,Home,431.18,4,Germany,2025-10-24
567,911,18,Beauty,115.87,2,UK,2025-05-28
568,851,67,Gaming,301.86,4,Israel,2025-03-18
569,185,43,Books,86.1,2,Japan,2025-09-15
570,637,16,Home,204.88,5,Germany,2025-08-18
571,25,33,Toys,350.19,1,UK,2025-04-14
572,448,5,Sports,335.3,4,Japan,2025-10-07
573,575,31,Clothing,223.86,3,Germany,2025-03-22
574,550,75,Sports,199.01,4,Australia,2025-04-13
575,960,40,Clothing,272.55,2,USA,2025-05-09
576,1493,45,Clothing,6.79,2,Canada,2025-11-26
577,445,23,Home,64.9,1,Canada,2025-02-27
578,427,61,Sports,484.88,5,Japan,2025-04-03
579,1044,79,Sports,135.72,4,USA,2025-11-07
580,986,3,Gaming,179.5,1,Japan,2025-05-27
581,229,47,Books,491.05,1,Germany,2025-01-23
582,462,29,Toys,370.14,3,Canada,2025-12-18
583,1515,69,Sports,448.37,3,Canada,2025-11-22
584,137,55,Home,317.3,1,Australia,2025-01-01
585,923,30,Sports,178.29,4,Japan,2025-06-27
586,736,72,Electronics,282.0,1,USA,2025-06-22
587,1754,39,Clothing,88.6,2,USA,2025-08-22
588,1375,39,Clothing,493.34,1,Australia,2025-06-19
589,1623,36,Gaming,278.69,2,Australia,2025-04-27
590,8,40,Clothing,33.49,2,Japan,2025-11-16
591,1768,26,Gaming,492.93,4,Canada,2025-09-27
592,794,22,Home,17.06,2,Australia,2025-05-18
593,162,58,Beauty,319.03,3,France,2025-09-23
594,1533,15,Books,225.47,2,Australia,2025-08-03
595,49,76,Clothing,216.53,4,Israel,2025-06-02
596,1115,70,Books,115.61,5,Japan,2025-05-27
597,1861,53,Sports,244.84,2,Japan,2025-04-27
598,1784,41,Clothing,280.71,4,Japan,2025-09-10
599,1966,55,Home,106.53,5,Canada,2025-10-07
600,1939,79,Sports,366.37,3,USA,2025-11-12
601,415,35,Sports,174.27,4,Japan,2025-12-20
602,965,76,Clothing,436.75,4,France,2025-01-23
603,1055,13,Sports,192.18,4,Israel,2025-05-21
604,1719,5,Sports,149.87,1,Australia,2025-03-08
605,238,12,Clothing,8.52,4,Australia,2025-07-23
606,1777,59,Home,52.74,5,France,2025-12-27
607,1666,60,Gaming,383.26,5,Israel,2025-12-27
608,1773,53,Sports,430.42,5,USA,2025-01-25
609,1666,2,Sports,167.35,5,France,2025-07-07
610,171,14,Clothing,193.2,3,Japan,2025-11-20
611,59,75,Sports,415.95,2,UK,2025-08-18
612,1278,39,Clothing,71.29,4,Germany,2025-12-03
613,1871,65,Sports,361.89,1,Germany,2025-12-11
614,772,11,Toys,268.22,3,Germany,2025-11-01
615,1276,75,Sports,55.09,3,Australia,2025-02-02
616,883,78,Clothing,140.22,2,Canada,2025-10-04
617,1481,63,Books,453.71,1,USA,2025-07-02
618,1168,48,Books,385.62,3,Japan,2025-01-27
619,251,22,Home,408.32,2,UK,2025-01-20
620,1066,35,Sports,397.56,3,UK,2025-05-04
621,1639,76,Clothing,130.24,4,Germany,2025-04-17
622,1476,54,Gaming,174.22,5,UK,2025-06-15
623,81,3,Gaming,332.82,5,Australia,2025-06-03
624,993,13,Sports,172.67,4,USA,2025-03-15
625,354,67,Gaming,296.33,1,Germany,2025-05-05
626,440,63,Books,7.92,1,Canada,2025-12-12
627,311,15,Books,256.48,1,France,2025-02-17
628,1655,28,Clothing,324.21,5,Germany,2025-10-11
629,340,6,Toys,297.18,1,Israel,2025-12-11
630,660,72,Electronics,423.38,2,Japan,2025-07-07
631,1849,21,Beauty,428.8,3,Japan,2025-03-20
632,1631,56,Gaming,335.61,1,USA,2025-04-13
633,524,54,Gaming,270.84,2,Canada,2025-08-26
634,277,8,Gaming,496.94,5,Germany,2025-05-22
635,1780,6,Toys,485.88,2,Israel,2025-07-19
636,510,22,Home,306.24,1,Japan,2025-04-05
637,294,8,Gaming,192.88,5,USA,2025-08-01
638,375,79,Sports,61.34,4,UK,2025-02-04
639,1977,65,Sports,401.71,4,Canada,2025-06-19
640,1130,51,Clothing,264.85,2,UK,2025-03-12
641,85,48,Books,394.21,2,Israel,2025-02-23
642,313,71,Clothing,428.18,2,Japan,2025-08-28
643,1897,76,Clothing,343.11,5,France,2025-04-17
644,1290,22,Home,231.69,3,France,2025-11-27
645,123,10,Beauty,109.42,3,Australia,2025-05-20
646,1134,69,Sports,182.12,2,USA,2025-08-19
647,745,41,Clothing,144.77,2,USA,2025-01-16
648,1466,66,Clothing,376.71,2,USA,2025-03-27
649,668,75,Sports,369.8,4,Germany,2025-07-19
650,807,40,Clothing,123.96,2,Germany,2025-02-05
651,125,50,Clothing,90.16,5,UK,2025-02-17
652,975,577,Toys,356.25,4,Australia,2025-05-15
653,314,64,Beauty,26.18,1,USA,2025-04-25
654,1177,76,Clothing,158.36,3,USA,2025-12-16
655,614,14,Clothing,321.68,2,Germany,2025-09-26
656,868,28,Clothing,130.53,1,Canada,2025-08-25
657,725,48,Books,333.53,3,Japan,2025-04-03
658,1694,34,Beauty,177.02,2,Canada,2025-11-23
659,925,70,Books,116.51,2,France,2025-03-22
660,1098,76,Clothing,456.37,3,USA,2025-11-25
661,1066,69,Sports,478.43,3,Australia,2025-09-18
662,1031,4,Gaming,10.47,3,USA,2025-10-25
663,987,16,Home,3.52,1,Australia,2025-04-07
664,1885,9,Clothing,381.42,3,Germany,2025-06-01
665,236,62,Toys,218.85,5,Canada,2025-09-22
666,1285,76,Clothing,219.71,2,Japan,2025-03-04
667,1568,42,Beauty,437.73,2,Germany,2025-04-23
668,804,7,Gaming,216.11,5,UK,2025-06-23
669,1706,25,Electronics,87.56,4,Germany,2025-08-13
670,1602,56,Gaming,23.82,1,Australia,2025-06-28
671,1177,68,Home,290.27,5,UK,2025-04-08
672,1053,60,Gaming,164.78,3,Japan,2025-11-23
673,1341,6,Toys,135.56,4,USA,2025-01-14
674,389,71,Clothing,157.17,2,France,2025-10-10
675,490,32,Gaming,435.32,5,Canada,2025-11-08
676,468,48,Books,298.63,2,Germany,2025-04-11
677,407,57,Beauty,176.12,4,France,2025-07-20
678,1644,74,Clothing,211.08,1,UK,2025-11-23
679,1652,34,Beauty,452.53,1,USA,2025-02-10
680,1739,47,Books,454.49,5,France,2025-10-22
681,422,70,Books,465.98,2,UK,2025-01-15
682,1343,6,Toys,443.17,4,Australia,2025-05-09
683,607,63,Books,60.92,1,France,2025-06-02
684,1187,67,Gaming,66.68,2,France,2025-10-13
685,686,36,Gaming,411.44,1,Canada,2025-03-10
686,243,14,Clothing,225.91,2,Germany,2025-04-02
687,320,31,Clothing,122.37,1,Japan,2025-07-04
688,1105,76,Clothing,438.43,5,Israel,2025-02-08
689,1250,76,Clothing,224.59,2,Japan,2025-08-15
690,532,75,Sports,257.09,4,France,2025-04-11
691,1908,45,Clothing,189.08,3,France,2025-08-09
692,809,26,Gaming,66.16,3,Germany,2025-12-13
693,715,8,Gaming,31.22,2,USA,2025-04-17
694,425,22,Home,494.34,2,UK,2025-07-18
695,867,3,Gaming,142.82,2,Japan,2025-07-27
696,1271,48,Books,236.67,3,USA,2025-08-03
697,1982,39,Clothing,171.24,3,Israel,2025-06-20
698,868,74,Clothing,383.66,3,France,2025-11-15
699,29,64,Beauty,47.96,2,Israel,2025-08-09
700,400,80,Beauty,431.98,2,UK,2025-03-15
701,954,37,Gaming,406.48,4,Australia,2025-09-11
702,271,4,Gaming,432.52,4,Canada,2025-03-14
703,1408,51,Clothing,324.64,5,USA,2025-07-25
704,981,51,Clothing,318.76,4,France,2025-07-11
705,120,37,Gaming,405.51,5,Australia,2025-03-05
706,639,51,Clothing,478.65,4,France,2025-10-19
707,47,63,Books,310.32,1,Germany,2025-03-03
708,288,63,Books,44.33,5,UK,2025-04-14
709,1465,73,Electronics,250.42,2,France,2025-06-28
710,1108,58,Beauty,107.42,1,Japan,2025-01-16
711,140,55,Home,170.69,1,Israel,2025-07-24
712,772,32,Gaming,15.59,2,UK,2025-10-16
713,922,21,Beauty,279.87,2,France,2025-12-17
714,1687,59,Home,133.03,5,Canada,2025-04-27
715,1087,49,Beauty,3.32,1,Australia,2025-06-12
716,737,49,Beauty,390.45,2,Germany,2025-07-28
717,1554,49,Beauty,355.34,3,USA,2025-04-21
718,938,60,Gaming,344.41,4,Canada,2025-02-16
719,508,68,Home,269.5,4,France,2025-04-27
720,909,34,Beauty,141.17,4,Australia,2025-11-28
721,386,6,Toys,111.34,5,Australia,2025-10-09
722,1851,51,Clothing,299.26,1,Canada,2025-11-18
723,1664,12,Clothing,470.45,1,Australia,2025-09-04
724,795,34,Beauty,247.55,5,Australia,2025-08-18
725,1092,46,Gaming,433.54,5,France,2025-09-18
726,1280,27,Beauty,402.82,3,USA,2025-06-19
727,964,50,Clothing,188.97,3,Israel,2025-06-24
728,935,67,Gaming,393.55,4,France,2025-05-18
729,1981,38,Clothing,303.81,3,UK,2025-11-09
730,1420,47,Books,270.96,3,France,2025-01-11
731,248,70,Books,302.4,5,Canada,2025-03-28
732,200,27,Beauty,361.34,4,USA,2025-05-25
733,1242,60,Gaming,203.9,5,USA,2025-10-08
734,712,11,Toys,448.94,5,Canada,2025-01-04
735,1320,23,Home,302.22,4,Israel,2025-05-26
736,1084,31,Clothing,292.55,4,Germany,2025-03-27
737,1110,18,Beauty,105.19,5,Canada,2025-11-26
738,1290,31,Clothing,3.01,2,France,2025-01-24
739,1370,22,Home,208.84,2,USA,2025-03-19
740,399,71,Clothing,493.44,3,France,2025-04-22
741,1186,75,Sports,24.55,3,UK,2025-07-03
742,769,13,Sports,213.14,3,Germany,2025-10-09
743,1902,72,Electronics,133.06,4,France,2025-11-16
744,1396,62,Toys,62.02,2,USA,2025-10-24
745,1642,75,Sports,344.18,2,Australia,2025-08-05
746,151,24,Beauty,218.72,4,Germany,2025-01-19
747,1468,51,Clothing,1.42,1,UK,2025-08-23
748,1993,49,Beauty,277.5,1,Israel,2025-01-08
749,662,57,Beauty,488.83,3,Israel,2025-02-11
750,1885,5,Sports,311.87,2,France,2025-01-26
751,233,62,Toys,403.69,3,Japan,2025-03-14
752,391,13,Sports,483.87,1,Australia,2025-09-21
753,1462,78,Clothing,145.21,2,Germany,2025-12-10
754,1282,59,Home,360.86,5,Canada,2025-08-17
755,258,67,Gaming,422.39,3,Canada,2025-08-01
756,1439,35,Sports,478.94,2,Germany,2025-08-17
757,341,21,Beauty,27.52,5,Germany,2025-06-18
758,396,36,Gaming,365.84,5,Israel,2025-07-23
759,1550,61,Sports,124.39,4,UK,2025-12-02
760,958,53,Sports,377.06,3,Japan,2025-07-11
761,967,42,Beauty,199.76,5,Canada,2025-02-04
762,348,11,Toys,56.57,5,Israel,2025-09-25
763,256,28,Clothing,222.69,1,France,2025-09-27
764,1274,7,Gaming,379.65,5,UK,2025-02-25
765,522,77,Toys,163.89,4,UK,2025-01-07
766,1869,29,Toys,145.8,2,France,2025-06-18
767,1810,30,Sports,149.48,5,Germany,2025-07-20
768,66,16,Home,459.28,2,Australia,2025-06-14
769,952,14,Clothing,347.35,2,Japan,2025-12-26
770,246,10,Beauty,410.3,5,Germany,2025-09-05
771,43,37,Gaming,475.37,5,Canada,2025-07-24
772,1392,56,Gaming,107.83,5,Canada,2025-05-04
773,930,16,Home,249.18,5,USA,2025-05-28
774,211,35,Sports,122.31,1,Germany,2025-12-01
775,1417,38,Clothing,297.82,5,Australia,2025-03-15
776,858,26,Gaming,19.01,5,France,2025-01-26
777,550,55,Home,301.76,1,UK,2025-09-24
778,783,76,Clothing,66.58,5,France,2025-08-08
779,71,21,Beauty,290.74,3,Israel,2025-06-07
780,1213,49,Beauty,391.06,1,Israel,2025-02-07
781,1226,59,Home,57.55,3,UK,2025-09-08
782,1133,25,Electronics,415.84,5,Australia,2025-03-15
783,408,43,Books,214.52,4,France,2025-06-14
784,16,61,Sports,395.24,3,UK,2025-07-05
785,1630,69,Sports,8.21,3,UK,2025-08-17
786,1098,1,Sports,71.03,2,Australia,2025-07-23
787,921,2,Sports,160.67,2,Japan,2025-11-13
788,422,28,Clothing,not-a-price,5,Israel,2025-02-08
789,399,16,Home,48.5,1,USA,2025-09-12
790,511,22,Home,11.64,2,Canada,2025-08-27
791,1733,27,Beauty,153.35,5,Japan,2025-09-20
792,355,34,Beauty,466.55,5,Canada,2025-10-13
793,1205,49,Beauty,170.67,4,UK,2025-11-02
794,622,28,Clothing,60.69,2,Japan,2025-08-26
795,1186,1,Sports,39.63,2,Japan,2025-08-07
796,260,36,Gaming,113.88,3,USA,2025-07-16
797,1192,15,Books,472.38,2,Israel,2025-04-24
798,1579,56,Gaming,371.58,5,Germany,2025-02-21
799,1529,19,Books,87.38,1,France,2025-06-15
800,711,11,Toys,326.18,4,Canada,2025-06-10
801,967,14,Clothing,459.75,1,Australia,2025-01-02
802,1316,3,Gaming,223.43,4,France,2025-11-23
803,348,72,Electronics,422.66,4,Australia,2025-08-01
804,19,31,Clothing,290.73,3,UK,2025-05-05
805,1574,56,Gaming,300.15,1,France,2025-01-04
806,1788,4,Gaming,455.8,3,Canada,2025-05-24
807,1375,49,Beauty,110.91,2,UK,2025-07-25
808,1027,2,Sports,275.38,1,Japan,2025-02-25
809,89,21,Beauty,496.29,2,France,2025-03-08
810,1622,39,Clothing,47.93,2,USA,2025-04-21
811,1735,24,Beauty,393.45,5,Australia,2025-07-19
812,483,31,Clothing,210.22,1,USA,2025-07-24
813,567,35,Sports,164.98,5,UK,2025-02-02
814,520,70,Books,206.15,1,USA,2025-12-15
815,1693,19,Books,274.99,3,Japan,2025-10-17
816,1346,12,Clothing,404.82,2,Japan,2025-10-21
817,1161,78,Clothing,430.18,2,Israel,2025-11-16
818,23,52,Sports,487.02,3,Australia,2025-05-01
819,937,2,Sports,268.75,2,Germany,2025-09-21
820,1567,56,Gaming,28.69,3,UK,2025-05-22
821,746,9,Clothing,426.2,2,USA,2025-02-08
822,1358,76,Clothing,18.89,4,USA,2025-09-08
823,808,44,Beauty,59.52,5,Australia,2025-11-16
824,1678,29,Toys,60.47,2,Australia,2025-02-07
825,1527,67,Gaming,315.99,1,UK,2025-05-27
826,697,38,Clothing,151.09,2,Germany,2025-04-15
827,1977,6,Toys,454.03,1,Australia,2025-11-11
828,1778,47,Books,436.28,2,Australia,2025-08-02
829,317,3,Gaming,259.75,2,Canada,2025-03-05
830,1667,33,Toys,242.54,2,Australia,2025-04-10
831,841,60,Gaming,451.69,1,USA,2025-02-11
832,1650,74,Clothing,470.03,5,Israel,2025-04-10
833,1103,43,Books,231.66,4,Canada,2025-09-02
834,830,26,Gaming,272.09,5,Japan,2025-09-24
835,252,69,Sports,418.06,4,France,2025-02-10
836,1494,7,Gaming,413.08,5,Japan,2025-04-26
837,303,8,Gaming,103.67,4,UK,2025-12-24
838,1865,3,Gaming,154.87,1,Canada,2025-02-03
839,1189,34,Beauty,343.45,3,Germany,2025-12-11
840,617,40,Clothing,186.77,2,UK,2025-07-17
841,49,64,Beauty,439.38,1,France,2025-08-27
842,1416,28,Clothing,415.19,1,Germany,2025-09-12
843,218,31,Clothing,353.41,3,Germany,2025-02-07
844,1542,39,Clothing,356.64,5,France,2025-02-18
845,1518,34,Beauty,490.07,3,Australia,2025-02-15
846,1442,30,Sports,319.51,2,UK,2025-06-25
847,1106,16,Home,145.88,2,Germany,2025-04-22
848,92,42,Beauty,380.9,3,USA,2025-12-03
849,1708,57,Beauty,421.3,5,Japan,2025-07-18
850,108,10,Beauty,128.37,2,Germany,2025-11-01
851,1785,69,Sports,269.83,1,France,2025-11-06
852,747,33,Toys,477.78,5,UK,2025-06-03
853,88,9,Clothing,400.0,3,France,2025-06-09
854,560,61,Sports,371.36,3,Australia,2025-01-24
855,56,39,Clothing,194.06,5,France,2025-01-11
856,822,54,Gaming,207.66,1,USA,2025-03-17
857,1150,16,Home,238.02,1,Israel,2025-01-05
858,1050,79,Sports,388.05,1,Israel,2025-02-09
859,1247,56,Gaming,373.91,1,France,2025-06-15
860,1153,11,Toys,454.87,2,USA,2025-05-28
861,1421,69,Sports,398.18,5,USA,2025-08-19
862,695,63,Books,372.58,5,Australia,2025-09-09
863,1965,37,Gaming,104.2,3,Canada,2025-06-22
864,291,79,Sports,30.89,4,Germany,2025-06-14
865,325,44,Beauty,297.98,5,Germany,2025-11-18
866,1526,8,Gaming,320.4,3,France,2025-09-27
867,1027,71,Clothing,226.55,5,Australia,2025-04-15
868,515,57,Beauty,473.14,4,USA,2025-04-23
869,138,79,Sports,460.36,1,France,2025-12-21
870,872,46,Gaming,33.84,3,Australia,2025-05-24
871,615,13,Sports,379.0,2,Japan,2025-03-27
872,1372,27,Beauty,465.67,4,USA,2025-04-10
873,1984,6,Toys,241.25,1,Germany,2025-07-24
874,1074,65,Sports,271.89,2,Canada,2025-12-09
875,1260,19,Books,282.27,4,Australia,2025-04-15
876,378,64,Beauty,407.47,4,UK,2025-10-04
877,62,48,Books,494.99,2,Australia,2025-08-26
878,183,56,Gaming,200.28,1,Canada,2025-02-18
879,1052,46,Gaming,197.36,2,Japan,2025-06-18
880,475,46,Gaming,298.43,3,Australia,2025-06-05
881,1885,23,Home,261.33,1,Israel,2025-08-13
882,640,23,Home,471.43,5,France,2025-05-06
883,992,61,Sports,58.26,5,Australia,2025-08-14
884,1632,52,Sports,19.99,4,Australia,2025-04-20
885,1720,15,Books,208.29,4,UK,2025-03-18
886,1077,26,Gaming,148.24,3,Japan,2025-04-06
887,660,41,Clothing,419.08,2,Israel,2025-11-10
888,1484,12,Clothing,459.41,1,France,2025-01-19
889,1179,39,Clothing,328.82,4,UK,2025-02-12
890,883,23,Home,119.89,4,Canada,2025-03-01
891,662,70,Books,279.67,3,Germany,2025-12-22
892,1074,57,Beauty,174.28,1,Japan,2025-12-22
893,662,22,Home,76.97,1,Israel,2025-02-10
894,886,47,Books,331.67,1,UK,2025-09-15
895,1893,47,Books,2.2,3,Canada,2025-01-28
896,1993,26,Gaming,389.58,2,USA,2025-05-19
897,1945,79,Sports,391.32,2,Japan,2025-03-23
898,1485,45,Clothing,371.06,3,France,2025-03-08
899,275,45,Clothing,5.66,1,Australia,2025-01-22
900,1880,37,Gaming,202.97,3,UK,2025-08-08
901,263,61,Sports,327.23,4,Australia,2025-10-20
902,363,5,Sports,381.81,5,France,2025-07-03
903,500,64,Beauty,102.97,1,France,2025-03-15
904,1500,44,Beauty,214.26,3,Canada,2025-10-26
905,756,23,Home,256.71,2,Japan,2025-07-26
906,1250,69,Sports,321.24,4,Germany,2025-06-20
907,431,19,Books,324.14,4,Israel,2025-10-09
908,1935,27,Beauty,163.13,3,France,2025-02-02
909,824,60,Gaming,-8.22,3,Germany,2025-05-07
910,107,71,Clothing,207.77,2,Germany,2025-08-20
911,548,58,Beauty,379.34,3,UK,2025-10-04
912,1877,63,Books,24.67,1,Germany,2025-11-10
913,513,28,Clothing,18.69,4,Israel,2025-05-05
914,351,3,Gaming,387.39,4,Japan,2025-06-10
915,1360,32,Gaming,269.19,2,Japan,2025-01-11
916,860,79,Sports,128.32,4,Canada,2025-01-13
917,1483,74,Clothing,358.89,1,UK,2025-01-12
918,891,61,Sports,208.38,2,UK,2025-06-16
919,1573,44,Beauty,40.8,2,UK,2025-03-27
920,68,63,Books,189.69,1,Germany,2025-06-05
921,1415,47,Books,368.32,4,UK,2025-08-13
922,559,67,Gaming,69.36,0,Israel,2025-06-18
923,1941,6,Toys,247.06,5,UK,2025-05-14
924,873,51,Clothing,347.62,2,France,2025-11-02
925,1629,19,Books,409.84,2,UK,2025-12-17
926,1086,39,Clothing,499.59,2,UK,2025-07-10
927,856,46,Gaming,49.2,3,UK,2025-05-24
928,113,25,Electronics,64.09,3,USA,2025-03-28
929,697,55,Home,351.16,4,Germany,2025-10-15
930,1242,72,Electronics,484.01,5,Israel,2025-02-13
931,1314,51,Clothing,145.05,3,France,2025-04-01
932,974,64,Beauty,23.55,3,Japan,2025-02-16
933,988,7,Gaming,148.85,5,USA,2025-09-13
934,1837,2,Sports,387.49,3,France,2025-09-11
935,1524,4,Gaming,98.6,1,Australia,2025-12-11
936,250,60,Gaming,64.97,2,Japan,2025-12-18
937,113,47,Books,247.59,5,Canada,2025-04-14
938,709,76,Clothing,424.39,5,Germany,2025-01-17
939,544,11,Toys,383.15,5,France,2025-03-10
940,1539,44,Beauty,341.63,3,USA,2025-07-08
941,561,21,Beauty,302.09,1,France,2025-03-27
942,1486,26,Gaming,93.86,3,Australia,2025-08-12
943,843,76,Clothing,63.86,2,Israel,2025-07-12
944,1160,23,Home,66.32,1,Australia,2025-02-27
945,1738,75,Sports,187.56,5,Germany,2025-01-14
946,473,58,Beauty,179.64,3,Germany,2025-06-25
947,682,67,Gaming,424.06,1,Japan,2025-07-25
948,1448,32,Gaming,222.64,2,Japan,2025-02-21
949,589,10,Beauty,246.61,1,Israel,2025-08-13
950,1814,50,Clothing,2.36,4,France,2025-03-06
951,806,9,Clothing,184.7,1,Japan,2025-04-02
952,1495,66,Clothing,1.15,5,Australia,2025-04-26
953,1289,54,Gaming,21.17,3,Canada,2025-08-22
954,444,3,Gaming,309.44,1,Australia,2025-10-01
955,394,48,Books,314.56,2,USA,2025-04-27
956,1627,4,Gaming,447.3,3,USA,2025-04-16
957,450,16,Home,252.44,3,Germany,2025-07-09
958,702,57,Beauty,201.94,5,Japan,2025-02-14
959,610,2,Sports,304.07,4,Australia,2025-07-11
960,1609,38,Clothing,157.22,2,UK,2025-07-09
961,558,31,Clothing,143.28,1,Australia,2025-06-14
962,1748,56,Gaming,188.04,4,UK,2025-01-21
963,411,69,Sports,404.33,2,Germany,2025-12-24
964,1802,33,Toys,99.7,3,Israel,2025-10-09
965,228,22,Home,167.76,2,Israel,2025-10-14
966,762,47,Books,1.37,4,Australia,2025-12-07
967,1831,9,Clothing,464.97,5,Australia,2025-08-17
968,73,26,Gaming,35.04,2,Japan,2025-04-22
969,878,1,Sports,220.68,1,Canada,2025-03-19
970,1434,24,Beauty,50.61,2,Australia,2025-03-16
971,1448,72,Electronics,450.94,2,Israel,2025-10-09
972,1892,63,Books,276.91,5,Germany,2025-07-22
973,630,23,Home,472.88,5,Japan,2025-04-27
974,1618,70,Books,430.01,3,UK,2025-11-27
975,1649,52,Sports,99.02,3,USA,2025-11-19
976,1464,24,Beauty,441.95,3,UK,2025-03-20
977,361,24,Beauty,70.71,2,France,2025-04-03
978,161,69,Sports,202.38,1,France,2025-10-03
979,1626,44,Beauty,420.79,5,Germany,2025-11-14
980,583,55,Home,174.46,4,USA,2025-04-21
981,1064,48,Books,185.02,4,USA,2025-06-17
982,1595,46,Gaming,229.9,2,France,2025-12-09
983,1834,55,Home,424.65,2,Australia,2025-06-12
984,676,56,Gaming,232.09,4,UK,2025-04-06
985,1891,66,Clothing,479.21,3,Israel,2025-10-04
986,1331,16,Home,183.86,1,Australia,2025-02-13
987,1421,55,Home,430.58,1,Germany,2025-12-05
988,1938,33,Toys,223.69,1,Israel,2025-07-28
989,879,77,Toys,192.28,1,UK,2025-01-16
990,861,55,Home,420.6,1,Canada,2025-05-20
991,605,71,Clothing,326.23,1,UK,2025-01-14
992,1738,34,Beauty,184.82,5,Australia,2025-05-23
993,1567,74,Clothing,373.11,1,Australia,2025-08-24
994,4,55,Home,311.07,2,France,2025-11-13
995,1386,29,Toys,392.68,4,France,2025-01-19
996,644,21,Beauty,135.08,3,Israel,2025-07-11
997,908,60,Gaming,261.04,4,Germany,2025-05-09
998,895,17,Books,207.27,2,USA,2025-09-10
999,1988,72,Electronics,62.45,4,France,2025-08-19
1000,1898,79,Sports,191.86,3,Israel,2025-01-19
1001,350,62,Toys,360.7,2,Germany,2025-12-18
1002,731,77,Toys,150.57,1,Australia,2025-05-09
1003,285,34,Beauty,52.44,1,USA,2025-10-05
1004,1866,61,Sports,285.95,1,Canada,2025-01-28
1005,1201,7,Gaming,41.9,3,USA,2025-07-28
1006,821,46,Gaming,61.92,4,USA,2025-01-13
1007,425,47,Books,330.74,4,Israel,2025-04-07
1008,627,39,Clothing,499.2,3,Canada,2025-01-27
1009,1187,9,Clothing,322.62,4,Japan,2025-10-21
1010,831,18,Beauty,90.67,4,Germany,2025-10-16
1011,111,11,Toys,230.29,5,UK,2025-01-28
1012,1316,80,Beauty,45.27,4,Germany,2025-01-05
1013,1235,61,Sports,52.87,5,Japan,2025-11-15
1014,1368,46,Gaming,487.02,3,Japan,2025-02-20
1015,247,79,Sports,307.63,5,Australia,2025-01-22
1016,1538,3,Gaming,409.57,4,Japan,2025-06-20
1017,1697,57,Beauty,318.13,3,UK,2025-06-20
1018,262,37,Gaming,319.18,2,Australia,2025-10-04
1019,28,60,Gaming,218.11,4,Canada,2025-05-14
1020,496,23,Home,226.44,5,Germany,2025-07-01
1021,978,74,Clothing,240.29,3,Japan,2025-01-20
1022,877,1,Sports,65.55,2,Australia,2025-12-02
1023,1129,62,Toys,405.33,1,USA,2025-07-17
1024,966,28,Clothing,451.03,1,Canada,2025-12-13
1025,506,9,Clothing,223.99,4,Canada,2025-01-24
1026,23,56,Gaming,125.56,5,Canada,2025-08-04
1027,846,59,Home,376.33,4,France,2025-10-03
1028,668,44,Beauty,17.26,4,Australia,2025-06-27
1029,1538,41,Clothing,329.75,1,USA,2025-11-02
1030,1964,40,Clothing,19.45,2,Canada,2025-07-16
1031,841,17,Books,140.85,5,Israel,2025-05-14
1032,1118,10,Beauty,169.96,4,France,2025-04-21
1033,1745,23,Home,135.25,3,UK,2025-08-20
1034,1544,27,Beauty,71.3,5,Japan,2025-03-06
1035,222,58,Beauty,140.8,4,Canada,2025-03-13
1036,935,5,Sports,318.43,5,UK,2025-04-12
1037,1220,40,Clothing,316.15,3,Australia,2025-09-28
1038,1561,19,Books,168.04,2,Australia,2025-12-06
1039,1298,11,Toys,101.46,3,Israel,2025-01-02
1040,1944,69,Sports,298.48,4,Japan,2025-10-02
1041,1848,14,Clothing,188.65,2,Canada,2025-02-06
1042,608,30,Sports,215.92,5,Japan,2025-10-28
1043,1465,48,Books,236.14,5,USA,2025-10-05
1044,608,44,Beauty,97.36,4,Israel,2025-06-27
1045,509,35,Sports,65.43,4,Israel,2025-06-03
1046,877,35,Sports,244.7,2,Israel,2025-11-26
1047,573,1,Sports,149.45,2,UK,2025-08-13
1048,1842,22,Home,207.08,2,Israel,2025-06-07
1049,882,75,Sports,91.39,5,Canada,2025-01-02
1050,325,51,Clothing,185.88,3,Japan,2025-05-10
1051,744,47,Books,not-a-price,4,Australia,2025-11-23
1052,1369,21,Beauty,459.5,3,France,2025-10-22
1053,1078,61,Sports,58.2,5,USA,2025-07-17
1054,888,23,Home,115.42,1,UK,2025-09-14
1055,119,42,Beauty,399.9,2,Israel,2025-08-23
1056,1461,3,Gaming,102.64,1,Australia,2025-02-09
1057,1484,64,Beauty,153.46,1,France,2025-08-09
1058,1017,37,Gaming,38.85,5,Canada,2025-08-14
1059,1950,59,Home,115.56,1,Israel,2025-11-25
1060,805,62,Toys,132.84,3,Israel,2025-03-02
1061,1742,71,Clothing,6.66,4,UK,2025-04-16
1062,1620,39,Clothing,110.32,2,Israel,2025-05-28
1063,1395,32,Gaming,68.41,2,Australia,2025-09-22
1064,44,49,Beauty,174.04,2,USA,2025-09-24
1065,635,38,Clothing,442.47,3,Australia,2025-07-26
1066,545,78,Clothing,202.81,5,Australia,2025-05-12
1067,1408,78,Clothing,479.12,5,France,2025-12-24
1068,1864,72,Electronics,200.34,3,Germany,2025-06-21
1069,1240,21,Beauty,76.82,2,Israel,2025-08-13
1070,1941,64,Beauty,264.91,4,Canada,2025-04-25
1071,1320,62,Toys,277.12,3,Canada,2025-10-18
1072,1601,50,Clothing,107.7,2,Japan,2025-05-23
1073,646,11,Toys,133.05,1,France,2025-02-25
1074,1644,69,Sports,404.29,3,Germany,2025-10-09
1075,826,24,Beauty,62.92,3,Germany,2025-03-09
1076,1146,47,Books,76.14,1,USA,2025-08-14
1077,208,20,Home,190.93,5,Germany,2025-01-24
1078,1149,69,Sports,90.2,5,USA,2025-09-16
1079,1548,10,Beauty,483.82,4,UK,2025-04-04
1080,703,17,Books,152.49,2,USA,2025-07-27
1081,489,12,Clothing,133.44,3,Canada,2025-11-11
1082,1689,12,Clothing,472.14,1,Australia,2025-11-16
1083,32,32,Gaming,421.23,4,USA,2025-09-15
1084,1413,76,Clothing,216.67,2,Japan,2025-08-17
1085,194,35,Sports,64.64,5,Canada,2025-04-22
1086,1916,56,Gaming,304.1,3,Germany,2025-03-27
1087,1826,26,Gaming,386.32,5,USA,2025-05-15
1088,1581,71,Clothing,314.07,3,Israel,2025-07-08
1089,1938,73,Electronics,116.41,3,UK,2025-04-07
1090,459,8,Gaming,208.78,2,Japan,2025-09-19
1091,1815,75,Sports,7.48,5,Australia,2025-10-03
1092,65,10,Beauty,233.56,4,UK,2025-05-24
1093,1003,65,Sports,432.5,2,Canada,2025-10-27
1094,1220,76,Clothing,197.43,3,France,2025-08-24
1095,1647,38,Clothing,355.87,1,Japan,2025-07-16
1096,1316,32,Gaming,178.03,3,France,2025-02-10
1097,1867,16,Home,192.08,4,Germany,2025-12-19
1098,336,57,Beauty,260.86,1,Australia,2025-09-05
1099,1507,65,Sports,258.64,1,Japan,2025-05-14
1100,1877,4,Gaming,433.43,4,Australia,2025-01-03
1101,88,76,Clothing,297.52,2,Japan,2025-07-04
1102,499,35,Sports,152.25,1,Germany,2025-11-23
1103,1240,20,Home,13.68,1,Israel,2025-09-04
1104,1436,37,Gaming,67.45,3,Australia,2025-04-03
1105,1298,15,Books,356.0,3,Australia,2025-05-11
1106,1146,2,Sports,77.47,3,France,2025-02-19
1107,1721,41,Clothing,237.33,5,Japan,2025-09-28
1108,1356,52,Sports,385.12,5,USA,2025-10-23
1109,1892,35,Sports,225.42,2,Germany,2025-10-21
1110,427,16,Home,449.4,5,Australia,2025-06-16
1111,1584,58,Beauty,262.26,5,France,2025-04-08
1112,1615,34,Beauty,191.66,5,UK,2025-06-26
1113,851,21,Beauty,310.82,5,France,2025-10-03
1114,1001,71,Clothing,122.91,3,Israel,2025-07-23
1115,1310,39,Clothing,175.9,1,France,2025-05-25
1116,476,4,Gaming,215.81,1,Japan,2025-07-23
1117,589,3,Gaming,372.37,4,Germany,2025-07-19
1118,493,5,Sports,101.85,2,France,2025-07-13
1119,494,63,Books,235.83,3,Japan,2025-05-27
1120,163,49,Beauty,57.29,5,France,2025-08-28
1121,1419,16,Home,388.49,2,Australia,2025-01-28
1122,509,41,Clothing,167.3,1,Canada,2025-09-11
1123,533,4,Gaming,459.08,2,France,2025-11-11
1124,879,48,Books,482.36,3,Israel,2025-07-28
1125,384,29,Toys,23.7,2,Japan,2025-04-09
1126,840,21,Beauty,not-a-price,4,Australia,2025-02-04
1127,985,55,Home,120.63,3,Japan,2025-09-17
1128,428,64,Beauty,75.64,3,Canada,2025-10-15
1129,1215,21,Beauty,207.82,1,Germany,2025-03-17
1130,795,10,Beauty,126.07,1,Japan,2025-03-16
1131,1749,72,Electronics,352.39,5,Japan,2025-07-09
1132,65,21,Beauty,370.05,2,UK,2025-07-12
1133,1869,43,Books,472.71,5,Australia,2025-03-14
1134,1326,107,Books,404.7,4,Australia,2025-08-28
1135,1720,63,Books,259.09,5,Japan,2025-06-03
1136,1270,78,Clothing,139.09,2,USA,2025-03-16
1137,1282,65,Sports,114.82,5,USA,2025-05-23
1138,713,15,Books,143.44,4,Canada,2025-09-06
1139,1567,33,Toys,461.01,3,Israel,2025-10-28
1140,911,34,Beauty,272.16,3,Canada,2025-12-09
1141,1169,20,Home,384.27,1,Israel,2025-09-08
1142,1534,14,Clothing,326.65,5,Japan,2025-01-16
1143,735,55,Home,259.85,2,Canada,2025-08-25
1144,1941,49,Beauty,96.25,5,Canada,2025-06-07
1145,1033,67,Gaming,282.17,1,Israel,2025-06-14
1146,129,73,Electronics,206.02,2,USA,2025-08-05
1147,202,31,Clothing,122.82,3,Germany,2025-05-04
1148,1437,78,Clothing,47.91,1,Japan,2025-10-02
1149,681,14,Clothing,30.83,1,Canada,2025-11-10
1150,538,45,Clothing,142.7,5,UK,2025-02-26
1151,1259,72,Electronics,45.12,4,France,2025-12-20
1152,344,32,Gaming,90.27,5,Canada,2025-09-22
1153,425,5,Sports,86.96,3,USA,2025-08-28
1154,16,57,Beauty,249.24,5,USA,2025-07-07
1155,537,5,Sports,388.39,5,Israel,2025-04-11
1156,432,79,Sports,170.1,1,Israel,2025-09-02
1157,1404,27,Beauty,129.61,4,UK,2025-07-22
1158,1378,32,Gaming,223.63,1,Australia,2025-02-08
1159,1507,56,Gaming,424.4,5,Germany,2025-05-10
1160,1545,5,Sports,476.16,3,France,2025-01-04
1161,1166,4,Gaming,219.33,3,Israel,2025-04-25
1162,1528,52,Sports,31.71,2,Israel,2025-12-05
1163,1139,57,Beauty,83.47,1,UK,2025-01-16
1164,1760,15,Books,348.42,1,USA,2025-03-05
1165,1494,73,Electronics,277.91,4,USA,2025-11-02
1166,1093,59,Home,123.7,5,Israel,2025-04-01
1167,1611,46,Gaming,490.11,1,France,2025-03-23
1168,926,27,Beauty,56.18,4,Germany,2025-02-23
1169,1205,33,Toys,252.79,2,Germany,2025-06-18
1170,1368,27,Beauty,226.19,3,Israel,2025-06-24
1171,586,18,Beauty,381.33,4,UK,2025-03-08
1172,1526,57,Beauty,139.74,4,Canada,2025-02-18
1173,132,71,Clothing,266.32,4,Australia,2025-05-02
1174,1606,47,Books,425.38,5,Israel,2025-06-12
1175,1319,48,Books,442.44,4,Germany,2025-06-23
1176,594,12,Clothing,31.8,5,Germany,2025-01-13
1177,1914,56,Gaming,183.34,5,USA,2025-03-11
1178,1697,65,Sports,285.81,3,Israel,2025-07-27
1179,771,71,Clothing,72.62,4,USA,2025-04-04
1180,985,56,Gaming,283.57,4,Canada,2025-01-10
1181,723,50,Clothing,362.01,4,Australia,2025-09-27
1182,196,48,Books,72.04,2,UK,2025-02-02
1183,651,69,Sports,409.37,4,Germany,2025-10-22
1184,1916,52,Sports,436.58,3,Israel,2025-07-06
1185,842,56,Gaming,402.69,2,Australia,2025-07-26
1186,916,41,Clothing,325.4,2,Canada,2025-07-23
1187,1763,13,Sports,323.8,4,Australia,2025-03-03
1188,1364,38,Clothing,320.3,2,USA,2025-03-21
1189,1199,75,Sports,436.33,5,USA,2025-12-13
1190,352,15,Books,-34.39,4,Japan,2025-10-24
1191,1742,76,Clothing,332.66,1,USA,2025-02-07
1192,558,53,Sports,374.14,3,Japan,2025-11-05
1193,1889,17,Books,23.45,5,Japan,2025-10-21
1194,384,32,Gaming,53.46,5,Japan,2025-01-27
1195,845,15,Books,13.57,5,Canada,2025-04-20
1196,1427,45,Clothing,123.64,3,Australia,2025-01-10
1197,1103,69,Sports,48.3,4,France,2025-05-18
1198,1903,73,Electronics,267.26,3,Japan,2025-09-07
1199,831,63,Books,275.97,1,Germany,2025-11-25
1200,263,21,Beauty,477.54,4,Germany,2025-07-20
1201,761,76,Clothing,283.26,2,USA,2025-11-14
1202,1828,56,Gaming,24.92,2,UK,2025-01-09
1203,73,58,Beauty,168.65,1,France,2025-09-07
1204,540,31,Clothing,141.2,4,Israel,2025-07-21
1205,561,16,Home,241.42,5,UK,2025-03-20
1206,608,50,Clothing,260.7,4,Israel,2025-03-15
1207,1109,56,Gaming,433.19,4,UK,2025-01-11
1208,1956,54,Gaming,210.51,2,USA,2025-01-13
1209,1638,7,Gaming,245.94,2,UK,2025-03-01
1210,1031,74,Clothing,484.73,4,USA,2025-08-04
1211,1276,42,Beauty,183.61,3,Japan,2025-08-26
1212,1267,64,Beauty,17.98,5,USA,2025-09-27
1213,381,62,Toys,114.49,1,UK,2025-03-09
1214,495,58,Beauty,118.6,5,Israel,2025-02-05
1215,1642,28,Clothing,270.13,3,France,2025-05-28
1216,209,78,Clothing,379.71,2,Canada,2025-11-26
1217,250,14,Clothing,171.16,1,Canada,2025-02-26
1218,1648,24,Beauty,305.43,2,Israel,2025-06-06
1219,1455,3,Gaming,290.05,3,Israel,2025-09-23
1220,806,26,Gaming,40.54,1,Canada,2025-09-22
1221,277,75,Sports,305.82,3,Canada,2025-07-18
1222,532,50,Clothing,478.34,5,Australia,2025-11-17
1223,1402,62,Toys,244.86,1,Canada,2025-11-26
1224,1150,40,Clothing,378.87,2,Australia,2025-07-22
1225,1671,31,Clothing,253.36,2,Germany,2025-09-27
1226,1654,34,Beauty,206.03,4,Australia,2025-08-11
1227,350,73,Electronics,352.98,4,Israel,2025-08-17
1228,1188,21,Beauty,337.48,1,Australia,2025-10-17
1229,508,67,Gaming,380.89,4,UK,2025-02-07
1230,1620,42,Beauty,401.5,3,UK,2025-05-27
1231,94,37,Gaming,377.48,5,Japan,2025-04-25
1232,793,75,Sports,326.71,2,Germany,2025-09-11
1233,177,54,Gaming,23.88,2,Canada,2025-07-19
1234,1854,24,Beauty,274.17,4,Australia,2025-02-20
1235,226,32,Gaming,84.02,2,UK,2025-07-26
1236,988,10,Beauty,283.5,3,France,2025-11-26
1237,1797,19,Books,281.84,1,Japan,2025-10-01
1238,1334,19,Books,442.67,1,Israel,2025-10-08
1239,497,3,Gaming,95.75,5,Australia,2025-12-22
1240,369,64,Beauty,408.15,2,Australia,2025-02-19
1241,1226,15,Books,249.75,1,France,2025-06-04
1242,623,76,Clothing,1.61,5,France,2025-05-04
1243,1639,47,Books,453.66,5,Australia,2025-09-17
1244,1756,65,Sports,27.65,1,USA,2025-05-24
1245,1666,40,Clothing,282.4,4,Australia,2025-10-08
1246,1264,29,Toys,381.2,2,France,2025-06-01
1247,142,78,Clothing,107.13,5,USA,2025-08-28
1248,1075,15,Books,430.37,5,Canada,2025-06-09
1249,1187,23,Home,251.47,4,USA,2025-06-28
1250,336,29,Toys,258.23,2,France,2025-05-03
1251,1734,72,Electronics,378.6,4,France,2025-03-12
1252,257,67,Gaming,482.93,4,Australia,2025-08-21
1253,1205,62,Toys,167.74,5,Canada,2025-12-18
1254,202,9,Clothing,334.75,3,Germany,2025-05-17
1255,463,58,Beauty,186.38,2,Australia,2025-08-01
1256,1968,1,Sports,234.89,2,USA,2025-09-24
1257,609,41,Clothing,153.9,5,Japan,2025-07-03
1258,1128,44,Beauty,267.05,2,Australia,2025-07-05
1259,699,16,Home,350.55,3,Germany,2025-05-17
1260,828,40,Clothing,235.69,4,Israel,2025-01-24
1261,1,65,Sports,479.17,5,Australia,2025-07-01
1262,1833,8,Gaming,126.28,1,France,2025-05-06
1263,607,28,Clothing,365.61,5,Australia,2025-09-13
1264,1685,15,Books,234.84,1,USA,2025-09-10
1265,1412,52,Sports,244.21,4,Germany,2025-02-07
1266,460,73,Electronics,232.97,1,Israel,2025-03-02
1267,496,28,Clothing,346.07,5,Israel,2025-05-16
1268,282,57,Beauty,432.49,2,Japan,2025-12-16
1269,1177,46,Gaming,305.5,5,Israel,2025-04-28
1270,964,73,Electronics,383.79,4,Canada,2025-01-28
1271,551,8,Gaming,164.68,4,Australia,2025-11-13
1272,1920,17,Books,473.21,5,France,2025-05-10
1273,1873,51,Clothing,214.45,1,France,2025-04-17
1274,451,38,Clothing,442.27,3,Australia,2025-10-20
1275,1567,17,Books,440.23,1,USA,2025-06-27
1276,218,61,Sports,384.28,2,Israel,2025-10-06
1277,1630,17,Books,199.45,2,UK,2025-08-06
1278,513,13,Sports,493.89,4,UK,2025-01-04
1279,436,34,Beauty,105.07,2,France,2025-03-08
1280,928,79,Sports,215.49,1,Australia,2025-10-21
1281,1000,50,Clothing,193.25,4,USA,2025-04-05
1282,1461,2,Sports,250.05,3,USA,2025-04-26
1283,883,50,Clothing,196.19,4,Israel,2025-01-12
1284,155,63,Books,185.17,3,Germany,2025-04-01
1285,1124,72,Electronics,459.56,1,France,2025-11-20
1286,56,37,Gaming,132.15,4,Australia,2025-12-28
1287,1054,64,Beauty,394.83,2,Canada,2025-10-25
1288,660,66,Clothing,215.16,5,Germany,2025-05-07
1289,1421,31,Clothing,106.58,2,Canada,2025-08-01
1290,1142,62,Toys,497.1,5,France,2025-06-03
1291,934,5,Sports,14.02,4,Canada,2025-11-22
1292,1578,37,Gaming,321.1,1,Canada,2025-01-05
1293,1613,30,Sports,112.4,3,Japan,2025-05-26
1294,1054,33,Toys,239.76,4,Canada,2025-12-25
1295,801,69,Sports,279.12,4,UK,2025-03-01
1296,1658,2,Sports,433.97,5,Canada,2025-02-14
1297,546,54,Gaming,20.69,1,Germany,2025-07-16
1298,1998,43,Books,48.9,5,Israel,2025-08-07
1299,1363,78,Clothing,261.39,1,UK,2025-04-27
1300,1687,10,Beauty,344.21,5,France,2025-03-18
1301,1692,48,Books,59.07,2,Israel,2025-04-05
1302,314,67,Gaming,438.84,2,Canada,2025-03-19
1303,1991,70,Books,179.45,2,Israel,2025-04-17
1304,1121,40,Clothing,95.85,2,USA,2025-02-13
1305,954,34,Beauty,252.71,3,UK,2025-12-12
1306,1396,9,Clothing,227.87,2,Germany,2025-06-08
1307,1125,33,Toys,121.76,5,Japan,2025-08-02
1308,623,36,Gaming,310.59,5,France,2025-01-01
1309,1490,43,Books,2.29,1,France,2025-12-21
1310,1922,73,Electronics,482.64,1,France,2025-09-13
1311,1642,8,Gaming,385.75,1,Japan,2025-12-17
1312,807,29,Toys,91.9,2,France,2025-05-18
1313,1832,2,Sports,159.35,3,Germany,2025-05-04
1314,1613,72,Electronics,96.83,1,Canada,2025-10-17
1315,325,51,Clothing,216.5,4,UK,2025-08-17
1316,1026,29,Toys,320.99,1,Japan,2025-05-07
1317,963,74,Clothing,352.46,1,Israel,2025-04-20
1318,1022,70,Books,487.26,5,France,2025-10-27
1319,1605,63,Books,170.69,2,USA,2025-08-12
1320,587,40,Clothing,393.96,3,USA,2025-07-16
1321,813,1,Sports,127.84,1,UK,2025-07-26
1322,752,74,Clothing,107.52,2,Germany,2025-08-07
1323,1822,72,Electronics,207.82,4,Japan,2025-05-07
1324,238,61,Sports,115.34,3,UK,2025-07-06
1325,609,11,Toys,475.7,4,USA,2025-07-17
1326,1747,56,Gaming,305.73,1,UK,2025-07-06
1327,1876,80,Beauty,321.98,2,USA,2025-10-10
1328,1082,67,Gaming,228.55,3,USA,2025-01-04
1329,1052,11,Toys,439.97,4,Israel,2025-03-04
1330,277,14,Clothing,315.48,2,Australia,2025-04-16
1331,620,69,Sports,179.49,5,Japan,2025-11-18
1332,993,45,Clothing,298.4,2,USA,2025-03-02
1333,1726,10,Beauty,240.59,4,Israel,2025-11-17
1334,1320,17,Books,26.6,3,Germany,2025-01-21
1335,271,30,Sports,237.67,4,Canada,2025-12-08
1336,677,22,Home,405.12,3,Israel,2025-08-06
1337,1656,78,Clothing,285.88,5,Israel,2025-10-10
1338,1712,69,Sports,445.75,4,Israel,2025-10-26
1339,1063,46,Gaming,245.89,5,Germany,2025-02-05
1340,858,5,Sports,410.79,3,Germany,2025-06-17
1341,1197,20,Home,468.12,4,UK,2025-02-19
1342,1155,50,Clothing,211.35,1,Israel,2025-07-10
1343,33,64,Beauty,314.48,5,Japan,2025-05-01
1344,1336,10,Beauty,331.18,5,Australia,2025-08-12
1345,819,21,Beauty,329.06,5,Canada,2025-04-21
1346,665,31,Clothing,53.19,0,France,2025-03-14
1347,1142,28,Clothing,191.97,3,France,2025-10-05
1348,460,23,Home,170.21,1,Germany,2025-01-07
1349,1161,32,Gaming,43.55,5,Australia,2025-03-19
1350,1554,44,Beauty,117.13,3,Canada,2025-05-25
1351,1966,70,Books,329.0,1,Japan,2025-04-16
1352,1592,3,Gaming,110.11,1,Germany,2025-05-12
1353,1563,47,Books,330.87,3,UK,2025-04-04
1354,374,39,Clothing,377.0,2,Australia,2025-07-07
1355,1553,3,Gaming,195.93,4,Germany,2025-08-11
1356,1535,72,Electronics,203.97,3,UK,2025-05-23
1357,895,43,Books,73.89,4,France,2025-06-16
1358,591,40,Clothing,210.27,1,Germany,2025-06-01
1359,1189,8,Gaming,248.5,2,Germany,2025-11-01
1360,1200,36,Gaming,252.98,1,France,2025-07-24
1361,1393,48,Books,168.24,3,France,2025-02-04
1362,1578,31,Clothing,205.65,2,Germany,2025-04-07
1363,410,41,Clothing,370.98,5,France,2025-09-04
1364,1493,10,Beauty,186.29,5,Canada,2025-08-05
1365,295,47,Books,445.72,1,USA,2025-02-26
1366,1611,14,Clothing,285.75,3,Japan,2025-10-26
1367,1626,80,Beauty,23.38,4,Germany,2025-12-15
1368,1470,58,Beauty,288.27,3,Israel,2025-04-12
1369,446,72,Electronics,315.53,4,Israel,2025-05-27
1370,931,57,Beauty,38.29,3,France,2025-07-04
1371,1433,7,Gaming,38.94,2,USA,2025-12-12
1372,1402,11,Toys,355.39,3,Canada,2025-03-11
1373,528,63,Books,225.62,4,France,2025-03-02
1374,891,37,Gaming,330.24,4,Canada,2025-06-07
1375,102,74,Clothing,200.49,5,Germany,2025-10-07
1376,1485,3,Gaming,345.32,3,USA,2025-12-15
1377,1841,73,Electronics,466.51,1,Japan,2025-12-22
1378,1238,10,Beauty,278.67,5,Germany,2025-08-22
1379,713,40,Clothing,201.28,1,UK,2025-11-01
1380,970,43,Books,441.83,3,Israel,2025-05-08
1381,1708,29,Toys,307.8,4,Canada,2025-07-16
1382,1394,50,Clothing,259.77,3,Canada,2025-05-05
1383,130,16,Home,201.64,2,Australia,2025-04-18
1384,1883,14,Clothing,11.12,1,France,2025-08-08
1385,842,69,Sports,267.26,4,Canada,2025-09-22
1386,23,9,Clothing,274.81,5,UK,2025-06-04
1387,1680,38,Clothing,346.82,5,Israel,2025-01-02
1388,1395,24,Beauty,173.29,2,USA,2025-09-27
1389,1004,12,Clothing,469.09,4,Germany,2025-05-25
1390,278,45,Clothing,4.7,3,Japan,2025-10-21
1391,775,77,Toys,346.77,5,Germany,2025-03-03
1392,18,8,Gaming,202.82,3,Israel,2025-03-03
1393,1675,16,Home,488.47,2,Israel,2025-06-07
1394,874,78,Clothing,398.7,3,France,2025-02-25
1395,1671,28,Clothing,36.07,1,UK,2025-04-24
1396,161,80,Beauty,92.38,5,USA,2025-02-13
1397,78,15,Books,384.43,4,Germany,2025-02-25
1398,522,12,Clothing,109.17,1,Australia,2025-06-23
1399,220,11,Toys,230.02,2,Israel,2025-03-28
1400,705,18,Beauty,25.14,5,Israel,2025-11-22
1401,756,43,Books,249.22,3,Israel,2025-11-06
1402,453,61,Sports,450.53,3,France,2025-12-08
1403,984,4,Gaming,172.65,3,Israel,2025-11-12
1404,1504,50,Clothing,46.4,5,Israel,2025-01-26
1405,389,8,Gaming,43.44,4,USA,2025-09-13
1406,1252,54,Gaming,484.37,5,France,2025-01-07
1407,1274,4,Gaming,397.93,3,USA,2025-07-04
1408,1011,72,Electronics,5.86,5,Australia,2025-04-28
1409,357,42,Beauty,266.2,4,Germany,2025-05-18
1410,299,63,Books,73.37,4,Japan,2025-05-06
1411,250,41,Clothing,not-a-price,1,Israel,2025-05-25
1412,749,55,Home,310.09,5,Germany,2025-12-06
1413,649,79,Sports,178.34,4,France,2025-09-10
1414,593,19,Books,201.7,3,Australia,2025-05-25
1415,643,7,Gaming,385.45,4,Canada,2025-07-23
1416,267,5,Sports,206.15,3,UK,2025-09-03
1417,1486,26,Gaming,249.79,3,UK,2025-01-15
1418,1560,15,Books,306.06,5,France,2025-08-04
1419,1781,18,Beauty,490.5,5,Israel,2025-12-10
1420,14,69,Sports,not-a-price,2,Israel,2025-06-24
1421,576,1,Sports,118.59,3,Israel,2025-01-15
1422,1480,38,Clothing,195.17,1,France,2025-03-01
1423,425,58,Beauty,133.03,3,Japan,2025-07-17
1424,959,63,Books,183.74,1,Germany,2025-02-16
1425,977,77,Toys,387.72,2,Israel,2025-11-19
1426,1081,12,Clothing,168.7,5,Israel,2025-06-14
1427,1836,44,Beauty,438.89,3,Israel,2025-12-09
1428,1847,12,Clothing,473.78,1,UK,2025-11-22
1429,6,43,Books,350.01,5,Israel,2025-01-28
1430,1481,57,Beauty,32.66,1,Australia,2025-09-12
1431,352,44,Beauty,67.87,5,USA,2025-05-18
1432,632,34,Beauty,184.4,2,Israel,2025-12-17
1433,1461,24,Beauty,37.44,1,UK,2025-10-10
1434,267,24,Beauty,231.89,4,France,2025-11-16
1435,1464,41,Clothing,18.04,1,UK,2025-04-14
1436,1032,21,Beauty,209.33,3,Canada,2025-03-26
1437,1724,19,Books,110.48,3,USA,2025-07-26
1438,25,40,Clothing,50.33,4,Australia,2025-02-17
1439,1920,1,Sports,331.37,3,Australia,2025-11-07
1440,1880,44,Beauty,326.89,4,France,2025-02-05
1441,1092,77,Toys,328.83,3,USA,2025-09-25
1442,1191,38,Clothing,256.85,2,France,2025-11-23
1443,44,72,Electronics,495.48,3,UK,2025-10-11
1444,1872,62,Toys,380.14,3,Japan,2025-01-24
1445,1855,72,Electronics,83.46,3,Japan,2025-08-26
1446,325,5,Sports,164.35,2,Canada,2025-08-14
1447,956,16,Home,179.76,3,Germany,2025-05-08
1448,214,21,Beauty,360.42,3,Japan,2025-10-01
1449,314,73,Electronics,19.48,2,France,2025-04-03
1450,237,72,Electronics,426.51,1,USA,2025-11-21
1451,795,31,Clothing,39.61,4,Canada,2025-12-21
1452,263,47,Books,243.64,5,Germany,2025-04-03
1453,892,24,Beauty,435.63,3,Israel,2025-07-11
1454,241,52,Sports,94.62,4,Japan,2025-06-11
1455,1083,78,Clothing,15.16,5,Canada,2025-04-22
1456,1403,74,Clothing,433.03,3,Australia,2025-06-21
1457,756,12,Clothing,480.96,5,Israel,2025-10-02
1458,526,48,Books,390.54,5,Canada,2025-06-16
1459,713,54,Gaming,176.68,3,UK,2025-05-23
1460,1189,53,Sports,251.37,3,France,2025-10-17
1461,1038,33,Toys,228.75,3,Israel,2025-07-06
1462,699,70,Books,15.64,1,Israel,2025-01-12
1463,1311,66,Clothing,280.96,3,Israel,2025-03-26
1464,1457,4,Gaming,70.2,1,Japan,2025-09-02
1465,191,20,Home,480.23,1,Germany,2025-02-15
1466,185,1,Sports,386.03,2,Israel,2025-06-02
1467,1068,2,Sports,238.17,3,Japan,2025-07-15
1468,724,42,Beauty,59.36,0,Israel,2025-04-13
1469,351,51,Clothing,141.2,3,UK,2025-03-12
1470,1849,36,Gaming,197.92,5,Israel,2025-02-09
1471,619,14,Clothing,62.06,4,France,2025-11-21
1472,785,63,Books,155.72,5,USA,2025-03-16
1473,1933,54,Gaming,213.81,1,Canada,2025-07-14
1474,612,48,Books,257.33,5,Israel,2025-04-23
1475,42,24,Beauty,146.69,3,Israel,2025-09-26
1476,1259,75,Sports,3.48,1,Canada,2025-05-03
1477,1230,8,Gaming,241.85,3,Israel,2025-08-18
1478,934,29,Toys,395.67,1,USA,2025-06-02
1479,661,44,Beauty,38.24,3,Germany,2025-02-27
1480,362,14,Clothing,129.71,3,USA,2025-07-10
1481,425,6,Toys,293.02,5,Canada,2025-07-19
1482,282,19,Books,446.94,2,USA,2025-09-02
1483,1915,50,Clothing,152.63,1,Australia,2025-02-20
1484,1181,68,Home,385.94,2,Australia,2025-01-12
1485,251,7,Gaming,92.12,5,USA,2025-01-11
1486,462,6,Toys,497.82,5,Australia,2025-04-27
1487,579,29,Toys,170.65,5,Israel,2025-12-02
1488,1314,38,Clothing,39.72,1,Germany,2025-12-13
1489,1073,12,Clothing,50.17,2,France,2025-07-23
1490,1042,51,Clothing,62.25,4,Canada,2025-10-13
1491,82,29,Toys,10.13,2,Israel,2025-06-21
1492,1785,6,Toys,216.4,3,France,2025-01-19
1493,570,15,Books,376.28,1,Japan,2025-10-13
1494,1528,1,Sports,41.71,2,Israel,2025-08-10
1495,1809,39,Clothing,385.25,1,Japan,2025-06-12
1496,38,48,Books,357.18,2,Germany,2025-08-23
1497,1224,4,Gaming,128.7,1,Germany,2025-11-08
1498,1972,80,Beauty,410.23,1,Canada,2025-09-08
1499,953,14,Clothing,167.77,5,Germany,2025-09-04
1500,221,58,Beauty,266.51,3,Japan,2025-02-07
1501,1149,74,Clothing,227.92,3,Canada,2025-11-25
1502,1611,60,Gaming,132.16,3,Israel,2025-07-02
1503,856,13,Sports,not-a-price,3,Germany,2025-10-15
1504,1605,21,Beauty,404.95,2,Japan,2025-12-23
1505,1083,79,Sports,344.68,3,Germany,2025-01-24
1506,1578,5,Sports,287.72,5,France,2025-07-12
1507,410,20,Home,216.3,2,USA,2025-01-08
1508,521,59,Home,219.08,1,France,2025-04-21
1509,1447,32,Gaming,465.95,1,Germany,2025-10-10
1510,921,14,Clothing,187.59,2,France,2025-05-26
1511,725,28,Clothing,35.62,1,Australia,2025-04-04
1512,1116,11,Toys,377.58,5,UK,2025-03-26
1513,1981,21,Beauty,23.27,3,UK,2025-09-10
1514,418,16,Home,186.46,1,France,2025-12-21
1515,118,41,Clothing,384.02,5,Germany,2025-12-16
1516,1179,51,Clothing,475.26,2,Germany,2025-01-09
1517,690,51,Clothing,201.1,3,Canada,2025-08-10
1518,1753,64,Beauty,316.45,5,France,2025-05-28
1519,162,66,Clothing,394.08,3,Israel,2025-03-11
1520,1103,64,Beauty,84.19,5,USA,2025-07-21
1521,1495,21,Beauty,176.03,3,France,2025-11-06
1522,1369,6,Toys,135.85,1,Germany,2025-12-12
1523,1205,50,Clothing,492.98,4,Germany,2025-07-17
1524,1641,36,Gaming,178.4,4,Australia,2025-05-15
1525,822,20,Home,84.33,2,UK,2025-11-17
1526,1483,26,Gaming,261.5,4,Japan,2025-12-23
1527,185,51,Clothing,300.59,4,USA,2025-06-02
1528,710,79,Sports,386.3,2,France,2025-06-04
1529,1493,62,Toys,79.34,1,Canada,2025-04-01
1530,111,56,Gaming,96.3,2,UK,2025-01-18
1531,445,68,Home,386.56,2,Germany,2025-03-11
1532,811,39,Clothing,20.72,0,Israel,2025-10-21
1533,1363,33,Toys,2.63,2,USA,2025-02-27
1534,1085,33,Toys,416.94,5,UK,2025-07-25
1535,1366,30,Sports,246.96,3,Germany,2025-11-19
1536,259,57,Beauty,126.59,5,USA,2025-05-05
1537,1021,36,Gaming,247.37,2,France,2025-03-15
1538,378,5,Sports,348.21,2,Israel,2025-03-25
1539,1121,66,Clothing,448.67,3,Japan,2025-04-09
1540,1889,42,Beauty,173.68,2,USA,2025-06-04
1541,911,15,Books,170.79,1,USA,2025-06-14
1542,1436,74,Clothing,149.08,4,Canada,2025-09-08
1543,1947,7,Gaming,245.3,5,Israel,2025-03-16
1544,995,33,Toys,262.75,2,Japan,2025-07-21
1545,449,16,Home,58.3,4,Canada,2025-08-11
1546,28,74,Clothing,222.96,5,Japan,2025-08-04
1547,550,40,Clothing,415.97,5,Germany,2025-07-19
1548,661,62,Toys,207.93,3,France,2025-10-02
1549,1726,44,Beauty,8.74,4,Israel,2025-10-28
1550,1738,40,Clothing,227.0,4,Japan,2025-01-27
1551,1592,8,Gaming,240.42,4,France,2025-10-21
1552,5,55,Home,1.27,5,Canada,2025-11-15
1553,1380,5,Sports,336.68,1,Germany,2025-01-22
1554,1797,16,Home,199.92,1,Canada,2025-06-11
1555,197,4,Gaming,199.99,2,USA,2025-05-13
1556,1925,79,Sports,38.58,5,Germany,2025-07-02
1557,1347,22,Home,22.49,1,Germany,2025-02-04
1558,1790,58,Beauty,76.34,2,Japan,2025-07-07
1559,1144,36,Gaming,258.45,1,France,2025-11-04
1560,888,66,Clothing,119.67,3,Australia,2025-10-04
1561,43,17,Books,158.27,1,Germany,2025-06-27
1562,970,7,Gaming,420.91,1,France,2025-08-05
1563,217,58,Beauty,145.56,3,Germany,2025-10-04
1564,34,39,Clothing,352.29,3,Australia,2025-01-19
1565,207,39,Clothing,296.08,4,Germany,2025-11-28
1566,1087,34,Beauty,76.14,5,Japan,2025-03-16
1567,565,65,Sports,260.1,5,Germany,2025-05-05
1568,970,28,Clothing,268.5,4,Japan,2025-08-23
1569,1286,64,Beauty,117.03,4,UK,2025-04-02
1570,1556,16,Home,2.23,4,Germany,2025-03-25
1571,1307,31,Clothing,380.93,3,Canada,2025-04-19
1572,697,29,Toys,129.46,4,Japan,2025-08-23
1573,678,30,Sports,79.05,3,USA,2025-05-15
1574,1267,63,Books,10.07,4,Canada,2025-12-12
1575,1099,67,Gaming,320.21,5,Australia,2025-03-01
1576,1370,13,Sports,108.79,1,UK,2025-05-02
1577,281,78,Clothing,32.55,2,Israel,2025-04-12
1578,88,26,Gaming,181.31,5,Canada,2025-08-05
1579,983,24,Beauty,16.1,1,USA,2025-10-13
1580,1113,11,Toys,243.52,3,Japan,2025-09-01
1581,506,22,Home,265.28,2,Canada,2025-12-24
1582,1152,19,Books,215.21,2,Australia,2025-08-13
1583,1427,47,Books,295.76,2,Israel,2025-09-02
1584,1190,45,Clothing,278.43,5,Japan,2025-11-13
1585,1431,56,Gaming,80.13,2,Australia,2025-06-03
1586,1212,55,Home,96.03,4,USA,2025-03-20
1587,919,40,Clothing,181.39,1,Israel,2025-09-20
1588,433,24,Beauty,270.51,1,USA,2025-08-11
1589,734,61,Sports,250.82,3,France,2025-06-08
1590,77,62,Toys,424.79,5,Japan,2025-05-06
1591,1113,9,Clothing,107.04,4,Japan,2025-05-25
1592,301,70,Books,86.12,2,Israel,2025-09-14
1593,385,10,Beauty,136.91,1,UK,2025-06-09
1594,424,8,Gaming,465.2,4,USA,2025-01-12
1595,1029,69,Sports,366.64,2,Canada,2025-10-11
1596,30,13,Sports,190.66,5,UK,2025-11-28
1597,1411,13,Sports,244.44,4,Israel,2025-03-27
1598,305,64,Beauty,408.14,5,France,2025-07-02
1599,902,70,Books,384.46,3,Israel,2025-03-14
1600,1628,46,Gaming,433.62,5,France,2025-08-14
1601,874,80,Beauty,246.54,3,Japan,2025-01-04
1602,577,43,Books,124.06,4,Canada,2025-10-20
1603,1195,66,Clothing,101.42,4,UK,2025-05-21
1604,752,67,Gaming,325.27,3,Canada,2025-12-02
1605,61,53,Sports,268.99,3,Germany,2025-10-14
1606,1346,42,Beauty,148.42,1,Germany,2025-11-22
1607,1429,57,Beauty,364.24,4,Canada,2025-11-17
1608,1332,32,Gaming,132.4,5,France,2025-01-25
1609,405,56,Gaming,239.48,2,Japan,2025-07-24
1610,1023,3,Gaming,433.53,4,Australia,2025-02-10
1611,1317,53,Sports,177.37,2,Canada,2025-10-27
1612,69,18,Beauty,462.22,5,Germany,2025-06-08
1613,30,32,Gaming,190.59,1,UK,2025-09-22
1614,1990,12,Clothing,418.04,1,UK,2025-04-06
1615,1873,41,Clothing,20.78,2,Canada,2025-09-12
1616,1025,18,Beauty,352.89,1,Israel,2025-04-21
1617,1204,30,Sports,163.87,1,Germany,2025-05-02
1618,1575,80,Beauty,271.81,1,France,2025-07-25
1619,1581,50,Clothing,233.38,4,Canada,2025-02-12
1620,10,51,Clothing,245.88,4,Australia,2025-03-09
1621,1272,59,Home,247.59,5,UK,2025-09-22
1622,1973,6,Toys,244.91,2,Australia,2025-04-08
1623,1683,8,Gaming,75.62,2,Israel,2025-03-13
1624,35,79,Sports,133.04,3,Australia,2025-06-01
1625,1786,77,Toys,312.58,1,Canada,2025-08-09
1626,1985,17,Books,369.31,5,Japan,2025-01-27
1627,1341,61,Sports,128.34,5,Israel,2025-06-27
1628,1936,62,Toys,38.18,2,UK,2025-02-22
1629,1118,19,Books,178.56,4,USA,2025-05-24
1630,787,42,Beauty,362.71,3,Japan,2025-10-27
1631,743,76,Clothing,134.23,1,USA,2025-05-24
1632,1176,47,Books,428.73,1,Germany,2025-11-14
1633,73,4,Gaming,255.78,3,UK,2025-04-24
1634,835,72,Electronics,444.26,2,Japan,2025-12-22
1635,1040,43,Books,175.6,4,France,2025-10-11
1636,1893,43,Books,85.25,3,UK,2025-02-27
1637,1043,67,Gaming,163.71,3,UK,2025-02-12
1638,1401,56,Gaming,406.03,1,Canada,2025-09-12
1639,1752,57,Beauty,317.0,4,Germany,2025-11-02
1640,1279,25,Electronics,381.41,4,Japan,2025-03-04
1641,1620,62,Toys,405.25,2,UK,2025-05-25
1642,1283,5,Sports,165.28,5,Japan,2025-09-18
1643,1489,80,Beauty,428.41,4,USA,2025-06-01
1644,790,36,Gaming,439.72,5,Canada,2025-08-21
1645,1032,25,Electronics,431.84,2,Canada,2025-05-22
1646,1389,48,Books,191.02,3,Australia,2025-11-03
1647,1407,67,Gaming,398.24,2,Australia,2025-06-02
1648,614,38,Clothing,41.86,4,France,2025-04-18
1649,1213,7,Gaming,280.27,3,France,2025-04-27
1650,7,8,Gaming,122.87,4,Germany,2025-12-20
1651,185,17,Books,327.99,2,Japan,2025-04-08
1652,738,1,Sports,221.73,4,Japan,2025-12-28
1653,465,33,Toys,2.31,3,France,2025-10-11
1654,452,67,Gaming,77.77,5,USA,2025-06-22
1655,951,80,Beauty,73.04,5,Israel,2025-06-22
1656,1308,80,Beauty,461.02,2,France,2025-01-17
1657,294,45,Clothing,244.72,5,Australia,2025-05-28
1658,103,35,Sports,113.59,1,Canada,2025-09-12
1659,1507,18,Beauty,150.95,3,Germany,2025-11-15
1660,1721,25,Electronics,415.2,2,France,2025-03-10
1661,1872,8,Gaming,146.87,1,USA,2025-10-27
1662,1750,2,Sports,26.74,1,Japan,2025-01-19
1663,714,3,Gaming,104.26,1,Germany,2025-08-26
1664,495,30,Sports,167.33,3,France,2025-03-28
1665,1587,59,Home,136.79,2,France,2025-09-02
1666,1768,53,Sports,150.33,2,USA,2025-02-15
1667,298,25,Electronics,328.21,3,Japan,2025-08-05
1668,1879,39,Clothing,49.78,4,France,2025-01-13
1669,1223,41,Clothing,316.32,4,USA,2025-05-12
1670,1465,60,Gaming,79.89,4,USA,2025-07-09
1671,692,50,Clothing,235.02,3,Japan,2025-05-07
1672,829,24,Beauty,148.93,4,Canada,2025-11-25
1673,1430,15,Books,313.49,3,Japan,2025-05-21
1674,658,15,Books,255.04,3,UK,2025-07-13
1675,425,24,Beauty,321.76,5,Japan,2025-12-19
1676,1645,49,Beauty,194.82,5,France,2025-12-23
1677,266,50,Clothing,350.22,5,Japan,2025-11-28
1678,1619,18,Beauty,132.25,1,Israel,2025-06-11
1679,78,48,Books,355.52,1,UK,2025-04-16
1680,278,72,Electronics,142.74,3,France,2025-04-28
1681,208,20,Home,277.7,2,Japan,2025-12-14
1682,251,65,Sports,205.64,4,Japan,2025-12-07
1683,1897,54,Gaming,82.85,0,Japan,2025-03-26
1684,1233,24,Beauty,212.59,3,Germany,2025-04-02
1685,1744,57,Beauty,147.3,2,Australia,2025-06-10
1686,1742,11,Toys,84.42,1,Japan,2025-06-25
1687,1538,67,Gaming,380.42,1,Israel,2025-11-18
1688,1473,55,Home,382.61,3,Germany,2025-02-12
1689,1803,54,Gaming,88.18,2,Japan,2025-01-04
1690,1559,9,Clothing,253.93,2,USA,2025-09-05
1691,1284,6,Toys,37.63,4,USA,2025-08-02
1692,1937,55,Home,481.01,1,Israel,2025-10-03
1693,1045,57,Beauty,112.08,4,UK,2025-04-13
1694,253,8,Gaming,387.97,2,Canada,2025-02-14
1695,71,14,Clothing,445.11,1,Australia,2025-12-18
1696,1686,63,Books,395.32,5,Israel,2025-02-11
1697,531,72,Electronics,183.37,3,Australia,2025-07-04
1698,340,50,Clothing,111.71,3,Germany,2025-08-04
1699,997,42,Beauty,364.13,4,USA,2025-03-01
1700,193,56,Gaming,396.75,5,France,2025-08-14
1701,705,75,Sports,425.0,3,UK,2025-01-10
1702,808,16,Home,327.34,3,USA,2025-09-28
1703,1200,41,Clothing,426.45,3,Australia,2025-04-21
1704,1932,61,Sports,151.86,3,Canada,2025-11-13
1705,230,11,Toys,276.22,2,Japan,2025-03-21
1706,1539,14,Clothing,103.19,4,Australia,2025-07-25
1707,499,14,Clothing,177.27,1,Australia,2025-05-04
1708,1549,26,Gaming,135.13,5,USA,2025-03-24
1709,868,34,Beauty,433.25,1,Japan,2025-08-26
1710,676,10,Beauty,13.93,4,Canada,2025-06-15
1711,869,46,Gaming,271.84,3,Israel,2025-06-14
1712,481,79,Sports,186.52,2,UK,2025-11-21
1713,21,63,Books,347.03,5,Israel,2025-04-07
1714,1432,67,Gaming,463.65,3,Japan,2025-05-19
1715,1045,15,Books,241.23,3,USA,2025-09-17
1716,1553,12,Clothing,351.63,2,Canada,2025-06-08
1717,478,65,Sports,63.38,1,Japan,2025-03-01
1718,181,43,Books,194.19,1,Canada,2025-10-01
1719,1038,9,Clothing,351.83,5,Canada,2025-12-19
1720,1344,20,Home,277.74,5,Japan,2025-12-24
1721,1887,56,Gaming,92.49,2,USA,2025-08-03
1722,217,39,Clothing,337.58,2,Japan,2025-01-11
1723,132,22,Home,337.42,3,USA,2025-12-11
1724,1019,27,Beauty,245.99,2,Germany,2025-08-04
1725,1648,57,Beauty,180.65,4,Japan,2025-04-24
1726,991,59,Home,19.74,2,Germany,2025-01-12
1727,1269,35,Sports,59.74,5,Germany,2025-10-23
1728,1480,42,Beauty,456.92,5,Canada,2025-06-15
1729,757,57,Beauty,378.97,3,Germany,2025-01-04
1730,297,16,Home,24.83,4,USA,2025-07-15
1731,1433,62,Toys,46.91,1,USA,2025-05-19
1732,471,55,Home,403.18,3,Canada,2025-04-24
1733,347,78,Clothing,176.05,3,France,2025-09-27
1734,310,32,Gaming,107.5,3,Israel,2025-12-07
1735,849,7,Gaming,315.51,2,UK,2025-05-16
1736,963,15,Books,93.57,4,Germany,2025-02-06
1737,1017,35,Sports,127.42,3,Australia,2025-11-16
1738,1726,22,Home,459.64,2,Israel,2025-05-25
1739,123,33,Toys,409.17,1,Israel,2025-12-26
1740,385,30,Sports,35.46,5,Canada,2025-11-20
1741,111,34,Beauty,447.42,5,France,2025-10-15
1742,16,16,Home,295.78,5,France,2025-07-22
1743,908,32,Gaming,206.43,2,Japan,2025-12-26
1744,1455,35,Sports,212.62,1,UK,2025-07-17
1745,121,73,Electronics,350.43,1,USA,2025-07-15
1746,91,47,Books,368.99,4,USA,2025-10-16
1747,1364,10,Beauty,244.8,4,Japan,2025-09-15
1748,133,46,Gaming,330.71,2,Australia,2025-09-09
1749,925,55,Home,100.58,5,Australia,2025-10-12
1750,497,51,Clothing,90.09,4,UK,2025-01-04
1751,1901,8,Gaming,77.82,4,Germany,2025-01-09
1752,919,3,Gaming,352.15,4,Australia,2025-12-06
1753,1112,14,Clothing,240.89,3,Germany,2025-09-25
1754,357,1,Sports,164.22,1,Israel,2025-11-10
1755,1084,35,Sports,16.9,5,Germany,2025-12-01
1756,785,38,Clothing,287.69,4,Germany,2025-07-08
1757,724,65,Sports,281.32,5,USA,2025-09-07
1758,1022,78,Clothing,436.09,4,Japan,2025-06-15
1759,1037,57,Beauty,58.68,1,UK,2025-04-18
1760,1481,46,Gaming,356.89,3,Australia,2025-07-17
1761,1461,36,Gaming,276.44,3,Australia,2025-02-04
1762,800,34,Beauty,287.94,4,Australia,2025-06-06
1763,1611,8,Gaming,282.42,1,Germany,2025-04-06
1764,737,68,Home,485.95,2,Canada,2025-05-04
1765,934,48,Books,220.75,5,Germany,2025-07-12
1766,1034,24,Beauty,93.06,3,Australia,2025-03-19
1767,1445,47,Books,98.0,5,Germany,2025-10-09
1768,1633,3,Gaming,162.32,2,Japan,2025-06-09
1769,112,46,Gaming,482.57,4,Germany,2025-05-06
1770,1570,10,Beauty,325.76,5,Israel,2025-05-15
1771,58,17,Books,372.57,3,Australia,2025-06-04
1772,432,40,Clothing,422.55,4,France,2025-12-19
1773,707,57,Beauty,147.3,1,Japan,2025-03-12
1774,842,23,Home,464.82,1,France,2025-05-05
1775,1694,35,Sports,227.23,4,Japan,2025-06-19
1776,1020,32,Gaming,230.04,1,UK,2025-08-20
1777,1371,62,Toys,85.98,3,France,2025-01-26
1778,1839,63,Books,327.29,2,France,2025-03-05
1779,65,74,Clothing,72.14,5,Japan,2025-02-28
1780,1917,46,Gaming,122.77,4,Australia,2025-08-25
1781,620,29,Toys,393.36,4,USA,2025-07-03
1782,1348,19,Books,434.76,2,Canada,2025-10-08
1783,1886,32,Gaming,388.1,5,UK,2025-07-24
1784,1781,4,Gaming,430.0,1,USA,2025-04-07
1785,1573,39,Clothing,423.7,1,USA,2025-12-07
1786,1754,7,Gaming,416.46,4,Japan,2025-05-14
1787,1449,62,Toys,206.3,4,Canada,2025-09-24
1788,834,39,Clothing,389.53,2,Canada,2025-07-22
1789,1409,79,Sports,121.42,2,UK,2025-09-17
1790,267,49,Beauty,301.67,4,Japan,2025-07-15
1791,1952,80,Beauty,287.74,1,France,2025-06-10
1792,1690,45,Clothing,279.53,2,Japan,2025-12-09
1793,1488,75,Sports,124.12,4,Japan,2025-04-19
1794,73,24,Beauty,385.05,5,USA,2025-12-26
1795,1371,38,Clothing,164.26,5,Germany,2025-10-19
1796,1150,80,Beauty,173.1,1,Germany,2025-07-19
1797,1474,18,Beauty,217.09,3,Australia,2025-07-08
1798,1731,24,Beauty,105.42,1,Australia,2025-04-20
1799,988,79,Sports,366.88,1,Japan,2025-07-07
1800,1927,41,Clothing,81.32,3,Canada,2025-03-15
1801,76,13,Sports,143.66,2,Australia,2025-01-20
1802,1728,58,Beauty,90.04,2,Germany,2025-01-24
1803,1039,46,Gaming,493.79,3,USA,2025-09-25
1804,1900,23,Home,146.47,5,Canada,2025-11-25
1805,912,71,Clothing,51.49,3,Australia,2025-10-28
1806,1858,62,Toys,211.6,2,Israel,2025-01-01
1807,1562,6,Toys,101.49,1,Israel,2025-12-14
1808,1513,40,Clothing,131.91,4,Israel,2025-03-06
1809,1449,46,Gaming,440.0,4,Australia,2025-08-05
1810,1796,19,Books,103.29,2,France,2025-02-27
1811,909,63,Books,362.63,3,Israel,2025-10-14
1812,904,60,Gaming,239.39,4,UK,2025-05-23
1813,1180,18,Beauty,394.8,2,Israel,2025-10-21
1814,956,59,Home,172.88,5,Canada,2025-11-13
1815,738,33,Toys,462.16,5,USA,2025-04-10
1816,587,39,Clothing,287.2,3,UK,2025-10-06
1817,600,35,Sports,127.02,4,USA,2025-01-05
1818,889,57,Beauty,190.35,3,Israel,2025-07-26
1819,1166,21,Beauty,266.07,3,Australia,2025-06-06
1820,1520,29,Toys,465.81,3,Germany,2025-12-11
1821,294,53,Sports,436.97,4,Germany,2025-02-23
1822,1877,36,Gaming,492.43,3,USA,2025-11-11
1823,718,73,Electronics,15.21,3,Japan,2025-09-15
1824,843,54,Gaming,300.06,5,USA,2025-07-12
1825,137,29,Toys,107.78,1,USA,2025-01-01
1826,1667,19,Books,306.68,5,Canada,2025-05-18
1827,506,74,Clothing,26.41,4,Israel,2025-05-10
1828,1759,9,Clothing,33.45,4,Israel,2025-06-25
1829,878,50,Clothing,448.9,2,USA,2025-06-12
1830,530,16,Home,63.92,2,Canada,2025-09-25
1831,85,25,Electronics,222.08,5,Israel,2025-05-07
1832,789,2,Sports,472.09,4,USA,2025-09-24
1833,1564,14,Clothing,320.4,1,Germany,2025-07-06
1834,1096,23,Home,440.55,4,France,2025-07-03
1835,1947,8,Gaming,218.06,4,UK,2025-11-07
1836,1811,29,Toys,327.66,1,Germany,2025-07-25
1837,1237,76,Clothing,285.62,3,Israel,2025-03-23
1838,1511,69,Sports,not-a-price,3,USA,2025-10-02
1839,123,23,Home,237.62,1,USA,2025-05-15
1840,714,63,Books,181.52,1,UK,2025-05-06
1841,282,13,Sports,94.43,4,France,2025-04-10
1842,683,25,Electronics,331.36,2,Israel,2025-10-20
1843,650,67,Gaming,357.41,5,Australia,2025-07-07
1844,297,74,Clothing,239.18,4,UK,2025-02-03
1845,1494,71,Clothing,476.35,3,USA,2025-09-15
1846,955,18,Beauty,203.49,3,France,2025-10-16
1847,1067,60,Gaming,97.91,3,France,2025-02-22
1848,813,77,Toys,6.27,3,Israel,2025-10-13
1849,658,78,Clothing,481.65,4,Germany,2025-05-24
1850,1143,3,Gaming,26.78,2,Israel,2025-03-19
1851,1002,67,Gaming,15.55,3,Canada,2025-09-02
1852,394,77,Toys,297.18,1,Germany,2025-03-22
1853,578,31,Clothing,40.7,4,Canada,2025-11-22
1854,103,70,Books,234.77,2,Canada,2025-07-13
1855,1058,4,Gaming,260.31,5,UK,2025-09-15
1856,761,43,Books,67.18,5,Canada,2025-09-20
1857,1578,36,Gaming,242.08,2,USA,2025-01-08
1858,497,48,Books,398.4,4,Israel,2025-03-01
1859,611,20,Home,382.86,1,France,2025-01-24
1860,96,32,Gaming,194.63,1,Australia,2025-12-11
1861,1378,30,Sports,25.98,5,Israel,2025-04-14
1862,48,49,Beauty,364.84,1,Canada,2025-10-04
1863,156,3,Gaming,203.85,2,Australia,2025-06-06
1864,860,1,Sports,294.25,5,UK,2025-01-17
1865,1667,11,Toys,314.0,2,Canada,2025-01-12
1866,655,49,Beauty,309.91,1,USA,2025-11-05
1867,1279,42,Beauty,10.8,5,Germany,2025-08-18
1868,1001,60,Gaming,358.31,5,USA,2025-01-19
1869,1577,48,Books,408.07,5,Germany,2025-12-25
1870,1420,36,Gaming,417.07,4,Canada,2025-06-03
1871,1377,45,Clothing,210.0,2,USA,2025-10-10
1872,374,58,Beauty,414.23,2,Israel,2025-07-19
1873,384,63,Books,182.03,4,USA,2025-05-26
1874,648,38,Clothing,196.92,5,Japan,2025-08-26
1875,1385,26,Gaming,317.78,2,Canada,2025-01-28
1876,1715,59,Home,238.73,3,Japan,2025-10-06
1877,1865,51,Clothing,22.11,2,UK,2025-09-11
1878,1315,32,Gaming,20.68,4,Israel,2025-05-15
1879,734,72,Electronics,316.05,1,France,2025-05-03
1880,1604,28,Clothing,56.37,2,Canada,2025-12-01
1881,420,47,Books,482.03,4,USA,2025-01-18
1882,1714,17,Books,286.22,1,Australia,2025-12-18
1883,1004,72,Electronics,448.55,2,UK,2025-06-15
1884,1390,51,Clothing,-70.74,4,Japan,2025-11-18
1885,601,21,Beauty,320.43,5,UK,2025-12-22
1886,1059,74,Clothing,277.09,4,France,2025-11-21
1887,1209,77,Toys,24.73,1,Israel,2025-06-08
1888,92,6,Toys,272.18,4,UK,2025-09-14
1889,1551,34,Beauty,226.43,1,USA,2025-05-01
1890,237,20,Home,300.6,1,Germany,2025-12-04
1891,277,1,Sports,227.23,4,France,2025-07-28
1892,1484,38,Clothing,492.97,4,USA,2025-01-04
1893,1128,16,Home,299.89,1,Canada,2025-01-18
1894,1120,56,Gaming,9.17,2,USA,2025-11-13
1895,672,72,Electronics,177.82,4,France,2025-12-04
1896,808,25,Electronics,234.6,4,Australia,2025-01-02
1897,1947,43,Books,135.33,5,UK,2025-06-28
1898,1332,52,Sports,30.6,5,USA,2025-06-22
1899,1830,67,Gaming,4.81,2,Japan,2025-05-04
1900,1379,59,Home,343.58,5,Australia,2025-01-10
1901,1402,60,Gaming,373.82,2,France,2025-03-26
1902,411,68,Home,409.9,2,UK,2025-04-15
1903,1439,9,Clothing,191.07,2,France,2025-04-16
1904,702,12,Clothing,25.18,3,Israel,2025-09-16
1905,367,18,Beauty,99.32,5,Japan,2025-12-07
1906,15,24,Beauty,350.59,1,Australia,2025-11-09
1907,1336,78,Clothing,18.03,2,Germany,2025-01-05
1908,1263,44,Beauty,176.76,5,UK,2025-10-14
1909,1487,59,Home,469.94,4,Germany,2025-04-20
1910,134,3,Gaming,47.48,1,UK,2025-09-20
1911,62,27,Beauty,385.79,5,France,2025-05-07
1912,1387,62,Toys,177.54,1,UK,2025-06-05
1913,1834,42,Beauty,497.59,3,Japan,2025-09-16
1914,464,25,Electronics,387.11,1,Australia,2025-01-15
1915,979,10,Beauty,381.0,1,Japan,2025-04-15
1916,1181,71,Clothing,469.98,3,Australia,2025-02-18
1917,184,16,Home,280.62,5,Australia,2025-12-11
1918,1750,78,Clothing,144.45,2,Israel,2025-01-18
1919,151,41,Clothing,468.64,5,Japan,2025-01-14
1920,1052,45,Clothing,88.48,4,France,2025-11-25
1921,1277,69,Sports,325.27,1,Japan,2025-04-23
1922,1612,10,Beauty,97.72,4,Germany,2025-10-15
1923,1296,20,Home,362.76,4,Canada,2025-02-20
1924,168,26,Gaming,223.9,3,UK,2025-11-14
1925,198,46,Gaming,168.23,4,Germany,2025-09-21
1926,16,57,Beauty,295.79,4,USA,2025-05-08
1927,753,77,Toys,297.54,5,Australia,2025-10-01
1928,1468,24,Beauty,142.71,3,UK,2025-11-18
1929,1578,37,Gaming,445.25,3,Germany,2025-07-12
1930,1929,4,Gaming,384.3,1,Germany,2025-06-14
1931,1846,53,Sports,72.09,0,Australia,2025-07-19
1932,11,29,Toys,288.36,2,Australia,2025-02-26
1933,1034,9,Clothing,288.77,2,France,2025-12-25
1934,899,9,Clothing,466.23,1,Israel,2025-06-06
1935,581,37,Gaming,252.72,2,Japan,2025-10-10
1936,143,73,Electronics,432.82,2,USA,2025-08-10
1937,1210,31,Clothing,64.77,2,UK,2025-08-17
1938,25,43,Books,330.37,3,Japan,2025-02-24
1939,1719,63,Books,114.78,3,Canada,2025-05-13
1940,802,57,Beauty,17.3,4,Germany,2025-11-20
1941,1263,65,Sports,170.21,2,Canada,2025-01-08
1942,1878,68,Home,234.33,2,USA,2025-03-25
1943,549,28,Clothing,16.12,2,Canada,2025-11-10
1944,315,31,Clothing,400.28,3,Australia,2025-11-26
1945,1203,31,Clothing,424.11,5,UK,2025-04-10
1946,1993,69,Sports,26.82,1,Canada,2025-01-17
1947,1241,34,Beauty,91.49,4,France,2025-07-27
1948,468,40,Clothing,187.09,5,Australia,2025-02-05
1949,690,80,Beauty,274.52,5,Japan,2025-03-04
1950,390,7,Gaming,283.0,2,Japan,2025-09-22
1951,1009,47,Books,70.35,5,Israel,2025-06-28
1952,1080,11,Toys,183.78,2,USA,2025-11-15
1953,1370,40,Clothing,25.91,4,Canada,2025-12-28
1954,303,29,Toys,360.85,3,USA,2025-02-13
1955,204,9,Clothing,297.21,3,Canada,2025-05-08
1956,420,39,Clothing,490.42,3,Japan,2025-02-26
1957,1434,21,Beauty,412.84,3,UK,2025-11-10
1958,381,6,Toys,70.63,5,UK,2025-08-09
1959,1705,5,Sports,432.62,5,Israel,2025-08-18
1960,1368,56,Gaming,110.3,1,Israel,2025-02-16
1961,1125,29,Toys,212.62,1,Germany,2025-12-07
1962,615,55,Home,17.92,3,USA,2025-11-09
1963,61,76,Clothing,430.91,5,Japan,2025-11-02
1964,677,19,Books,124.47,1,Australia,2025-01-14
1965,1582,1,Sports,28.04,1,Australia,2025-07-21
1966,1175,52,Sports,333.91,3,Japan,2025-09-04
1967,75,71,Clothing,432.65,3,France,2025-09-07
1968,1295,36,Gaming,299.24,1,Israel,2025-11-23
1969,586,12,Clothing,133.53,5,UK,2025-05-27
1970,1226,8,Gaming,54.82,3,UK,2025-07-04
1971,1467,4,Gaming,243.27,2,France,2025-11-09
1972,426,71,Clothing,387.28,5,France,2025-07-20
1973,51,36,Gaming,224.35,1,USA,2025-01-08
1974,1518,8,Gaming,354.28,1,Canada,2025-11-25
1975,1749,29,Toys,124.31,1,Canada,2025-09-14
1976,1694,11,Toys,493.4,2,UK,2025-07-11
1977,593,40,Clothing,178.91,2,USA,2025-12-05
1978,1427,20,Home,196.18,5,USA,2025-01-12
1979,1237,8,Gaming,205.15,2,Canada,2025-08-18
1980,676,16,Home,83.14,4,Israel,2025-12-07
1981,1408,48,Books,462.84,1,USA,2025-11-05
1982,1004,5,Sports,146.33,3,UK,2025-04-10
1983,1607,33,Toys,402.62,4,Germany,2025-08-08
1984,551,42,Beauty,60.23,5,Israel,2025-11-19
1985,335,16,Home,88.95,4,Israel,2025-09-26
1986,733,32,Gaming,256.66,1,Israel,2025-01-21
1987,137,34,Beauty,344.38,3,Germany,2025-04-20
1988,214,59,Home,361.83,5,UK,2025-05-23
1989,124,36,Gaming,76.27,4,USA,2025-09-10
1990,1372,64,Beauty,396.96,1,Australia,2025-12-15
1991,1709,59,Home,408.62,3,Germany,2025-08-16
1992,623,44,Beauty,130.01,4,France,2025-04-28
1993,1466,20,Home,206.58,3,Germany,2025-08-17
1994,481,47,Books,328.49,3,Japan,2025-09-04
1995,678,73,Electronics,137.31,4,France,2025-06-10
1996,1187,4,Gaming,312.42,5,Japan,2025-03-17
1997,125,65,Sports,410.51,3,Japan,2025-12-19
1998,392,30,Sports,94.8,4,France,2025-12-26
1999,1208,67,Gaming,411.1,5,USA,2025-01-22
2000,502,63,Books,481.56,3,France,2025-04-06
2001,1051,22,Home,496.46,4,UK,2025-10-13
2002,924,8,Gaming,484.68,5,Australia,2025-01-28
2003,281,39,Clothing,470.94,5,Israel,2025-03-17
2004,989,55,Home,185.94,5,Japan,2025-01-11
2005,1803,8,Gaming,31.52,1,France,2025-01-26
2006,1515,50,Clothing,397.39,1,Australia,2025-08-05
2007,340,33,Toys,15.37,1,Germany,2025-12-15
2008,96,31,Clothing,377.71,5,France,2025-10-27
2009,358,38,Clothing,60.91,3,Japan,2025-07-27
2010,646,13,Sports,374.31,2,USA,2025-09-11
2011,691,20,Home,332.74,5,Germany,2025-03-14
2012,1431,67,Gaming,304.1,3,Israel,2025-09-26
2013,1882,57,Beauty,12.63,3,Japan,2025-11-09
2014,1919,50,Clothing,454.02,1,USA,2025-04-07
2015,498,63,Books,137.46,2,Japan,2025-04-21
2016,590,8,Gaming,202.52,2,Australia,2025-10-25
2017,883,20,Home,8.43,1,Japan,2025-01-15
2018,1963,4,Gaming,208.69,1,Germany,2025-09-13
2019,1888,57,Beauty,471.32,4,UK,2025-08-13
2020,867,17,Books,303.01,2,Australia,2025-07-15
2021,1234,68,Home,14.62,5,Japan,2025-11-06
2022,544,65,Sports,468.1,4,USA,2025-05-17
2023,431,68,Home,340.42,5,Canada,2025-02-24
2024,1908,40,Clothing,378.01,4,Germany,2025-04-07
2025,1592,33,Toys,180.05,1,Canada,2025-07-03
2026,149,65,Sports,271.11,2,USA,2025-03-11
2027,865,77,Toys,447.67,2,Australia,2025-01-06
2028,1028,80,Beauty,72.88,0,Canada,2025-05-16
2029,1483,9,Clothing,404.55,3,France,2025-05-11
2030,244,38,Clothing,211.25,1,UK,2025-04-17
2031,12,26,Gaming,155.89,3,France,2025-02-23
2032,1858,4,Gaming,111.17,4,France,2025-12-24
2033,316,76,Clothing,441.54,5,Japan,2025-09-09
2034,1814,47,Books,211.22,2,Australia,2025-08-12
2035,1151,66,Clothing,102.81,2,Canada,2025-07-07
2036,1267,75,Sports,146.79,4,UK,2025-07-07
2037,953,22,Home,151.16,3,Germany,2025-08-20
2038,850,61,Sports,438.78,4,UK,2025-05-14
2039,61,49,Beauty,91.74,1,Japan,2025-09-13
2040,702,65,Sports,376.73,3,UK,2025-09-13
2041,705,52,Sports,381.34,5,Australia,2025-08-25
2042,1355,34,Beauty,377.24,1,France,2025-10-10
2043,144,35,Sports,466.77,3,France,2025-03-27
2044,520,29,Toys,243.6,4,Canada,2025-04-17
2045,363,32,Gaming,399.55,4,Germany,2025-08-08
2046,462,16,Home,323.07,2,UK,2025-07-02
2047,1372,4,Gaming,124.24,2,UK,2025-03-26
2048,1443,12,Clothing,196.41,5,Israel,2025-06-06
2049,1865,40,Clothing,357.16,3,UK,2025-03-01
2050,1231,27,Beauty,450.76,2,Canada,2025-05-17
2051,65,18,Beauty,222.26,1,Australia,2025-11-16
2052,170,75,Sports,351.86,1,Canada,2025-08-05
2053,133,76,Clothing,17.86,3,Japan,2025-09-08
2054,688,9,Clothing,7.62,3,Japan,2025-12-22
2055,342,63,Books,462.4,1,UK,2025-04-13
2056,1074,25,Electronics,201.63,5,Japan,2025-04-01
2057,1591,46,Gaming,328.93,4,Israel,2025-07-17
2058,1450,50,Clothing,83.38,2,Israel,2025-06-14
2059,1759,62,Toys,375.91,1,Japan,2025-03-03
2060,1930,39,Clothing,260.81,5,Germany,2025-01-13
2061,157,49,Beauty,223.64,2,UK,2025-06-16
2062,1889,33,Toys,273.73,2,UK,2025-11-09
2063,632,51,Clothing,28.44,5,Japan,2025-06-01
2064,1211,26,Gaming,390.04,2,Canada,2025-07-09
2065,753,44,Beauty,240.06,2,Australia,2025-08-22
2066,420,3,Gaming,441.33,1,Israel,2025-12-28
2067,1175,37,Gaming,195.12,5,UK,2025-06-15
2068,296,53,Sports,155.22,4,Canada,2025-10-01
2069,1494,70,Books,277.8,5,Japan,2025-12-21
2070,1530,69,Sports,319.32,3,France,2025-10-24
2071,1933,60,Gaming,412.9,1,UK,2025-12-03
2072,1327,1,Sports,82.92,1,France,2025-09-12
2073,170,58,Beauty,412.09,1,Germany,2025-12-07
2074,1381,72,Electronics,263.51,1,USA,2025-02-25
2075,308,5,Sports,358.5,2,UK,2025-01-17
2076,1013,70,Books,482.64,3,Germany,2025-08-05
2077,229,66,Clothing,305.8,4,Australia,2025-03-19
2078,1666,14,Clothing,133.13,1,France,2025-07-07
2079,1506,75,Sports,277.75,5,Japan,2025-03-07
2080,957,33,Toys,133.56,3,Israel,2025-04-17
2081,217,61,Sports,292.12,2,France,2025-02-02
2082,519,75,Sports,4.78,1,Canada,2025-05-16
2083,404,14,Clothing,145.79,3,Canada,2025-03-17
2084,1938,14,Clothing,92.28,1,UK,2025-12-06
2085,1839,26,Gaming,215.18,5,Israel,2025-08-19
2086,1939,55,Home,254.06,2,France,2025-10-04
2087,1748,77,Toys,395.8,5,Israel,2025-10-23
2088,567,76,Clothing,207.43,1,Australia,2025-11-09
2089,415,28,Clothing,53.59,1,Israel,2025-03-08
2090,849,40,Clothing,430.0,1,UK,2025-05-23
2091,691,29,Toys,434.83,4,Japan,2025-10-01
2092,606,78,Clothing,498.83,2,UK,2025-02-25
2093,280,5,Sports,270.76,3,UK,2025-10-06
2094,1445,58,Beauty,313.24,5,UK,2025-09-26
2095,1535,1,Sports,218.02,1,Japan,2025-04-17
2096,542,6,Toys,48.2,5,Canada,2025-09-09
2097,1940,61,Sports,195.08,1,USA,2025-07-03
2098,1277,72,Electronics,112.48,5,France,2025-04-22
2099,926,33,Toys,445.73,2,Australia,2025-10-05
2100,250,26,Gaming,297.38,4,Israel,2025-10-10
2101,1717,59,Home,31.31,2,Japan,2025-12-19
2102,1920,50,Clothing,376.21,2,Canada,2025-06-23
2103,432,6,Toys,418.48,2,UK,2025-04-28
2104,272,64,Beauty,294.81,3,France,2025-07-02
2105,906,8,Gaming,394.23,4,Australia,2025-12-14
2106,1906,22,Home,407.85,4,Canada,2025-05-01
2107,384,57,Beauty,249.08,4,France,2025-12-25
2108,1223,19,Books,307.38,5,Germany,2025-06-21
2109,1514,32,Gaming,460.26,4,France,2025-04-15
2110,958,9,Clothing,245.21,1,Australia,2025-08-18
2111,611,25,Electronics,43.11,2,Germany,2025-03-07
2112,1568,61,Sports,37.2,3,Japan,2025-05-15
2113,22,18,Beauty,495.89,4,Israel,2025-12-20
2114,1289,61,Sports,151.59,2,UK,2025-09-21
2115,119,67,Gaming,222.04,4,Canada,2025-03-17
2116,1286,28,Clothing,228.28,1,Canada,2025-01-19
2117,1419,76,Clothing,175.94,1,France,2025-05-11
2118,101,58,Beauty,489.57,2,UK,2025-01-24
2119,1877,26,Gaming,466.37,4,France,2025-09-07
2120,1245,63,Books,398.45,1,Australia,2025-05-21
2121,1277,18,Beauty,151.17,5,UK,2025-06-14
2122,891,55,Home,377.61,2,Japan,2025-09-15
2123,1983,46,Gaming,237.6,4,Germany,2025-02-15
2124,806,24,Beauty,149.19,1,Germany,2025-09-01
2125,909,38,Clothing,384.35,4,France,2025-01-08
2126,1792,31,Clothing,114.65,3,France,2025-04-18
2127,1170,22,Home,41.69,2,Japan,2025-12-01
2128,1305,10,Beauty,103.32,5,Australia,2025-01-17
2129,1604,14,Clothing,235.93,4,Germany,2025-09-25
2130,1904,63,Books,58.62,1,USA,2025-09-26
2131,1765,24,Beauty,499.29,4,Canada,2025-03-26
2132,664,73,Electronics,419.85,1,Germany,2025-01-18
2133,1925,35,Sports,228.4,5,Israel,2025-03-09
2134,1686,3,Gaming,375.72,5,France,2025-03-19
2135,1415,29,Toys,382.22,1,Germany,2025-01-28
2136,1251,30,Sports,55.51,2,Israel,2025-07-28
2137,975,62,Toys,319.92,3,Japan,2025-10-01
2138,1297,46,Gaming,421.32,3,Canada,2025-04-07
2139,372,64,Beauty,70.22,4,France,2025-08-20
2140,1294,50,Clothing,1.61,4,France,2025-03-12
2141,423,26,Gaming,340.22,1,Japan,2025-09-24
2142,1103,1,Sports,415.9,4,Japan,2025-09-22
2143,1616,61,Sports,423.03,2,UK,2025-01-06
2144,315,64,Beauty,139.16,2,USA,2025-12-25
2145,1889,7,Gaming,55.61,3,Canada,2025-09-06
2146,1686,16,Home,84.55,2,Australia,2025-06-08
2147,570,51,Clothing,248.16,1,France,2025-01-04
2148,1526,5,Sports,29.32,5,France,2025-09-07
2149,872,19,Books,72.92,4,Canada,2025-09-16
2150,1366,66,Clothing,471.95,3,Germany,2025-04-05
2151,58,52,Sports,449.19,1,France,2025-09-06
2152,916,17,Books,27.36,5,Australia,2025-04-21
2153,337,16,Home,5.39,4,Japan,2025-04-02
2154,104,47,Books,319.85,4,France,2025-12-20
2155,1491,66,Clothing,103.1,5,UK,2025-11-19
2156,1411,69,Sports,477.29,1,UK,2025-03-12
2157,700,66,Clothing,459.92,4,USA,2025-11-27
2158,1,50,Clothing,73.51,1,Australia,2025-03-18
2159,1057,17,Books,474.1,4,Israel,2025-04-10
2160,796,4,Gaming,436.68,1,Canada,2025-06-13
2161,306,79,Sports,45.76,2,UK,2025-06-16
2162,1135,6,Toys,437.27,3,Japan,2025-09-03
2163,635,57,Beauty,61.41,2,Australia,2025-09-10
2164,1235,4,Gaming,402.69,1,UK,2025-06-18
2165,1111,63,Books,124.69,1,USA,2025-05-16
2166,1353,42,Beauty,243.21,5,Germany,2025-08-26
2167,1410,67,Gaming,431.99,4,Germany,2025-08-02
2168,1141,12,Clothing,393.08,4,UK,2025-10-13
2169,233,76,Clothing,98.56,1,Israel,2025-04-05
2170,115,31,Clothing,350.21,5,Israel,2025-08-19
2171,1599,40,Clothing,104.64,3,Japan,2025-10-25
2172,1929,37,Gaming,388.05,1,Japan,2025-09-19
2173,1471,49,Beauty,430.6,4,USA,2025-09-13
2174,216,22,Home,366.58,4,Germany,2025-02-03
2175,1273,7,Gaming,291.69,5,Japan,2025-08-19
2176,863,42,Beauty,171.54,4,USA,2025-05-22
2177,1050,28,Clothing,80.44,3,Japan,2025-10-17
2178,910,52,Sports,52.68,1,UK,2025-07-20
2179,1564,77,Toys,233.57,2,Japan,2025-03-17
2180,1252,74,Clothing,440.8,3,Israel,2025-11-27
2181,647,29,Toys,357.15,2,Canada,2025-05-13
2182,1669,80,Beauty,485.74,2,Japan,2025-03-12
2183,979,29,Toys,319.76,5,Israel,2025-10-04
2184,1243,2,Sports,235.5,2,Canada,2025-05-12
2185,858,22,Home,78.21,5,Australia,2025-10-18
2186,103,65,Sports,338.3,4,USA,2025-08-10
2187,30,23,Home,493.91,1,France,2025-01-02
2188,420,69,Sports,205.0,1,France,2025-10-11
2189,244,75,Sports,136.77,5,Japan,2025-05-10
2190,1337,34,Beauty,434.42,2,Australia,2025-10-13
2191,1051,34,Beauty,348.89,5,Japan,2025-01-23
2192,361,22,Home,99.69,3,Canada,2025-10-24
2193,1838,49,Beauty,385.56,1,France,2025-10-23
2194,72,15,Books,232.93,2,UK,2025-06-26
2195,145,52,Sports,479.99,4,Germany,2025-12-28
2196,811,74,Clothing,481.52,1,Japan,2025-05-26
2197,1051,48,Books,376.03,1,Canada,2025-10-28
2198,1308,22,Home,330.64,5,Israel,2025-01-22
2199,752,22,Home,26.03,4,Japan,2025-08-19
2200,249,73,Electronics,167.19,3,USA,2025-10-06
2201,361,2,Sports,163.39,5,France,2025-05-13
2202,840,41,Clothing,210.63,3,Israel,2025-04-17
2203,1970,51,Clothing,353.13,5,Japan,2025-12-09
2204,1209,75,Sports,187.64,3,France,2025-06-02
2205,1792,19,Books,475.95,3,UK,2025-04-11
2206,87,8,Gaming,82.09,2,Australia,2025-07-15
2207,1645,39,Clothing,143.54,4,Israel,2025-04-06
2208,1100,12,Clothing,234.65,3,Canada,2025-04-27
2209,801,17,Books,97.88,4,Israel,2025-09-21
2210,528,73,Electronics,427.49,3,Israel,2025-03-06
2211,1790,66,Clothing,47.65,2,Australia,2025-11-13
2212,366,9,Clothing,476.54,1,Japan,2025-03-15
2213,71,28,Clothing,290.6,4,Australia,2025-04-11
2214,611,50,Clothing,175.16,3,Australia,2025-06-01
2215,639,51,Clothing,291.5,3,Japan,2025-08-20
2216,931,35,Sports,461.0,2,USA,2025-05-23
2217,761,36,Gaming,83.82,1,Japan,2025-02-03
2218,1065,75,Sports,298.46,2,Japan,2025-04-26
2219,1905,63,Books,447.7,4,USA,2025-08-03
2220,570,73,Electronics,417.31,1,France,2025-08-01
2221,390,63,Books,106.38,5,UK,2025-09-02
2222,519,14,Clothing,155.13,3,Australia,2025-05-09
2223,1761,41,Clothing,169.99,3,USA,2025-08-22
2224,381,15,Books,240.18,4,Israel,2025-04-07
2225,647,34,Beauty,51.88,3,USA,2025-05-03
2226,1739,24,Beauty,378.26,5,Israel,2025-11-19
2227,743,57,Beauty,463.27,4,USA,2025-04-01
2228,1295,59,Home,197.39,1,Canada,2025-10-10
2229,608,21,Beauty,136.62,4,Canada,2025-06-16
2230,749,23,Home,311.9,2,Australia,2025-10-19
2231,1410,72,Electronics,48.79,2,Japan,2025-04-07
2232,1581,4,Gaming,24.61,1,Canada,2025-01-11
2233,399,49,Beauty,207.01,4,Germany,2025-09-14
2234,383,44,Beauty,146.91,1,France,2025-03-12
2235,141,64,Beauty,26.25,5,Israel,2025-12-08
2236,189,4,Gaming,489.55,1,UK,2025-12-01
2237,394,66,Clothing,352.21,4,UK,2025-10-17
2238,141,56,Gaming,234.27,2,UK,2025-04-12
2239,509,61,Sports,477.92,4,France,2025-09-12
2240,1,36,Gaming,292.58,5,USA,2025-01-24
2241,853,71,Clothing,63.94,2,UK,2025-12-25
2242,1629,48,Books,395.53,3,Canada,2025-12-09
2243,144,48,Books,190.2,1,Canada,2025-08-27
2244,1268,52,Sports,222.97,3,Australia,2025-09-18
2245,233,14,Clothing,96.64,2,USA,2025-02-18
2246,639,58,Beauty,495.75,1,Canada,2025-05-27
2247,1566,56,Gaming,479.03,4,UK,2025-04-19
2248,1931,34,Beauty,460.58,5,Israel,2025-11-22
2249,1790,11,Toys,281.49,4,Australia,2025-01-20
2250,1757,47,Books,70.51,1,Australia,2025-03-28
2251,123,57,Beauty,125.29,2,Israel,2025-04-27
2252,453,79,Sports,112.8,3,France,2025-11-08
2253,161,80,Beauty,52.58,3,Japan,2025-05-11
2254,1660,24,Beauty,386.35,2,Israel,2025-12-03
2255,1283,39,Clothing,59.47,2,Australia,2025-03-11
2256,1723,79,Sports,167.38,3,Germany,2025-09-25
2257,526,36,Gaming,444.39,5,UK,2025-03-20
2258,1161,51,Clothing,14.03,1,Germany,2025-04-05
2259,1100,25,Electronics,405.63,4,Japan,2025-06-05
2260,1168,40,Clothing,465.37,2,France,2025-01-17
2261,839,29,Toys,269.85,1,UK,2025-02-05
2262,1805,46,Gaming,198.78,4,Germany,2025-11-18
2263,296,24,Beauty,41.55,5,Israel,2025-10-05
2264,225,63,Books,491.4,5,UK,2025-06-15
2265,1194,71,Clothing,37.54,3,Germany,2025-08-24
2266,1401,72,Electronics,215.71,4,Israel,2025-03-20
2267,1295,62,Toys,154.82,2,Israel,2025-09-13
2268,710,64,Beauty,364.03,5,Germany,2025-01-11
2269,1359,13,Sports,65.31,2,USA,2025-07-08
2270,1833,4,Gaming,235.12,4,Japan,2025-05-22
2271,1368,26,Gaming,308.37,5,UK,2025-07-21
2272,1055,20,Home,292.64,4,UK,2025-04-24
2273,247,28,Clothing,2.98,2,France,2025-02-18
2274,420,7,Gaming,268.73,4,USA,2025-05-06
2275,97,24,Beauty,191.56,4,France,2025-02-20
2276,1191,10,Beauty,475.15,4,Australia,2025-10-13
2277,1421,5,Sports,241.32,5,Australia,2025-07-05
2278,1962,71,Clothing,301.78,2,Israel,2025-08-23
2279,1058,59,Home,187.21,2,USA,2025-08-05
2280,564,64,Beauty,460.12,3,Israel,2025-06-08
2281,296,10,Beauty,398.17,1,Canada,2025-08-02
2282,1428,11,Toys,373.8,1,Australia,2025-11-24
2283,1693,5,Sports,489.56,2,France,2025-01-10
2284,308,25,Electronics,361.76,3,Japan,2025-09-25
2285,198,13,Sports,209.46,3,USA,2025-08-20
2286,648,79,Sports,92.36,2,France,2025-03-10
2287,256,58,Beauty,325.37,5,Germany,2025-08-03
2288,81,55,Home,28.7,4,Germany,2025-03-03
2289,691,21,Beauty,278.1,3,Japan,2025-09-05
2290,1650,15,Books,358.81,4,Canada,2025-05-25
2291,1633,2,Sports,351.11,4,Canada,2025-01-11
2292,398,15,Books,278.93,3,UK,2025-03-20
2293,1936,10,Beauty,196.88,3,Canada,2025-08-18
2294,1019,25,Electronics,483.81,5,Germany,2025-12-15
2295,1969,54,Gaming,48.92,1,Japan,2025-05-18
2296,1511,57,Beauty,189.86,5,UK,2025-01-23
2297,1707,70,Books,60.56,2,Germany,2025-02-02
2298,869,45,Clothing,294.88,1,Germany,2025-12-18
2299,553,47,Books,337.17,4,Israel,2025-02-01
2300,708,47,Books,84.91,4,Australia,2025-08-20
2301,669,36,Gaming,373.43,5,USA,2025-11-16
2302,1484,78,Clothing,406.8,1,USA,2025-06-18
2303,495,60,Gaming,287.73,3,Australia,2025-02-13
2304,1301,11,Toys,409.49,3,Japan,2025-10-04
2305,822,2,Sports,271.42,1,Japan,2025-03-28
2306,502,48,Books,426.39,4,Australia,2025-02-05
2307,386,27,Beauty,131.58,2,Canada,2025-05-19
2308,1671,59,Home,2.49,4,USA,2025-04-20
2309,1346,16,Home,340.29,5,Japan,2025-07-13
2310,148,57,Beauty,44.4,2,UK,2025-12-21
2311,1161,76,Clothing,318.87,4,USA,2025-06-01
2312,1086,30,Sports,431.99,3,Japan,2025-08-17
2313,824,16,Home,172.75,1,USA,2025-10-21
2314,1774,33,Toys,253.12,4,France,2025-04-13
2315,423,51,Clothing,115.04,4,UK,2025-12-03
2316,264,5,Sports,106.14,5,Israel,2025-05-15
2317,853,22,Home,50.03,5,Israel,2025-05-18
2318,554,4,Gaming,279.39,5,USA,2025-07-27
2319,313,36,Gaming,158.05,5,USA,2025-10-02
2320,64,21,Beauty,118.27,2,UK,2025-08-17
2321,757,7,Gaming,400.37,2,UK,2025-01-27
2322,597,44,Beauty,220.39,5,France,2025-02-26
2323,358,38,Clothing,77.79,1,USA,2025-04-12
2324,248,17,Books,26.05,3,Japan,2025-06-18
2325,154,43,Books,359.06,3,USA,2025-02-17
2326,696,42,Beauty,411.75,3,Canada,2025-10-09
2327,126,18,Beauty,94.86,2,Canada,2025-02-01
2328,1853,18,Beauty,168.22,4,Canada,2025-10-07
2329,1394,13,Sports,388.81,2,UK,2025-11-01
2330,1220,60,Gaming,117.12,5,USA,2025-04-14
2331,1163,35,Sports,102.12,1,Canada,2025-10-12
2332,1846,49,Beauty,484.93,2,France,2025-01-17
2333,420,71,Clothing,41.02,1,France,2025-03-08
2334,1558,69,Sports,284.35,3,Israel,2025-04-16
2335,1954,21,Beauty,468.98,2,Australia,2025-11-19
2336,932,25,Electronics,416.01,2,Israel,2025-05-11
2337,67,24,Beauty,449.01,4,Australia,2025-07-10
2338,1939,9,Clothing,382.09,2,UK,2025-04-09
2339,1202,71,Clothing,287.28,5,Canada,2025-06-06
2340,1059,7,Gaming,424.23,5,France,2025-01-06
2341,1001,79,Sports,186.58,3,Germany,2025-02-09
2342,156,48,Books,105.56,5,Australia,2025-03-16
2343,1443,75,Sports,418.37,2,France,2025-05-28
2344,392,27,Beauty,495.17,5,Germany,2025-04-15
2345,365,15,Books,25.19,3,Canada,2025-07-20
2346,1355,64,Beauty,168.66,2,Canada,2025-08-15
2347,1336,19,Books,106.29,5,USA,2025-11-07
2348,1361,5,Sports,68.22,5,Germany,2025-03-04
2349,1214,27,Beauty,93.64,2,USA,2025-06-09
2350,1491,53,Sports,364.63,4,Germany,2025-02-10
2351,1902,3,Gaming,443.46,3,France,2025-09-04
2352,1367,58,Beauty,310.15,3,UK,2025-06-22
2353,996,73,Electronics,249.67,1,Israel,2025-09-13
2354,291,11,Toys,114.97,3,UK,2025-07-13
2355,474,4,Gaming,304.75,1,USA,2025-01-24
2356,1070,47,Books,439.06,2,France,2025-04-16
2357,821,49,Beauty,313.95,1,Germany,2025-07-11
2358,99,47,Books,367.9,2,Israel,2025-07-09
2359,366,44,Beauty,282.7,3,UK,2025-11-27
2360,1683,11,Toys,371.1,2,UK,2025-01-06
2361,1630,76,Clothing,76.65,3,France,2025-12-05
2362,1798,19,Books,426.34,5,Australia,2025-04-20
2363,1140,40,Clothing,396.75,1,Japan,2025-10-01
2364,1117,54,Gaming,439.76,5,Canada,2025-12-10
2365,1941,6,Toys,203.62,2,USA,2025-05-13
2366,502,41,Clothing,37.12,2,Australia,2025-09-24
2367,112,20,Home,186.79,2,USA,2025-08-04
2368,508,30,Sports,176.97,5,Israel,2025-03-10
2369,61,46,Gaming,351.06,2,Canada,2025-06-16
2370,410,36,Gaming,470.17,4,UK,2025-05-27
2371,114,62,Toys,406.3,2,Australia,2025-07-06
2372,1708,62,Toys,231.69,3,USA,2025-03-28
2373,2,19,Books,404.02,1,UK,2025-08-02
2374,1875,12,Clothing,254.65,1,UK,2025-03-09
2375,1153,73,Electronics,330.87,4,Israel,2025-12-17
2376,1763,22,Home,442.0,5,Israel,2025-07-12
2377,936,22,Home,353.29,3,Japan,2025-11-12
2378,1625,56,Gaming,220.8,4,Germany,2025-08-04
2379,593,5,Sports,159.02,2,Canada,2025-04-05
2380,1614,56,Gaming,297.01,2,Canada,2025-04-25
2381,1856,44,Beauty,345.14,4,Australia,2025-07-04
2382,1251,20,Home,159.16,1,Israel,2025-10-18
2383,782,9,Clothing,214.12,3,Japan,2025-09-28
2384,919,23,Home,115.39,1,Australia,2025-07-27
2385,1026,27,Beauty,427.11,3,Germany,2025-03-08
2386,940,74,Clothing,24.13,4,Japan,2025-01-22
2387,510,11,Toys,31.97,3,Canada,2025-11-06
2388,1122,40,Clothing,172.24,3,Israel,2025-08-14
2389,1203,26,Gaming,449.21,2,Japan,2025-03-19
2390,1678,74,Clothing,399.08,5,Canada,2025-09-15
2391,1618,36,Gaming,21.67,2,Australia,2025-05-04
2392,938,50,Clothing,226.74,4,France,2025-10-17
2393,1920,67,Gaming,471.22,1,Australia,2025-07-09
2394,170,52,Sports,266.76,5,Israel,2025-09-07
2395,933,79,Sports,208.87,4,Japan,2025-07-13
2396,536,79,Sports,464.8,2,Japan,2025-10-19
2397,1824,50,Clothing,374.35,1,Canada,2025-03-07
2398,1373,58,Beauty,19.02,2,Australia,2025-07-17
2399,1066,73,Electronics,59.9,2,Japan,2025-11-19
2400,29,42,Beauty,267.39,1,Canada,2025-11-17
2401,1798,68,Home,167.28,4,Israel,2025-01-08
2402,460,64,Beauty,164.07,3,USA,2025-06-06
2403,1138,63,Books,103.07,1,France,2025-10-02
2404,1474,48,Books,412.24,5,Canada,2025-08-25
2405,732,58,Beauty,231.5,5,USA,2025-06-16
2406,920,45,Clothing,227.91,2,Israel,2025-02-12
2407,51,52,Sports,489.33,4,France,2025-01-01
2408,686,65,Sports,387.81,1,UK,2025-03-20
2409,841,53,Sports,455.28,4,France,2025-06-05
2410,587,9,Clothing,495.59,2,Japan,2025-09-10
2411,1842,58,Beauty,234.94,1,USA,2025-02-18
2412,1104,30,Sports,334.46,2,Israel,2025-06-13
2413,507,58,Beauty,355.78,5,Japan,2025-02-12
2414,393,47,Books,478.49,3,France,2025-06-24
2415,858,37,Gaming,210.75,4,USA,2025-10-18
2416,288,59,Home,360.79,1,USA,2025-06-28
2417,701,45,Clothing,402.65,1,Israel,2025-01-08
2418,1551,74,Clothing,270.47,1,Israel,2025-06-20
2419,1377,13,Sports,491.8,1,UK,2025-10-27
2420,290,60,Gaming,490.23,5,Japan,2025-05-15
2421,626,23,Home,328.2,2,UK,2025-10-03
2422,790,42,Beauty,356.48,1,USA,2025-03-18
2423,730,59,Home,372.4,4,Germany,2025-09-19
2424,402,57,Beauty,356.92,2,Japan,2025-02-07
2425,1847,18,Beauty,205.42,2,Japan,2025-02-10
2426,705,61,Sports,384.81,1,Canada,2025-09-28
2427,1533,9,Clothing,300.25,2,Germany,2025-05-23
2428,1864,43,Books,448.76,4,Israel,2025-05-03
2429,1813,41,Clothing,64.27,5,UK,2025-04-05
2430,794,24,Beauty,443.49,2,France,2025-01-15
2431,48,4,Gaming,126.18,5,USA,2025-03-17
2432,1973,29,Toys,220.71,1,Japan,2025-09-19
2433,1244,26,Gaming,226.4,1,USA,2025-06-24
2434,1065,77,Toys,12.41,4,France,2025-08-16
2435,369,42,Beauty,377.7,1,France,2025-01-16
2436,964,78,Clothing,218.03,3,Japan,2025-07-26
2437,1048,70,Books,421.94,5,Australia,2025-10-06
2438,1996,36,Gaming,-57.7,1,Germany,2025-09-11
2439,1654,41,Clothing,219.94,4,Australia,2025-08-21
2440,387,42,Beauty,217.9,2,Germany,2025-05-25
2441,637,79,Sports,62.37,3,UK,2025-10-05
2442,1281,47,Books,206.13,2,Australia,2025-05-04
2443,619,58,Beauty,459.59,1,USA,2025-06-01
2444,572,54,Gaming,172.48,5,Japan,2025-09-16
2445,403,80,Beauty,179.08,1,France,2025-01-08
2446,1790,21,Beauty,139.13,3,UK,2025-03-11
2447,1286,17,Books,199.94,4,Japan,2025-04-26
2448,350,33,Toys,18.89,5,Japan,2025-08-18
2449,906,54,Gaming,406.81,4,France,2025-12-06
2450,748,61,Sports,240.65,3,France,2025-12-16
2451,308,4,Gaming,217.73,4,Japan,2025-10-21
2452,536,46,Gaming,300.55,2,Australia,2025-12-15
2453,1509,2,Sports,437.21,1,Germany,2025-07-17
2454,93,78,Clothing,462.03,3,UK,2025-07-07
2455,705,21,Beauty,309.14,5,Japan,2025-01-24
2456,1258,27,Beauty,437.24,2,France,2025-05-15
2457,1803,20,Home,93.7,2,USA,2025-07-05
2458,367,74,Clothing,154.99,5,Japan,2025-06-11
2459,941,29,Toys,65.93,4,USA,2025-08-08
2460,1973,13,Sports,332.4,3,USA,2025-03-05
2461,1988,19,Books,387.52,2,Canada,2025-03-15
2462,151,78,Clothing,67.04,1,Israel,2025-12-04
2463,1864,1,Sports,404.87,3,USA,2025-10-09
2464,221,23,Home,276.48,4,UK,2025-01-28
2465,650,79,Sports,176.51,1,USA,2025-08-19
2466,168,32,Gaming,113.96,2,UK,2025-06-05
2467,1095,48,Books,450.87,2,Japan,2025-09-11
2468,760,67,Gaming,192.84,4,Australia,2025-03-06
2469,1322,5,Sports,286.1,5,Germany,2025-09-27
2470,1402,15,Books,142.7,2,UK,2025-05-26
2471,1551,18,Beauty,28.62,3,USA,2025-05-16
2472,1150,7,Gaming,7.77,1,Israel,2025-05-05
2473,1826,59,Home,200.11,4,Canada,2025-03-12
2474,133,6,Toys,225.79,5,France,2025-10-13
2475,1590,58,Beauty,379.53,4,UK,2025-01-17
2476,264,49,Beauty,433.98,2,Germany,2025-05-24
2477,1026,15,Books,456.55,1,Germany,2025-06-09
2478,644,57,Beauty,345.2,3,Japan,2025-01-26
2479,807,4,Gaming,179.26,2,USA,2025-04-19
2480,1507,75,Sports,231.09,4,Germany,2025-08-28
2481,1373,28,Clothing,406.47,3,Germany,2025-09-09
2482,357,5,Sports,159.75,1,Japan,2025-06-04
2483,1180,39,Clothing,6.77,5,USA,2025-12-28
2484,780,55,Home,12.49,3,Germany,2025-04-01
2485,647,53,Sports,320.25,2,Germany,2025-05-04
2486,357,52,Sports,402.71,1,UK,2025-02-24
2487,1171,36,Gaming,220.69,3,Germany,2025-10-08
2488,882,36,Gaming,12.66,4,UK,2025-11-12
2489,582,55,Home,116.13,4,Japan,2025-02-17
2490,518,7,Gaming,340.16,5,USA,2025-02-18
2491,476,37,Gaming,42.49,4,France,2025-04-28
2492,1001,71,Clothing,251.66,5,Japan,2025-06-12
2493,883,26,Gaming,105.95,1,Australia,2025-11-28
2494,1322,57,Beauty,76.94,3,Germany,2025-06-08
2495,886,14,Clothing,186.5,4,Israel,2025-01-07
2496,1235,33,Toys,386.66,3,Israel,2025-03-11
2497,455,32,Gaming,209.04,5,France,2025-02-16
2498,1863,50,Clothing,430.39,3,France,2025-03-25
2499,263,14,Clothing,69.72,4,USA,2025-12-13
2500,919,15,Books,129.25,1,UK,2025-03-20
2501,1536,36,Gaming,1.18,5,France,2025-09-14
2502,1651,33,Toys,493.44,1,France,2025-05-11
2503,1523,79,Sports,406.18,4,Japan,2025-09-21
2504,1068,4,Gaming,470.27,1,USA,2025-08-28
2505,684,44,Beauty,288.08,5,Israel,2025-02-18
2506,1126,16,Home,426.24,4,UK,2025-01-03
2507,1025,49,Beauty,485.03,5,France,2025-06-24
2508,1548,49,Beauty,93.27,5,Australia,2025-04-07
2509,1018,8,Gaming,115.63,2,UK,2025-11-07
2510,125,3,Gaming,495.93,2,Israel,2025-03-03
2511,107,19,Books,481.75,3,Australia,2025-10-09
2512,35,62,Toys,212.89,3,Germany,2025-07-09
2513,829,80,Beauty,195.31,2,France,2025-07-08
2514,1779,57,Beauty,322.02,3,Israel,2025-05-18
2515,476,26,Gaming,422.31,2,USA,2025-01-05
2516,1055,45,Clothing,294.88,5,Australia,2025-08-07
2517,234,9,Clothing,260.55,3,Australia,2025-10-26
2518,1655,9,Clothing,267.72,5,Australia,2025-02-09
2519,1137,70,Books,267.98,4,Canada,2025-05-26
2520,543,61,Sports,471.78,4,UK,2025-12-09
2521,727,47,Books,206.87,5,Germany,2025-12-23
2522,1834,37,Gaming,425.02,5,UK,2025-04-06
2523,938,36,Gaming,113.48,2,UK,2025-06-22
2524,613,69,Sports,211.17,2,France,2025-09-15
2525,699,75,Sports,169.69,4,Israel,2025-07-18
2526,16,10,Beauty,137.01,3,France,2025-01-21
2527,232,38,Clothing,144.65,1,Canada,2025-11-14
2528,422,36,Gaming,213.61,1,UK,2025-08-14
2529,322,63,Books,344.98,3,Canada,2025-08-01
2530,1804,62,Toys,28.22,4,UK,2025-01-09
2531,1406,61,Sports,296.89,1,France,2025-10-13
2532,1287,23,Home,267.66,1,Canada,2025-11-05
2533,104,37,Gaming,413.46,1,Germany,2025-01-25
2534,182,33,Toys,72.61,3,Germany,2025-02-10
2535,674,79,Sports,489.31,5,Japan,2025-07-20
2536,1775,66,Clothing,246.68,3,USA,2025-11-02
2537,1771,67,Gaming,368.39,4,Australia,2025-05-02
2538,1830,28,Clothing,259.62,1,Japan,2025-05-13
2539,187,80,Beauty,390.53,1,Israel,2025-09-01
2540,729,21,Beauty,207.48,5,UK,2025-11-01
2541,779,26,Gaming,390.31,2,Canada,2025-02-05
2542,887,36,Gaming,12.36,2,France,2025-12-12
2543,530,13,Sports,383.63,3,Germany,2025-11-06
2544,480,25,Electronics,59.69,4,Japan,2025-10-25
2545,1035,49,Beauty,131.5,1,Israel,2025-05-27
2546,247,22,Home,85.29,3,France,2025-10-09
2547,690,27,Beauty,265.99,3,Israel,2025-08-28
2548,1282,48,Books,56.83,1,France,2025-08-19
2549,1406,62,Toys,383.4,2,Australia,2025-05-01
2550,163,28,Clothing,293.34,4,Australia,2025-04-12
2551,1322,61,Sports,202.32,1,USA,2025-07-22
2552,1520,40,Clothing,415.48,4,Israel,2025-01-25
2553,1836,61,Sports,126.74,3,Israel,2025-08-04
2554,1965,39,Clothing,17.12,4,Japan,2025-11-08
2555,295,59,Home,105.18,2,Germany,2025-11-13
2556,1050,23,Home,180.02,1,USA,2025-04-28
2557,989,70,Books,324.14,2,France,2025-08-16
2558,1112,18,Beauty,80.54,4,Japan,2025-02-04
2559,220,10,Beauty,383.17,5,Germany,2025-03-12
2560,901,79,Sports,21.96,1,Japan,2025-09-23
2561,346,43,Books,153.97,1,UK,2025-02-06
2562,1543,37,Gaming,256.91,5,Australia,2025-12-15
2563,220,26,Gaming,431.07,4,Australia,2025-03-11
2564,1094,76,Clothing,36.34,4,Israel,2025-07-25
2565,1393,39,Clothing,-5.74,1,UK,2025-04-28
2566,462,3,Gaming,396.67,4,France,2025-09-15
2567,1192,12,Clothing,402.12,2,Australia,2025-05-14
2568,833,6,Toys,416.27,3,Israel,2025-08-08
2569,848,31,Clothing,57.3,2,Canada,2025-05-08
2570,8,4,Gaming,338.92,5,Germany,2025-09-20
2571,1374,4,Gaming,154.19,3,Australia,2025-03-11
2572,1055,45,Clothing,106.1,2,Germany,2025-06-20
2573,701,5,Sports,116.88,1,UK,2025-07-12
2574,422,36,Gaming,329.28,2,USA,2025-03-17
2575,143,44,Beauty,475.05,4,Germany,2025-01-01
2576,1670,9,Clothing,191.31,5,Japan,2025-08-21
2577,246,21,Beauty,263.88,4,Australia,2025-06-17
2578,302,33,Toys,22.26,5,UK,2025-06-14
2579,1469,16,Home,370.77,5,France,2025-01-09
2580,137,54,Gaming,388.41,5,Israel,2025-03-28
2581,1538,4,Gaming,71.87,3,Israel,2025-04-24
2582,1213,10,Beauty,413.57,1,France,2025-12-25
2583,1602,77,Toys,151.28,3,Israel,2025-09-17
2584,882,37,Gaming,379.23,3,Israel,2025-04-28
2585,1792,71,Clothing,184.47,5,Japan,2025-01-04
2586,1885,30,Sports,22.33,5,France,2025-06-18
2587,820,4,Gaming,149.67,5,Israel,2025-11-22
2588,1287,39,Clothing,82.43,3,UK,2025-05-25
2589,171,40,Clothing,274.81,3,USA,2025-10-11
2590,1775,66,Clothing,327.37,4,UK,2025-11-08
2591,1809,52,Sports,68.34,3,Japan,2025-08-11
2592,1417,80,Beauty,27.94,1,UK,2025-04-20
2593,600,31,Clothing,420.16,3,USA,2025-07-16
2594,1841,41,Clothing,490.45,3,Japan,2025-10-19
2595,1682,33,Toys,479.44,5,Canada,2025-07-19
2596,784,6,Toys,222.83,4,France,2025-01-17
2597,82,11,Toys,125.62,5,France,2025-07-25
2598,1257,11,Toys,344.94,3,France,2025-02-03
2599,11,1,Sports,50.67,4,Israel,2025-01-07
2600,1023,49,Beauty,451.43,3,France,2025-04-08
2601,1028,56,Gaming,87.92,5,Australia,2025-08-26
2602,1575,32,Gaming,416.39,3,USA,2025-10-19
2603,1097,28,Clothing,387.09,5,Canada,2025-12-17
2604,838,26,Gaming,477.5,4,France,2025-02-25
2605,1679,8,Gaming,271.43,2,Germany,2025-09-28
2606,1958,67,Gaming,146.28,4,USA,2025-03-19
2607,1219,41,Clothing,123.83,4,Israel,2025-09-01
2608,746,46,Gaming,82.32,5,Canada,2025-11-23
2609,623,45,Clothing,378.83,5,UK,2025-06-27
2610,331,50,Clothing,114.84,2,Japan,2025-03-15
2611,1290,5,Sports,336.27,2,Israel,2025-09-07
2612,430,74,Clothing,292.4,1,France,2025-06-15
2613,666,26,Gaming,429.43,5,USA,2025-11-16
2614,1012,58,Beauty,421.98,2,France,2025-02-10
2615,1448,12,Clothing,260.44,4,USA,2025-05-10
2616,1149,14,Clothing,40.09,2,Australia,2025-10-05
2617,1552,7,Gaming,347.73,3,Germany,2025-10-19
2618,1530,29,Toys,399.44,4,Israel,2025-06-16
2619,771,47,Books,408.94,1,UK,2025-11-18
2620,1181,43,Books,293.35,3,Australia,2025-09-14
2621,11,43,Books,229.19,2,USA,2025-08-26
2622,303,62,Toys,78.92,1,Canada,2025-04-07
2623,683,63,Books,223.95,4,Israel,2025-06-06
2624,1054,39,Clothing,28.01,1,Australia,2025-12-28
2625,1152,34,Beauty,303.82,1,Japan,2025-09-03
2626,1408,48,Books,294.25,2,Australia,2025-09-19
2627,1223,78,Clothing,188.15,1,France,2025-02-11
2628,200,38,Clothing,87.56,3,Australia,2025-07-09
2629,1948,70,Books,43.22,4,UK,2025-10-01
2630,579,28,Clothing,440.07,5,USA,2025-08-02
2631,1324,18,Beauty,3.7,3,Israel,2025-06-07
2632,959,80,Beauty,224.68,4,Australia,2025-08-24
2633,487,39,Clothing,352.67,4,UK,2025-04-23
2634,362,58,Beauty,247.03,5,Germany,2025-08-28
2635,37,3,Gaming,398.71,5,France,2025-11-14
2636,562,63,Books,208.92,4,Japan,2025-09-14
2637,1236,21,Beauty,396.62,1,Germany,2025-03-06
2638,1646,69,Sports,12.24,1,Israel,2025-04-11
2639,587,41,Clothing,460.85,3,France,2025-04-16
2640,7,47,Books,10.82,5,France,2025-12-01
2641,1998,2,Sports,227.66,1,UK,2025-09-03
2642,1828,9,Clothing,468.96,5,Germany,2025-05-15
2643,143,65,Sports,498.71,5,Australia,2025-10-08
2644,1041,46,Gaming,108.06,1,Israel,2025-08-11
2645,172,18,Beauty,168.26,2,Canada,2025-03-03
2646,314,21,Beauty,446.58,2,USA,2025-04-07
2647,554,70,Books,437.12,3,France,2025-04-22
2648,106,43,Books,464.65,3,France,2025-11-16
2649,254,28,Clothing,186.63,5,Japan,2025-12-05
2650,346,42,Beauty,117.5,3,UK,2025-06-13
2651,1507,26,Gaming,13.2,5,Canada,2025-01-01
2652,393,8,Gaming,181.08,2,Canada,2025-03-03
2653,878,56,Gaming,407.65,2,France,2025-06-10
2654,1718,12,Clothing,30.18,5,Japan,2025-01-17
2655,1113,60,Gaming,175.56,4,UK,2025-02-09
2656,268,42,Beauty,218.98,1,France,2025-11-09
2657,607,1,Sports,379.52,3,Germany,2025-02-28
2658,1226,78,Clothing,170.51,1,France,2025-06-27
2659,1892,33,Toys,48.64,4,Canada,2025-10-26
2660,366,5,Sports,486.26,3,France,2025-09-18
2661,1152,50,Clothing,257.56,5,France,2025-05-02
2662,1214,56,Gaming,73.95,3,USA,2025-07-28
2663,728,30,Sports,69.57,4,USA,2025-10-27
2664,1889,35,Sports,345.9,1,UK,2025-11-13
2665,1337,27,Beauty,209.1,2,Israel,2025-11-01
2666,912,34,Beauty,488.91,5,UK,2025-04-08
2667,1666,9,Clothing,54.71,4,Japan,2025-04-04
2668,180,12,Clothing,400.13,1,Australia,2025-08-07
2669,1628,74,Clothing,39.99,1,Canada,2025-10-14
2670,1517,40,Clothing,285.77,1,Japan,2025-06-22
2671,1144,77,Toys,348.08,5,Japan,2025-02-27
2672,1375,60,Gaming,127.72,3,Japan,2025-09-20
2673,389,68,Home,330.07,2,Germany,2025-05-21
2674,552,69,Sports,153.44,5,Israel,2025-09-06
2675,1948,68,Home,493.77,2,UK,2025-06-17
2676,962,1,Sports,95.83,4,USA,2025-10-08
2677,330,59,Home,241.04,4,Japan,2025-06-27
2678,112,74,Clothing,260.55,2,UK,2025-11-13
2679,1977,60,Gaming,443.49,2,UK,2025-04-06
2680,1609,76,Clothing,128.43,2,Japan,2025-11-19
2681,1995,38,Clothing,76.27,3,Canada,2025-05-23
2682,159,38,Clothing,305.43,3,Japan,2025-12-13
2683,484,4,Gaming,246.9,3,Canada,2025-09-12
2684,810,77,Toys,360.49,5,Australia,2025-05-25
2685,1346,14,Clothing,224.88,1,Australia,2025-09-05
2686,1973,76,Clothing,391.66,3,USA,2025-12-10
2687,1244,77,Toys,406.82,5,Canada,2025-04-08
2688,1316,25,Electronics,162.94,1,USA,2025-01-26
2689,452,61,Sports,196.63,4,Israel,2025-04-26
2690,257,66,Clothing,363.39,2,Israel,2025-01-01
2691,938,12,Clothing,165.45,5,Japan,2025-05-17
2692,689,6,Toys,387.26,2,USA,2025-10-03
2693,878,48,Books,132.76,4,Australia,2025-01-17
2694,1063,46,Gaming,123.85,1,Israel,2025-07-04
2695,530,52,Sports,372.27,3,Israel,2025-11-23
2696,933,10,Beauty,344.81,5,Australia,2025-01-18
2697,1353,67,Gaming,446.18,1,USA,2025-03-28
2698,714,73,Electronics,69.07,4,Canada,2025-04-15
2699,1823,30,Sports,349.49,3,France,2025-12-20
2700,1532,65,Sports,287.98,3,Israel,2025-09-09
2701,1286,57,Beauty,66.8,1,UK,2025-12-23
2702,771,45,Clothing,75.75,1,Japan,2025-02-08
2703,1258,51,Clothing,185.92,1,USA,2025-01-17
2704,207,37,Gaming,45.28,4,UK,2025-08-03
2705,786,3,Gaming,166.21,3,Japan,2025-08-28
2706,904,40,Clothing,480.19,4,Australia,2025-02-07
2707,339,46,Gaming,316.57,1,USA,2025-08-02
2708,448,38,Clothing,227.78,3,Germany,2025-06-01
2709,1634,69,Sports,263.99,5,UK,2025-10-20
2710,1398,25,Electronics,213.38,1,USA,2025-04-19
2711,261,60,Gaming,440.42,5,Israel,2025-11-17
2712,1513,1,Sports,199.77,5,France,2025-07-15
2713,487,70,Books,132.45,1,Germany,2025-11-24
2714,679,79,Sports,145.98,3,Germany,2025-03-15
2715,230,13,Sports,370.62,1,France,2025-04-23
2716,480,10,Beauty,183.16,2,Japan,2025-03-16
2717,1434,14,Clothing,102.66,5,Canada,2025-03-25
2718,892,79,Sports,353.39,2,Israel,2025-04-17
2719,1732,1,Sports,293.97,4,Germany,2025-12-22
2720,1541,21,Beauty,52.18,4,Germany,2025-06-04
2721,832,55,Home,82.82,5,USA,2025-02-22
2722,1682,28,Clothing,291.3,1,Germany,2025-04-22
2723,169,46,Gaming,111.02,4,USA,2025-10-28
2724,1522,70,Books,458.07,3,UK,2025-02-08
2725,1064,46,Gaming,395.37,3,Israel,2025-08-13
2726,1617,14,Clothing,416.97,3,Israel,2025-08-11
2727,408,38,Clothing,51.73,3,UK,2025-03-26
2728,1914,38,Clothing,10.62,2,Germany,2025-02-24
2729,1704,65,Sports,433.1,3,Germany,2025-11-22
2730,904,45,Clothing,25.93,3,Japan,2025-02-16
2731,1469,35,Sports,126.13,3,Germany,2025-09-21
2732,298,78,Clothing,223.34,4,Canada,2025-06-08
2733,1859,65,Sports,73.9,2,Israel,2025-11-10
2734,114,69,Sports,475.54,3,Israel,2025-06-24
2735,432,29,Toys,145.65,5,Canada,2025-10-23
2736,362,75,Sports,457.45,4,Australia,2025-07-24
2737,1989,79,Sports,346.63,3,Australia,2025-12-16
2738,964,33,Toys,145.25,5,Canada,2025-11-07
2739,290,79,Sports,66.75,2,France,2025-08-14
2740,604,42,Beauty,451.33,3,USA,2025-01-23
2741,1316,48,Books,452.85,2,Israel,2025-01-27
2742,1499,2,Sports,254.78,2,UK,2025-02-03
2743,1501,23,Home,249.2,2,Australia,2025-08-28
2744,843,59,Home,452.81,5,USA,2025-01-07
2745,657,10,Beauty,416.89,5,Canada,2025-01-06
2746,1954,7,Gaming,281.5,1,UK,2025-03-03
2747,1320,21,Beauty,391.38,2,Canada,2025-08-17
2748,956,80,Beauty,277.65,1,USA,2025-07-15
2749,916,70,Books,443.07,4,Japan,2025-02-22
2750,490,51,Clothing,383.55,3,France,2025-01-19
2751,1393,57,Beauty,392.69,2,Israel,2025-11-16
2752,1953,28,Clothing,395.81,1,Canada,2025-07-02
2753,435,30,Sports,382.45,1,Australia,2025-12-27
2754,1120,60,Gaming,237.38,1,Germany,2025-12-01
2755,1568,70,Books,230.19,1,Israel,2025-05-26
2756,81,38,Clothing,397.32,5,UK,2025-05-19
2757,1355,46,Gaming,142.79,2,Japan,2025-04-19
2758,1210,40,Clothing,313.7,3,Israel,2025-10-20
2759,1354,51,Clothing,80.98,3,USA,2025-05-01
2760,1696,5,Sports,357.32,3,Canada,2025-10-11
2761,1701,52,Sports,382.82,4,Germany,2025-11-13
2762,105,32,Gaming,490.41,4,USA,2025-08-12
2763,235,54,Gaming,406.1,3,USA,2025-01-09
2764,733,35,Sports,281.76,3,France,2025-02-20
2765,882,50,Clothing,419.35,5,France,2025-09-06
2766,1480,14,Clothing,436.96,3,Israel,2025-12-16
2767,1995,73,Electronics,23.79,4,Canada,2025-06-09
2768,1694,28,Clothing,393.89,1,UK,2025-05-28
2769,831,56,Gaming,416.03,2,USA,2025-08-23
2770,219,48,Books,474.64,4,Israel,2025-10-26
2771,1129,56,Gaming,317.38,4,Germany,2025-06-26
2772,821,78,Clothing,79.55,3,France,2025-08-10
2773,529,28,Clothing,190.75,4,France,2025-01-04
2774,1216,21,Beauty,81.39,4,Japan,2025-09-06
2775,1266,62,Toys,235.05,4,Germany,2025-11-11
2776,702,8,Gaming,295.2,4,USA,2025-07-16
2777,1033,68,Home,269.1,4,USA,2025-07-18
2778,1025,44,Beauty,356.48,5,UK,2025-01-27
2779,27,28,Clothing,464.71,3,Australia,2025-11-27
2780,142,13,Sports,224.63,1,Canada,2025-06-15
2781,1745,39,Clothing,227.5,5,USA,2025-09-21
2782,1872,74,Clothing,160.83,2,Israel,2025-07-03
2783,1762,35,Sports,358.84,1,Israel,2025-07-14
2784,1653,16,Home,334.22,1,France,2025-06-13
2785,813,50,Clothing,320.67,3,Germany,2025-10-22
2786,1145,18,Beauty,170.68,3,USA,2025-10-07
2787,1232,54,Gaming,75.43,1,Japan,2025-06-12
2788,1405,38,Clothing,383.55,1,UK,2025-07-02
2789,170,63,Books,463.5,2,Germany,2025-08-22
2790,1907,12,Clothing,413.75,3,Israel,2025-05-28
2791,281,27,Beauty,219.97,1,Australia,2025-05-19
2792,1784,57,Beauty,222.85,3,Canada,2025-05-06
2793,945,76,Clothing,247.33,1,Canada,2025-07-01
2794,1550,49,Beauty,286.86,3,France,2025-12-03
2795,58,73,Electronics,360.71,3,USA,2025-10-17
2796,1093,33,Toys,495.96,5,Germany,2025-12-16
2797,1941,12,Clothing,384.81,5,Israel,2025-12-20
2798,1381,58,Beauty,254.1,2,Canada,2025-10-25
2799,234,41,Clothing,219.12,3,Australia,2025-04-07
2800,476,26,Gaming,87.73,4,Canada,2025-06-18
2801,832,46,Gaming,274.69,1,Israel,2025-12-15
2802,430,70,Books,315.96,3,UK,2025-10-15
2803,1993,55,Home,113.64,1,Canada,2025-06-26
2804,1372,3,Gaming,300.33,4,Israel,2025-10-13
2805,1033,73,Electronics,213.73,1,Germany,2025-05-26
2806,501,50,Clothing,406.15,2,France,2025-08-19
2807,1076,48,Books,319.3,2,Canada,2025-12-25
2808,1267,58,Beauty,419.59,3,USA,2025-12-05
2809,225,66,Clothing,258.07,2,Israel,2025-05-07
2810,84,16,Home,177.79,4,Canada,2025-07-05
2811,1822,18,Beauty,421.51,3,France,2025-03-21
2812,758,67,Gaming,348.67,2,Canada,2025-01-15
2813,81,34,Beauty,231.41,4,Japan,2025-12-06
2814,317,19,Books,124.54,2,Germany,2025-02-26
2815,567,80,Beauty,486.83,4,France,2025-02-11
2816,1652,79,Sports,70.19,5,Israel,2025-05-01
2817,1613,67,Gaming,485.21,1,USA,2025-04-03
2818,1325,47,Books,189.19,4,Canada,2025-08-19
2819,1161,29,Toys,459.93,1,USA,2025-09-13
2820,695,7,Gaming,153.74,5,Canada,2025-12-09
2821,67,32,Gaming,197.95,1,France,2025-04-24
2822,1643,75,Sports,394.89,4,Canada,2025-06-15
2823,133,79,Sports,86.18,1,Japan,2025-04-01
2824,946,49,Beauty,477.88,4,Germany,2025-04-02
2825,252,10,Beauty,234.68,5,Israel,2025-11-11
2826,743,31,Clothing,151.68,2,Israel,2025-05-16
2827,1610,27,Beauty,393.33,5,Israel,2025-02-12
2828,1492,70,Books,215.0,5,USA,2025-07-08
2829,681,31,Clothing,454.65,3,UK,2025-11-04
2830,1867,24,Beauty,181.71,5,France,2025-02-21
2831,1854,44,Beauty,339.5,1,Canada,2025-03-12
2832,371,36,Gaming,475.15,1,Australia,2025-10-12
2833,951,2,Sports,227.72,3,Canada,2025-09-12
2834,1884,17,Books,36.73,4,Japan,2025-08-07
2835,658,46,Gaming,86.12,4,Canada,2025-12-09
2836,81,55,Home,323.26,5,Germany,2025-10-17
2837,908,72,Electronics,430.07,5,France,2025-05-10
2838,1065,57,Beauty,360.54,5,Germany,2025-02-11
2839,1906,60,Gaming,114.45,1,Australia,2025-08-19
2840,874,80,Beauty,38.47,0,Canada,2025-07-25
2841,626,55,Home,400.52,3,Israel,2025-06-27
2842,632,10,Beauty,465.06,3,France,2025-01-26
2843,1625,66,Clothing,387.08,4,Japan,2025-06-14
2844,1214,3,Gaming,100.2,3,France,2025-08-13
2845,500,67,Gaming,176.76,5,Canada,2025-08-18
2846,305,66,Clothing,285.75,3,Australia,2025-12-20
2847,1169,2,Sports,84.32,5,Australia,2025-08-12
2848,1594,44,Beauty,217.89,1,Australia,2025-10-03
2849,1679,67,Gaming,63.43,3,Israel,2025-09-25
2850,1472,30,Sports,331.55,4,Germany,2025-11-23
2851,830,58,Beauty,41.72,2,USA,2025-06-01
2852,1406,46,Gaming,136.29,2,Japan,2025-01-18
2853,465,71,Clothing,10.93,1,Japan,2025-06-18
2854,656,51,Clothing,382.26,5,Australia,2025-12-23
2855,782,14,Clothing,370.67,4,Australia,2025-07-07
2856,397,46,Gaming,136.78,2,Israel,2025-02-02
2857,679,21,Beauty,196.01,2,UK,2025-03-17
2858,1727,35,Sports,141.2,2,France,2025-12-27
2859,529,10,Beauty,488.53,4,Israel,2025-07-12
2860,1039,72,Electronics,80.67,1,Israel,2025-06-18
2861,66,49,Beauty,243.04,4,USA,2025-01-24
2862,573,8,Gaming,276.51,3,Germany,2025-08-16
2863,1593,38,Clothing,136.94,5,UK,2025-08-23
2864,1627,4,Gaming,246.02,1,Canada,2025-10-21
2865,7,37,Gaming,2.96,2,Germany,2025-07-11
2866,729,38,Clothing,259.46,2,Germany,2025-06-08
2867,1418,20,Home,372.01,3,France,2025-04-06
2868,1900,51,Clothing,108.37,2,Japan,2025-02-16
2869,1368,41,Clothing,324.99,3,Australia,2025-04-18
2870,1513,45,Clothing,39.74,5,Canada,2025-02-21
2871,1081,45,Clothing,266.85,3,USA,2025-05-04
2872,991,50,Clothing,91.22,1,Canada,2025-10-12
2873,926,59,Home,426.51,4,UK,2025-03-12
2874,385,36,Gaming,183.7,1,Germany,2025-08-05
2875,1998,23,Home,148.84,3,France,2025-11-14
2876,193,70,Books,402.92,5,Canada,2025-02-19
2877,976,71,Clothing,125.07,1,Germany,2025-01-24
2878,216,63,Books,293.0,3,Australia,2025-04-01
2879,643,49,Beauty,115.33,4,Japan,2025-05-12
2880,1058,14,Clothing,17.96,2,Japan,2025-02-03
2881,1098,65,Sports,424.1,4,Australia,2025-05-22
2882,1896,57,Beauty,353.34,1,Germany,2025-12-08
2883,725,36,Gaming,179.6,3,Japan,2025-03-02
2884,1558,36,Gaming,208.11,1,Japan,2025-02-27
2885,1657,69,Sports,148.72,3,UK,2025-07-12
2886,764,42,Beauty,165.23,2,Israel,2025-08-02
2887,1663,35,Sports,323.45,1,Canada,2025-12-05
2888,1713,11,Toys,303.34,2,Australia,2025-03-07
2889,1835,13,Sports,29.54,4,USA,2025-08-27
2890,545,35,Sports,115.86,3,France,2025-10-11
2891,708,43,Books,404.15,4,Japan,2025-05-25
2892,600,33,Toys,439.09,3,Germany,2025-04-14
2893,1185,75,Sports,427.52,3,France,2025-12-16
2894,1015,12,Clothing,327.76,2,Japan,2025-02-24
2895,1924,68,Home,302.07,4,France,2025-09-14
2896,708,78,Clothing,120.88,4,UK,2025-06-05
2897,1182,74,Clothing,110.84,5,France,2025-04-13
2898,1567,76,Clothing,115.14,5,UK,2025-03-22
2899,451,46,Gaming,401.92,2,Japan,2025-11-09
2900,191,67,Gaming,311.57,4,Canada,2025-07-12
2901,1415,32,Gaming,276.8,2,Israel,2025-11-19
2902,956,48,Books,222.67,1,Germany,2025-11-23
2903,1062,68,Home,475.46,3,Japan,2025-06-09
2904,1559,44,Beauty,83.52,5,Canada,2025-02-21
2905,915,31,Clothing,338.89,4,USA,2025-05-03
2906,276,34,Beauty,28.69,1,Australia,2025-10-22
2907,791,12,Clothing,260.02,3,Israel,2025-07-28
2908,104,46,Gaming,29.29,2,USA,2025-12-20
2909,1930,63,Books,249.57,1,UK,2025-02-03
2910,1806,51,Clothing,184.36,2,Canada,2025-11-16
2911,1998,52,Sports,39.62,4,Germany,2025-01-18
2912,564,57,Beauty,257.61,3,Canada,2025-04-15
2913,1623,5,Sports,499.53,3,Israel,2025-03-20
2914,1763,17,Books,169.85,4,Australia,2025-09-03
2915,1464,70,Books,301.94,1,Japan,2025-11-06
2916,1948,54,Gaming,237.89,4,Canada,2025-07-21
2917,824,30,Sports,253.74,2,Canada,2025-01-23
2918,430,34,Beauty,not-a-price,2,Canada,2025-12-14
2919,1124,27,Beauty,98.02,2,USA,2025-07-21
2920,42,33,Toys,426.09,5,USA,2025-02-05
2921,900,16,Home,247.97,4,Germany,2025-12-28
2922,694,1,Sports,1.08,4,Japan,2025-03-11
2923,1581,44,Beauty,375.76,2,UK,2025-06-20
2924,721,72,Electronics,111.99,5,Australia,2025-11-26
2925,1879,15,Books,180.57,3,Japan,2025-05-20
2926,1704,14,Clothing,21.18,5,Japan,2025-04-22
2927,6,8,Gaming,117.88,3,Canada,2025-03-13
2928,1106,58,Beauty,226.33,5,Israel,2025-06-10
2929,85,43,Books,330.78,2,USA,2025-06-11
2930,669,40,Clothing,132.36,5,USA,2025-10-19
2931,944,28,Clothing,223.24,2,USA,2025-08-01
2932,49,6,Toys,470.83,3,Japan,2025-08-20
2933,1491,42,Beauty,496.27,5,Australia,2025-06-08
2934,1219,76,Clothing,360.78,1,Israel,2025-04-19
2935,312,22,Home,75.5,4,Germany,2025-02-19
2936,1464,74,Clothing,357.48,5,France,2025-07-10
2937,1297,16,Home,115.47,5,Australia,2025-03-01
2938,1491,45,Clothing,349.95,4,Australia,2025-04-06
2939,1762,35,Sports,255.77,3,Germany,2025-12-11
2940,716,42,Beauty,256.14,4,France,2025-02-19
2941,1897,72,Electronics,290.94,5,USA,2025-05-26
2942,783,27,Beauty,306.17,1,France,2025-06-28
2943,444,22,Home,241.0,1,Japan,2025-06-04
2944,286,8,Gaming,224.31,3,Germany,2025-03-26
2945,1679,58,Beauty,240.13,1,UK,2025-02-14
2946,564,77,Toys,455.51,4,Israel,2025-06-12
2947,897,49,Beauty,112.12,5,Canada,2025-04-19
2948,839,58,Beauty,103.02,4,USA,2025-12-18
2949,1890,3,Gaming,320.27,5,France,2025-05-13
2950,857,41,Clothing,69.7,2,USA,2025-07-15
2951,35,75,Sports,229.19,2,USA,2025-06-10
2952,1322,25,Electronics,308.97,5,USA,2025-04-24
2953,537,50,Clothing,76.61,4,Japan,2025-05-08
2954,461,56,Gaming,214.45,5,Israel,2025-08-23
2955,1167,26,Gaming,47.0,5,UK,2025-10-09
2956,165,30,Sports,149.65,4,Japan,2025-10-05
2957,1735,7,Gaming,54.35,3,France,2025-08-06
2958,1004,37,Gaming,206.91,4,USA,2025-05-17
2959,620,24,Beauty,297.88,2,Germany,2025-08-24
2960,640,52,Sports,312.21,5,UK,2025-06-14
2961,1591,51,Clothing,58.19,1,France,2025-11-11
2962,442,60,Gaming,232.77,5,Germany,2025-12-05
2963,1196,80,Beauty,180.71,1,Australia,2025-07-18
2964,1868,59,Home,7.08,1,Germany,2025-09-11
2965,1680,77,Toys,4.6,2,Israel,2025-02-27
2966,1350,28,Clothing,329.05,2,Israel,2025-01-13
2967,1177,15,Books,371.9,5,France,2025-02-23
2968,725,65,Sports,not-a-price,4,Canada,2025-04-27
2969,1881,66,Clothing,143.13,2,USA,2025-12-14
2970,1815,40,Clothing,326.88,1,UK,2025-05-16
2971,261,58,Beauty,248.35,2,Canada,2025-06-07
2972,280,78,Clothing,50.27,2,France,2025-12-04
2973,464,80,Beauty,114.87,1,Canada,2025-01-04
2974,1375,21,Beauty,235.38,1,Germany,2025-10-07
2975,1971,33,Toys,245.13,2,Germany,2025-09-08
2976,980,37,Gaming,165.19,2,Germany,2025-02-13
2977,1980,52,Sports,130.87,1,Australia,2025-03-05
2978,56,8,Gaming,253.17,2,USA,2025-04-14
2979,1372,75,Sports,371.83,3,USA,2025-09-05
2980,1163,39,Clothing,106.92,3,France,2025-11-13
2981,651,57,Beauty,106.72,2,France,2025-01-05
2982,794,16,Home,445.11,4,Israel,2025-06-01
2983,198,17,Books,126.53,5,Germany,2025-03-07
2984,421,40,Clothing,405.12,4,Japan,2025-12-22
2985,1609,38,Clothing,202.96,3,Japan,2025-05-02
2986,14,56,Gaming,322.55,2,France,2025-06-19
2987,1767,36,Gaming,131.93,3,Australia,2025-11-13
2988,1804,7,Gaming,130.52,2,Canada,2025-11-24
2989,1959,42,Beauty,376.34,1,USA,2025-04-04
2990,1693,20,Home,129.21,1,Israel,2025-08-26
2991,1946,65,Sports,416.31,5,UK,2025-12-02
2992,1467,78,Clothing,436.7,5,Japan,2025-09-06
2993,937,62,Toys,223.66,3,Israel,2025-05-04
2994,1558,66,Clothing,419.32,2,USA,2025-12-06
2995,1626,64,Beauty,255.34,4,France,2025-09-28
2996,1904,16,Home,288.15,4,Australia,2025-05-09
2997,1889,22,Home,430.49,1,Canada,2025-06-19
2998,38,42,Beauty,289.57,1,Canada,2025-03-12
2999,1507,63,Books,311.79,1,UK,2025-05-24
3000,1659,57,Beauty,44.89,5,France,2025-11-27
3001,678,31,Clothing,407.46,1,Israel,2025-12-09
3002,1696,30,Sports,484.07,2,France,2025-07-17
3003,966,75,Sports,214.18,4,France,2025-08-08
3004,1262,1,Sports,195.06,2,France,2025-02-09
3005,769,50,Clothing,316.01,2,Israel,2025-10-28
3006,836,26,Gaming,12.42,2,UK,2025-02-25
3007,1299,56,Gaming,214.39,3,Australia,2025-10-27
3008,1997,25,Electronics,322.33,5,UK,2025-09-18
3009,556,31,Clothing,not-a-price,5,UK,2025-06-22
3010,1700,72,Electronics,451.58,1,Israel,2025-07-18
3011,1060,20,Home,399.3,1,Germany,2025-05-10
3012,700,62,Toys,84.07,2,Australia,2025-12-05
3013,1218,70,Books,191.45,4,Germany,2025-11-15
3014,28,68,Home,236.87,2,Germany,2025-06-15
3015,1671,25,Electronics,173.43,5,USA,2025-10-20
3016,143,59,Home,111.44,3,Germany,2025-09-09
3017,178,13,Sports,36.25,2,Germany,2025-11-09
3018,1084,6,Toys,266.26,4,USA,2025-07-23
3019,405,50,Clothing,345.9,1,Canada,2025-11-14
3020,1505,36,Gaming,106.25,5,Canada,2025-06-16
3021,1756,40,Clothing,315.75,5,Australia,2025-09-12
3022,1944,73,Electronics,7.16,2,Japan,2025-01-20
3023,1610,20,Home,365.95,5,Australia,2025-12-28
3024,315,11,Toys,41.79,5,USA,2025-04-27
3025,1580,14,Clothing,62.25,3,USA,2025-03-16
3026,1983,26,Gaming,297.05,1,France,2025-12-01
3027,1260,7,Gaming,115.77,3,Australia,2025-04-20
3028,1632,55,Home,216.94,2,UK,2025-05-03
3029,868,54,Gaming,23.89,1,Germany,2025-01-01
3030,457,69,Sports,39.19,2,Australia,2025-09-09
3031,1436,66,Clothing,270.23,4,France,2025-02-26
3032,285,62,Toys,6.66,3,Australia,2025-06-18
3033,945,42,Beauty,414.42,5,Australia,2025-06-16
3034,487,13,Sports,355.5,1,USA,2025-08-06
3035,1141,33,Toys,102.03,1,Australia,2025-01-08
3036,841,26,Gaming,109.66,4,Israel,2025-02-23
3037,125,54,Gaming,452.45,3,France,2025-01-04
3038,405,19,Books,132.16,4,Israel,2025-04-23
3039,970,33,Toys,301.75,4,Germany,2025-09-10
3040,1414,6,Toys,415.84,2,UK,2025-09-17
3041,616,72,Electronics,10.67,5,Japan,2025-11-10
3042,634,75,Sports,315.02,4,Germany,2025-03-10
3043,1212,48,Books,129.96,4,Australia,2025-06-10
3044,1614,31,Clothing,301.71,5,Germany,2025-07-23
3045,669,80,Beauty,452.53,5,Japan,2025-03-01
3046,310,28,Clothing,447.01,4,Germany,2025-12-22
3047,562,79,Sports,89.83,5,UK,2025-09-13
3048,631,21,Beauty,221.49,4,USA,2025-12-02
3049,1299,78,Clothing,440.05,2,Japan,2025-08-26
3050,370,30,Sports,26.2,2,USA,2025-10-09
3051,798,49,Beauty,467.42,5,Canada,2025-04-28
3052,671,24,Beauty,339.57,2,Japan,2025-11-09
3053,72,24,Beauty,117.79,5,Canada,2025-07-20
3054,467,27,Beauty,20.97,5,USA,2025-12-23
3055,318,75,Sports,379.7,2,France,2025-12-19
3056,1792,62,Toys,133.01,3,Canada,2025-09-24
3057,1063,35,Sports,241.87,3,France,2025-07-08
3058,1975,33,Toys,179.44,5,Canada,2025-04-28
3059,952,35,Sports,496.55,4,Australia,2025-06-17
3060,1852,57,Beauty,425.75,2,Germany,2025-01-17
3061,1363,70,Books,350.44,5,Israel,2025-10-14
3062,598,12,Clothing,124.93,5,Japan,2025-06-01
3063,1100,67,Gaming,355.24,4,UK,2025-12-22
3064,1937,3,Gaming,190.5,1,Israel,2025-04-25
3065,1497,76,Clothing,88.5,4,France,2025-04-10
3066,1714,45,Clothing,210.66,2,UK,2025-11-12
3067,1798,37,Gaming,77.58,3,Australia,2025-06-15
3068,358,4,Gaming,98.79,1,Japan,2025-04-19
3069,834,64,Beauty,283.86,4,Germany,2025-12-03
3070,391,39,Clothing,138.85,1,Germany,2025-08-22
3071,1017,38,Clothing,465.56,4,Germany,2025-12-16
3072,172,55,Home,360.93,4,Canada,2025-09-28
3073,542,33,Toys,293.91,1,UK,2025-11-03
3074,731,62,Toys,448.49,5,Germany,2025-07-20
3075,1540,5,Sports,277.48,2,Australia,2025-12-01
3076,637,27,Beauty,198.42,4,Canada,2025-12-01
3077,1561,46,Gaming,493.25,1,Germany,2025-02-04
3078,1278,73,Electronics,191.89,1,Canada,2025-02-11
3079,496,35,Sports,5.56,5,France,2025-10-08
3080,1696,45,Clothing,471.16,1,Canada,2025-05-15
3081,10,72,Electronics,138.64,5,Australia,2025-01-28
3082,1771,31,Clothing,357.34,3,UK,2025-09-09
3083,1823,2,Sports,260.86,5,USA,2025-05-04
3084,1858,48,Books,499.87,4,France,2025-10-25
3085,718,20,Home,90.34,4,USA,2025-12-17
3086,612,27,Beauty,487.97,2,UK,2025-02-11
3087,590,39,Clothing,282.28,5,Germany,2025-09-21
3088,894,71,Clothing,407.52,2,Germany,2025-09-08
3089,176,55,Home,143.8,4,Germany,2025-07-21
3090,858,57,Beauty,323.99,3,Japan,2025-04-09
3091,307,74,Clothing,239.36,4,Israel,2025-08-09
3092,37,7,Gaming,496.86,3,Japan,2025-04-26
3093,1204,74,Clothing,374.09,5,UK,2025-07-19
3094,1602,23,Home,336.02,3,Japan,2025-02-19
3095,784,34,Beauty,371.46,5,France,2025-03-28
3096,550,55,Home,139.51,2,Germany,2025-12-24
3097,1991,70,Books,68.13,5,Japan,2025-08-28
3098,1040,23,Home,89.76,2,Canada,2025-07-14
3099,750,43,Books,41.35,4,Japan,2025-04-04
3100,1143,65,Sports,457.87,2,Canada,2025-12-08
3101,1744,6,Toys,389.07,1,Japan,2025-03-14
3102,1728,25,Electronics,29.07,1,France,2025-05-15
3103,450,18,Beauty,38.85,3,Germany,2025-07-26
3104,906,48,Books,247.93,3,UK,2025-12-10
3105,1698,42,Beauty,497.42,3,France,2025-06-08
3106,1879,3,Gaming,28.52,3,Israel,2025-11-15
3107,571,5,Sports,453.74,1,UK,2025-03-10
3108,1513,2,Sports,5.53,5,Japan,2025-12-06
3109,1431,64,Beauty,306.72,5,UK,2025-01-07
3110,1077,43,Books,357.98,1,France,2025-01-25
3111,1825,69,Sports,74.18,1,Israel,2025-07-06
3112,41,53,Sports,269.35,4,France,2025-08-15
3113,710,26,Gaming,51.76,2,Germany,2025-01-10
3114,1590,73,Electronics,118.77,3,France,2025-04-11
3115,1303,37,Gaming,141.28,5,Canada,2025-04-07
3116,1466,59,Home,76.46,4,USA,2025-03-18
3117,1277,76,Clothing,226.73,2,Australia,2025-12-27
3118,1868,23,Home,159.42,3,USA,2025-09-08
3119,329,74,Clothing,390.53,2,France,2025-11-22
3120,420,23,Home,277.84,1,Canada,2025-11-25
3121,999,60,Gaming,321.27,3,Germany,2025-06-27
3122,887,50,Clothing,-30.46,3,Israel,2025-02-10
3123,1514,79,Sports,110.75,1,Japan,2025-08-17
3124,1270,27,Beauty,463.05,4,Israel,2025-07-02
3125,1036,7,Gaming,143.36,3,Israel,2025-05-02
3126,36,13,Sports,365.39,2,Israel,2025-06-22
3127,1700,7,Gaming,180.06,3,Japan,2025-09-21
3128,1839,284,Home,12.27,5,France,2025-04-03
3129,911,15,Books,100.34,3,Australia,2025-02-14
3130,278,15,Books,326.05,3,USA,2025-12-16
3131,594,49,Beauty,133.44,5,Japan,2025-03-23
3132,678,56,Gaming,388.99,1,USA,2025-09-21
3133,1100,66,Clothing,81.63,3,France,2025-12-15
3134,1655,32,Gaming,488.48,1,Germany,2025-08-16
3135,943,19,Books,297.61,2,Japan,2025-10-11
3136,1670,72,Electronics,190.03,1,Japan,2025-03-17
3137,1817,46,Gaming,122.04,2,Australia,2025-01-04
3138,987,59,Home,216.97,5,UK,2025-09-01
3139,1560,12,Clothing,471.05,2,Germany,2025-11-27
3140,1080,67,Gaming,190.42,3,Australia,2025-09-11
3141,1335,49,Beauty,81.0,2,Australia,2025-02-05
3142,250,71,Clothing,368.17,1,USA,2025-01-21
3143,1714,67,Gaming,109.14,1,UK,2025-03-02
3144,926,33,Toys,400.89,2,Germany,2025-03-27
3145,1899,24,Beauty,488.69,5,Germany,2025-12-18
3146,467,45,Clothing,36.38,1,France,2025-08-17
3147,985,14,Clothing,174.11,5,Japan,2025-05-20
3148,488,29,Toys,484.09,5,UK,2025-11-14
3149,265,36,Gaming,423.15,1,Canada,2025-08-13
3150,115,8,Gaming,362.44,5,Canada,2025-06-25
3151,1892,71,Clothing,153.02,4,Germany,2025-10-17
3152,301,49,Beauty,317.45,5,USA,2025-12-10
3153,237,23,Home,93.63,3,Japan,2025-06-09
3154,1868,4,Gaming,350.47,3,USA,2025-01-26
3155,1909,24,Beauty,36.14,5,Israel,2025-08-25
3156,1982,28,Clothing,313.44,5,Australia,2025-03-06
3157,1292,38,Clothing,139.41,5,Canada,2025-08-20
3158,1582,65,Sports,371.28,5,France,2025-10-03
3159,454,80,Beauty,318.48,1,Australia,2025-10-26
3160,246,14,Clothing,110.93,5,Israel,2025-11-16
3161,407,38,Clothing,449.32,3,France,2025-09-09
3162,97,14,Clothing,253.04,3,Israel,2025-03-11
3163,1836,46,Gaming,365.63,4,France,2025-04-21
3164,1772,7,Gaming,192.57,3,Australia,2025-02-28
3165,1224,33,Toys,203.85,3,UK,2025-08-22
3166,456,80,Beauty,185.23,1,UK,2025-08-04
3167,663,3,Gaming,97.57,3,UK,2025-04-28
3168,1886,29,Toys,411.41,2,Australia,2025-04-27
3169,130,32,Gaming,316.28,2,USA,2025-04-03
3170,1680,11,Toys,257.12,3,Germany,2025-04-03
3171,624,2,Sports,412.94,2,France,2025-09-16
3172,375,69,Sports,247.98,3,Canada,2025-08-01
3173,5,15,Books,19.21,3,UK,2025-03-24
3174,990,37,Gaming,214.71,4,France,2025-06-01
3175,1545,33,Toys,49.48,3,Canada,2025-01-24
3176,634,7,Gaming,442.33,2,USA,2025-12-26
3177,855,62,Toys,430.15,1,Canada,2025-05-22
3178,596,55,Home,497.98,2,Australia,2025-05-23
3179,400,22,Home,155.17,2,Israel,2025-08-24
3180,1109,28,Clothing,422.34,1,Canada,2025-03-17
3181,283,44,Beauty,192.94,4,USA,2025-08-19
3182,1580,45,Clothing,311.27,1,USA,2025-06-26
3183,923,44,Beauty,333.68,5,Australia,2025-09-02
3184,1214,48,Books,140.07,2,Germany,2025-03-11
3185,1901,11,Toys,13.66,5,Japan,2025-11-13
3186,1514,67,Gaming,338.89,4,Japan,2025-07-27
3187,1020,29,Toys,129.56,4,Japan,2025-10-08
3188,152,2,Sports,130.37,2,Canada,2025-10-17
3189,484,1,Sports,338.95,3,Australia,2025-09-02
3190,478,55,Home,339.65,4,USA,2025-12-04
3191,543,72,Electronics,48.69,1,Canada,2025-08-20
3192,703,49,Beauty,217.75,4,Israel,2025-06-05
3193,1166,34,Beauty,318.57,1,Japan,2025-09-22
3194,1471,44,Beauty,106.69,3,Australia,2025-11-24
3195,1463,74,Clothing,not-a-price,4,Canada,2025-05-01
3196,1966,71,Clothing,252.76,3,Israel,2025-06-18
3197,1289,22,Home,192.74,1,Australia,2025-08-08
3198,242,49,Beauty,236.85,5,Japan,2025-11-09
3199,38,53,Sports,476.12,4,Israel,2025-01-05
3200,1726,8,Gaming,482.48,1,Australia,2025-03-12
3201,1614,48,Books,216.87,4,USA,2025-07-12
3202,1312,9,Clothing,422.07,4,Australia,2025-03-24
3203,15,31,Clothing,320.3,2,Australia,2025-05-26
3204,1511,7,Gaming,267.31,1,Israel,2025-11-03
3205,815,43,Books,485.22,5,Australia,2025-09-09
3206,493,3,Gaming,190.01,5,Australia,2025-05-04
3207,185,76,Clothing,151.41,4,France,2025-11-01
3208,1360,72,Electronics,432.68,4,Israel,2025-10-28
3209,984,77,Toys,140.34,5,France,2025-04-07
3210,208,24,Beauty,402.72,3,Australia,2025-10-24
3211,1358,14,Clothing,176.47,5,Australia,2025-07-17
3212,1091,44,Beauty,385.62,2,Israel,2025-08-23
3213,1836,69,Sports,88.15,5,UK,2025-07-13
3214,884,28,Clothing,381.0,4,Canada,2025-07-28
3215,1029,34,Beauty,357.2,3,Germany,2025-03-11
3216,1260,75,Sports,323.32,4,Japan,2025-07-12
3217,876,29,Toys,331.53,2,France,2025-11-05
3218,1672,29,Toys,94.0,3,Japan,2025-03-10
3219,1850,30,Sports,270.74,4,Israel,2025-03-22
3220,664,8,Gaming,27.31,5,Japan,2025-04-20
3221,669,73,Electronics,375.66,1,France,2025-10-11
3222,1048,4,Gaming,402.21,4,France,2025-05-10
3223,1082,19,Books,401.7,1,Germany,2025-12-25
3224,1256,32,Gaming,132.27,3,France,2025-10-27
3225,1748,70,Books,74.8,5,USA,2025-10-13
3226,1207,34,Beauty,224.43,4,Germany,2025-10-08
3227,1381,76,Clothing,232.64,1,France,2025-01-14
3228,381,43,Books,221.0,5,USA,2025-05-09
3229,618,59,Home,308.26,5,France,2025-06-17
3230,823,68,Home,238.47,3,France,2025-03-07
3231,300,61,Sports,381.16,5,Australia,2025-08-27
3232,1180,56,Gaming,278.56,3,USA,2025-04-03
3233,314,10,Beauty,291.13,2,Australia,2025-10-04
3234,1852,80,Beauty,46.21,2,Japan,2025-04-25
3235,306,37,Gaming,109.23,5,Japan,2025-09-13
3236,1241,20,Home,33.92,4,Israel,2025-03-17
3237,799,79,Sports,104.77,5,UK,2025-07-06
3238,1230,5,Sports,476.03,4,UK,2025-06-03
3239,1789,76,Clothing,178.73,4,Japan,2025-11-26
3240,429,68,Home,434.47,4,Australia,2025-01-27
3241,1560,16,Home,259.59,4,France,2025-01-05
3242,486,62,Toys,47.8,2,USA,2025-02-15
3243,1844,5,Sports,395.61,3,USA,2025-05-05
3244,1986,6,Toys,24.41,5,Israel,2025-06-10
3245,198,11,Toys,167.23,5,Germany,2025-03-05
3246,654,62,Toys,396.85,5,Japan,2025-11-06
3247,1792,44,Beauty,113.95,2,USA,2025-06-06
3248,35,4,Gaming,223.6,3,Germany,2025-10-21
3249,138,43,Books,367.78,2,Australia,2025-07-03
3250,611,69,Sports,362.09,3,USA,2025-07-09
3251,125,40,Clothing,99.36,3,Israel,2025-12-12
3252,1006,32,Gaming,103.93,2,Israel,2025-11-18
3253,1898,18,Beauty,250.46,4,Canada,2025-10-16
3254,1875,73,Electronics,213.58,1,Australia,2025-02-02
3255,1143,25,Electronics,406.81,3,Israel,2025-12-16
3256,1332,56,Gaming,481.02,2,France,2025-03-24
3257,1866,15,Books,227.25,4,Japan,2025-07-20
3258,1233,61,Sports,439.02,5,Japan,2025-05-18
3259,1967,27,Beauty,294.62,3,Japan,2025-03-09
3260,1765,19,Books,278.05,3,USA,2025-11-24
3261,1332,9,Clothing,1.2,1,Australia,2025-12-22
3262,1853,62,Toys,351.77,3,USA,2025-12-18
3263,549,17,Books,237.97,1,Israel,2025-07-12
3264,1653,34,Beauty,384.03,3,France,2025-05-22
3265,1714,18,Beauty,77.42,4,Germany,2025-03-04
3266,1966,64,Beauty,187.35,3,UK,2025-04-07
3267,877,42,Beauty,287.29,2,UK,2025-12-02
3268,1372,15,Books,385.39,5,France,2025-02-18
3269,33,53,Sports,120.09,2,Germany,2025-06-20
3270,1019,37,Gaming,291.99,2,Canada,2025-04-11
3271,220,80,Beauty,305.53,1,Canada,2025-06-06
3272,1343,16,Home,357.28,1,France,2025-04-21
3273,253,40,Clothing,53.23,3,Canada,2025-03-23
3274,1691,70,Books,419.93,1,Japan,2025-12-16
3275,1274,67,Gaming,84.68,5,Australia,2025-09-22
3276,169,5,Sports,68.49,5,France,2025-04-15
3277,1817,58,Beauty,31.81,5,Australia,2025-04-06
3278,1449,55,Home,108.17,5,France,2025-01-02
3279,1327,49,Beauty,428.53,3,USA,2025-07-24
3280,1255,37,Gaming,322.23,1,Australia,2025-04-09
3281,982,53,Sports,499.78,3,Japan,2025-07-01
3282,1412,55,Home,62.78,5,Israel,2025-05-14
3283,1031,17,Books,33.56,2,France,2025-04-28
3284,37,5,Sports,335.07,3,USA,2025-07-18
3285,1800,29,Toys,49.37,2,Germany,2025-03-02
3286,40,13,Sports,477.99,4,Japan,2025-09-27
3287,1536,19,Books,339.04,4,UK,2025-06-17
3288,1331,33,Toys,450.16,1,Japan,2025-07-20
3289,1286,15,Books,154.56,1,UK,2025-05-12
3290,1544,43,Books,187.69,1,Germany,2025-10-25
3291,1000,65,Sports,92.41,3,Australia,2025-05-05
3292,20,80,Beauty,209.17,2,Australia,2025-09-01
3293,744,18,Beauty,175.02,5,Canada,2025-07-18
3294,806,30,Sports,60.49,5,Australia,2025-10-22
3295,1538,1,Sports,452.41,2,Canada,2025-11-18
3296,443,35,Sports,226.15,2,Canada,2025-05-15
3297,1864,56,Gaming,121.08,3,France,2025-12-24
3298,1863,12,Clothing,103.21,4,Canada,2025-09-15
3299,575,32,Gaming,330.37,2,Australia,2025-08-17
3300,126,6,Toys,60.23,4,Australia,2025-05-10
3301,19,77,Toys,280.55,1,USA,2025-01-06
3302,1313,4,Gaming,238.0,2,UK,2025-12-05
3303,198,39,Clothing,29.21,3,Germany,2025-08-17
3304,1061,13,Sports,238.95,5,Germany,2025-02-07
3305,120,6,Toys,224.99,5,France,2025-09-01
3306,1901,17,Books,304.37,2,France,2025-03-06
3307,1806,25,Electronics,378.13,1,UK,2025-07-26
3308,1705,24,Beauty,368.91,2,Canada,2025-10-12
3309,1045,20,Home,46.89,2,Germany,2025-01-07
3310,1303,71,Clothing,399.11,3,Australia,2025-12-26
3311,593,67,Gaming,246.88,2,Japan,2025-07-15
3312,662,79,Sports,258.47,4,Japan,2025-11-16
3313,542,30,Sports,416.98,1,Japan,2025-04-23
3314,843,36,Gaming,260.17,1,France,2025-01-25
3315,1081,58,Beauty,171.8,1,UK,2025-10-02
3316,1787,38,Clothing,282.36,5,Germany,2025-05-18
3317,407,58,Beauty,162.15,2,Australia,2025-04-08
3318,1656,79,Sports,496.35,2,Japan,2025-02-05
3319,1428,32,Gaming,363.02,4,Germany,2025-11-04
3320,1623,42,Beauty,261.33,3,Australia,2025-11-10
3321,1526,20,Home,51.1,2,Israel,2025-03-05
3322,1070,60,Gaming,101.07,4,USA,2025-12-26
3323,657,15,Books,463.56,1,Canada,2025-09-28
3324,1276,50,Clothing,436.16,5,Australia,2025-07-01
3325,500,52,Sports,413.69,5,UK,2025-03-03
3326,1425,5,Sports,292.67,4,Japan,2025-10-23
3327,1473,12,Clothing,226.91,1,Australia,2025-07-27
3328,1773,78,Clothing,211.84,4,USA,2025-09-08
3329,987,11,Toys,467.24,5,Australia,2025-05-20
3330,837,50,Clothing,422.77,2,Israel,2025-11-07
3331,104,20,Home,200.45,4,USA,2025-12-18
3332,768,42,Beauty,174.25,1,Japan,2025-12-01
3333,1495,54,Gaming,414.77,3,Japan,2025-09-28
3334,465,66,Clothing,304.07,5,Germany,2025-02-15
3335,1212,50,Clothing,65.79,5,Israel,2025-12-05
3336,1790,11,Toys,19.19,3,Japan,2025-04-15
3337,407,74,Clothing,462.94,1,Australia,2025-03-23
3338,1470,63,Books,37.0,1,Germany,2025-08-25
3339,114,71,Clothing,472.77,2,Israel,2025-05-08
3340,320,32,Gaming,380.39,1,France,2025-08-16
3341,330,54,Gaming,347.87,2,Canada,2025-11-28
3342,1095,29,Toys,89.74,5,Australia,2025-09-12
3343,1510,47,Books,73.81,4,Canada,2025-10-13
3344,34,50,Clothing,218.73,2,Japan,2025-12-14
3345,1844,20,Home,312.7,4,Germany,2025-10-25
3346,152,11,Toys,107.33,3,USA,2025-07-24
3347,1361,67,Gaming,406.96,2,Israel,2025-07-26
3348,1218,5,Sports,306.07,5,Israel,2025-12-17
3349,1640,72,Electronics,229.65,4,USA,2025-02-10
3350,705,16,Home,144.8,1,Israel,2025-12-20
3351,34,49,Beauty,460.74,5,UK,2025-02-06
3352,911,4,Gaming,57.76,1,Israel,2025-03-12
3353,1132,62,Toys,177.63,1,Israel,2025-06-01
3354,562,31,Clothing,278.96,2,USA,2025-08-11
3355,1528,36,Gaming,442.75,1,Canada,2025-07-01
3356,1787,8,Gaming,357.08,1,Australia,2025-04-25
3357,250,15,Books,319.41,5,Israel,2025-11-08
3358,1662,35,Sports,302.33,5,Germany,2025-04-09
3359,580,66,Clothing,247.0,4,Canada,2025-09-18
3360,971,33,Toys,270.12,4,Germany,2025-12-04
3361,1275,76,Clothing,329.92,5,Australia,2025-11-08
3362,1433,3,Gaming,480.17,2,USA,2025-08-17
3363,1368,73,Electronics,116.1,2,Israel,2025-06-18
3364,995,10,Beauty,470.74,4,France,2025-02-28
3365,1052,33,Toys,427.2,5,UK,2025-09-26
3366,460,46,Gaming,151.28,2,Japan,2025-01-03
3367,684,1,Sports,202.32,1,UK,2025-11-19
3368,76,57,Beauty,483.45,4,Germany,2025-01-19
3369,11,20,Home,262.53,4,Germany,2025-07-22
3370,1853,31,Clothing,241.83,4,Australia,2025-07-25
3371,149,12,Clothing,49.22,2,UK,2025-12-23
3372,416,61,Sports,307.94,1,Australia,2025-09-03
3373,1576,51,Clothing,494.07,2,France,2025-02-25
3374,1593,26,Gaming,115.67,1,Japan,2025-12-03
3375,1566,72,Electronics,480.34,3,Germany,2025-04-01
3376,938,78,Clothing,289.95,3,Germany,2025-05-28
3377,1862,40,Clothing,366.14,1,Israel,2025-08-04
3378,1388,29,Toys,480.15,1,Canada,2025-06-28
3379,801,75,Sports,9.63,2,UK,2025-02-21
3380,136,63,Books,123.26,4,UK,2025-10-15
3381,793,7,Gaming,450.26,4,Japan,2025-05-12
3382,1109,80,Beauty,467.86,5,France,2025-04-20
3383,540,21,Beauty,92.86,5,Australia,2025-09-17
3384,1371,31,Clothing,162.05,1,USA,2025-10-05
3385,1767,14,Clothing,499.26,5,Japan,2025-05-25
3386,52,52,Sports,337.56,4,Germany,2025-05-14
3387,143,66,Clothing,494.08,1,Canada,2025-08-28
3388,1699,3,Gaming,303.74,1,Israel,2025-01-20
3389,569,52,Sports,475.98,4,Canada,2025-04-21
3390,413,39,Clothing,164.97,1,France,2025-08-13
3391,697,37,Gaming,3.5,4,USA,2025-02-11
3392,1333,61,Sports,16.35,1,UK,2025-07-11
3393,1001,75,Sports,380.92,4,France,2025-10-08
3394,1924,30,Sports,264.43,2,France,2025-05-12
3395,192,61,Sports,447.73,3,Israel,2025-07-07
3396,310,7,Gaming,186.42,2,Israel,2025-12-17
3397,1026,62,Toys,419.44,3,Israel,2025-10-12
3398,1600,25,Electronics,16.73,1,UK,2025-02-12
3399,1239,51,Clothing,268.07,2,Canada,2025-04-12
3400,1854,56,Gaming,339.61,5,Canada,2025-10-21
3401,85,19,Books,373.4,4,France,2025-02-04
3402,1226,50,Clothing,194.03,1,UK,2025-11-14
3403,360,9,Clothing,321.06,3,USA,2025-07-25
3404,1928,30,Sports,382.28,3,USA,2025-01-06
3405,992,73,Electronics,245.07,3,Germany,2025-05-22
3406,349,46,Gaming,347.36,3,Australia,2025-04-07
3407,633,44,Beauty,236.88,3,Germany,2025-04-11
3408,1278,2,Sports,436.66,4,Germany,2025-02-24
3409,278,41,Clothing,349.08,5,Japan,2025-11-14
3410,1334,58,Beauty,250.91,5,France,2025-07-09
3411,1176,3,Gaming,330.26,1,France,2025-08-21
3412,15,7,Gaming,484.48,1,Israel,2025-11-08
3413,1180,57,Beauty,17.09,2,UK,2025-01-18
3414,402,46,Gaming,404.14,3,UK,2025-10-01
3415,113,13,Sports,479.77,1,France,2025-09-27
3416,219,42,Beauty,460.7,1,UK,2025-01-22
3417,1335,36,Gaming,448.07,4,USA,2025-10-26
3418,52,13,Sports,80.51,3,Australia,2025-04-17
3419,580,54,Gaming,379.08,2,France,2025-08-09
3420,771,50,Clothing,131.03,1,Australia,2025-02-06
3421,561,35,Sports,43.97,4,Japan,2025-09-19
3422,222,66,Clothing,403.81,5,Canada,2025-01-01
3423,1426,19,Books,229.61,2,UK,2025-09-06
3424,475,33,Toys,39.21,1,Australia,2025-10-05
3425,1779,39,Clothing,173.39,4,Israel,2025-01-21
3426,405,4,Gaming,497.92,5,USA,2025-05-20
3427,190,32,Gaming,240.54,2,Canada,2025-11-19
3428,297,65,Sports,40.13,5,France,2025-01-06
3429,538,60,Gaming,437.37,5,Canada,2025-08-06
3430,1071,66,Clothing,246.2,3,Japan,2025-09-02
3431,1822,9,Clothing,232.52,1,UK,2025-12-14
3432,1477,72,Electronics,405.36,3,USA,2025-07-15
3433,1907,55,Home,378.98,2,Israel,2025-07-03
3434,902,8,Gaming,299.91,4,Canada,2025-05-12
3435,761,14,Clothing,218.75,2,Israel,2025-04-02
3436,808,52,Sports,259.94,2,Israel,2025-06-03
3437,1440,8,Gaming,461.65,5,France,2025-09-15
3438,452,8,Gaming,27.29,1,Japan,2025-10-12
3439,1400,44,Beauty,60.1,2,Canada,2025-06-11
3440,1582,46,Gaming,103.85,2,Australia,2025-11-20
3441,1715,8,Gaming,355.43,4,Israel,2025-07-05
3442,709,17,Books,171.61,1,Israel,2025-01-04
3443,1958,10,Beauty,140.98,4,UK,2025-09-04
3444,86,27,Beauty,484.45,5,France,2025-01-20
3445,272,60,Gaming,170.97,3,Australia,2025-09-17
3446,1514,11,Toys,123.91,2,USA,2025-01-20
3447,242,41,Clothing,21.45,3,Canada,2025-01-15
3448,783,6,Toys,412.39,2,Germany,2025-11-13
3449,365,80,Beauty,307.59,4,France,2025-02-26
3450,1891,23,Home,294.67,1,UK,2025-01-02
3451,873,19,Books,143.56,2,Canada,2025-03-16
3452,667,22,Home,425.84,5,Canada,2025-10-15
3453,610,44,Beauty,468.59,2,UK,2025-08-24
3454,193,51,Clothing,243.8,1,Canada,2025-03-23
3455,494,44,Beauty,472.63,5,Canada,2025-11-15
3456,1485,62,Toys,318.38,3,Israel,2025-05-14
3457,506,33,Toys,181.28,4,Germany,2025-01-02
3458,44,36,Gaming,344.56,4,USA,2025-06-17
3459,1076,68,Home,353.24,2,Germany,2025-01-08
3460,1820,39,Clothing,354.26,4,Israel,2025-10-22
3461,258,44,Beauty,342.96,3,Canada,2025-02-09
3462,744,43,Books,452.57,3,Canada,2025-05-17
3463,304,2,Sports,428.01,5,France,2025-07-27
3464,1887,24,Beauty,435.39,1,Israel,2025-11-08
3465,23,17,Books,392.7,3,Canada,2025-08-17
3466,1359,32,Gaming,210.5,1,Canada,2025-01-08
3467,1737,58,Beauty,183.29,1,USA,2025-04-08
3468,1232,78,Clothing,45.11,5,Israel,2025-02-20
3469,1946,65,Sports,139.64,5,Australia,2025-09-13
3470,652,9,Clothing,327.79,2,Germany,2025-09-23
3471,1769,39,Clothing,496.55,2,Canada,2025-12-13
3472,1723,52,Sports,439.55,1,Germany,2025-03-10
3473,317,5,Sports,158.43,1,France,2025-11-12
3474,875,35,Sports,395.09,4,Australia,2025-01-04
3475,1851,17,Books,84.23,3,UK,2025-01-05
3476,573,11,Toys,486.3,2,Japan,2025-01-07
3477,629,80,Beauty,392.17,5,UK,2025-09-07
3478,972,22,Home,499.44,4,Germany,2025-06-20
3479,1037,40,Clothing,320.98,5,Canada,2025-03-24
3480,600,50,Clothing,179.04,3,Israel,2025-09-04
3481,1543,49,Beauty,226.99,1,Australia,2025-08-27
3482,1551,37,Gaming,177.63,5,USA,2025-11-16
3483,685,23,Home,231.08,3,Australia,2025-04-13
3484,859,63,Books,347.85,1,USA,2025-06-23
3485,1100,46,Gaming,330.4,1,USA,2025-02-06
3486,871,27,Beauty,481.31,4,Germany,2025-12-06
3487,77,33,Toys,283.48,4,Canada,2025-04-18
3488,283,35,Sports,264.08,1,Japan,2025-03-02
3489,1855,73,Electronics,470.4,1,Japan,2025-02-07
3490,1001,32,Gaming,232.79,1,UK,2025-09-07
3491,1889,39,Clothing,234.58,3,Israel,2025-09-12
3492,1119,58,Beauty,298.94,4,USA,2025-11-25
3493,1275,45,Clothing,309.86,1,Japan,2025-09-27
3494,1083,33,Toys,295.97,2,Australia,2025-10-01
3495,1021,31,Clothing,400.25,4,Japan,2025-12-18
3496,1117,24,Beauty,65.27,1,USA,2025-03-12
3497,992,17,Books,384.15,2,Israel,2025-02-04
3498,1191,43,Books,54.0,5,Canada,2025-10-28
3499,1049,78,Clothing,96.66,5,France,2025-10-20
3500,1200,13,Sports,438.33,5,Germany,2025-01-11
3501,925,20,Home,55.39,4,Australia,2025-02-03
3502,646,48,Books,47.65,1,Canada,2025-11-26
3503,62,62,Toys,430.09,1,UK,2025-04-10
3504,323,33,Toys,155.19,1,Japan,2025-11-12
3505,164,79,Sports,189.66,2,Japan,2025-08-10
3506,1911,15,Books,116.79,1,UK,2025-06-13
3507,408,24,Beauty,260.1,3,Japan,2025-07-16
3508,21,40,Clothing,180.66,1,USA,2025-02-14
3509,219,7,Gaming,205.83,3,UK,2025-10-14
3510,1912,64,Beauty,205.02,2,USA,2025-01-16
3511,1283,11,Toys,356.95,1,USA,2025-03-24
3512,548,47,Books,384.56,3,USA,2025-07-25
3513,278,7,Gaming,357.96,1,France,2025-10-16
3514,1962,21,Beauty,378.95,4,Germany,2025-03-15
3515,1296,50,Clothing,224.3,3,Israel,2025-03-05
3516,739,12,Clothing,86.03,5,Israel,2025-09-18
3517,752,41,Clothing,300.63,2,Japan,2025-10-27
3518,1326,42,Beauty,490.66,2,UK,2025-06-10
3519,751,50,Clothing,31.96,2,Germany,2025-11-12
3520,950,66,Clothing,378.23,2,Japan,2025-08-09
3521,33,62,Toys,492.29,3,USA,2025-07-11
3522,908,21,Beauty,312.22,3,Japan,2025-05-23
3523,180,57,Beauty,313.54,4,Germany,2025-09-10
3524,1186,42,Beauty,255.01,2,Australia,2025-07-23
3525,1686,80,Beauty,445.76,3,Israel,2025-09-18
3526,552,55,Home,388.78,4,France,2025-06-14
3527,1205,32,Gaming,378.43,3,UK,2025-12-27
3528,992,42,Beauty,379.13,2,Japan,2025-02-15
3529,350,39,Clothing,128.84,4,Canada,2025-04-11
3530,1660,72,Electronics,295.86,4,Japan,2025-09-14
3531,695,73,Electronics,330.95,3,Israel,2025-11-07
3532,1048,49,Beauty,15.83,1,Canada,2025-05-22
3533,921,17,Books,49.08,5,UK,2025-08-16
3534,323,46,Gaming,415.51,3,Canada,2025-05-18
3535,1238,17,Books,204.96,5,Germany,2025-02-08
3536,360,40,Clothing,492.7,1,Australia,2025-10-05
3537,1320,55,Home,147.81,5,Germany,2025-02-05
3538,1145,6,Toys,335.38,3,France,2025-02-22
3539,795,78,Clothing,433.44,3,USA,2025-07-01
3540,1052,66,Clothing,262.47,3,France,2025-02-03
3541,1762,15,Books,114.18,1,Germany,2025-08-16
3542,702,41,Clothing,426.74,1,France,2025-09-10
3543,677,34,Beauty,261.45,5,USA,2025-10-10
3544,1477,29,Toys,2.39,5,UK,2025-04-26
3545,1467,4,Gaming,118.46,1,France,2025-01-05
3546,770,8,Gaming,178.23,3,UK,2025-09-12
3547,162,70,Books,206.01,4,Germany,2025-02-06
3548,644,30,Sports,445.89,1,Japan,2025-04-16
3549,1756,31,Clothing,237.42,5,UK,2025-02-21
3550,216,16,Home,345.31,3,Canada,2025-01-27
3551,469,15,Books,349.75,3,Australia,2025-01-19
3552,1021,24,Beauty,48.46,4,Canada,2025-05-24
3553,1104,64,Beauty,499.88,2,UK,2025-01-16
3554,1205,54,Gaming,33.16,5,Canada,2025-11-27
3555,831,75,Sports,23.29,5,Germany,2025-11-18
3556,1334,22,Home,309.67,2,Israel,2025-11-04
3557,1986,69,Sports,40.46,5,Japan,2025-05-21
3558,1103,75,Sports,331.23,2,Japan,2025-07-12
3559,456,4,Gaming,375.26,4,USA,2025-07-14
3560,1798,60,Gaming,113.08,4,France,2025-09-09
3561,833,34,Beauty,280.76,5,France,2025-11-22
3562,64,8,Gaming,226.75,1,Canada,2025-09-25
3563,1397,76,Clothing,427.33,5,Germany,2025-03-07
3564,1801,57,Beauty,118.66,3,UK,2025-03-12
3565,254,71,Clothing,424.74,4,France,2025-11-22
3566,1218,3,Gaming,37.95,5,Japan,2025-02-08
3567,33,31,Clothing,382.73,4,USA,2025-11-05
3568,393,55,Home,336.33,1,Australia,2025-09-17
3569,426,77,Toys,227.13,1,France,2025-12-21
3570,706,56,Gaming,251.1,3,USA,2025-10-10
3571,1478,36,Gaming,365.71,4,France,2025-03-08
3572,819,25,Electronics,240.55,5,UK,2025-10-24
3573,634,72,Electronics,158.55,4,Australia,2025-11-19
3574,1775,80,Beauty,216.07,1,UK,2025-07-09
3575,642,28,Clothing,232.95,4,Australia,2025-08-15
3576,569,11,Toys,355.81,1,Australia,2025-01-10
3577,1765,70,Books,76.07,3,USA,2025-04-26
3578,1513,29,Toys,276.83,3,Israel,2025-04-05
3579,1204,48,Books,248.88,2,USA,2025-03-26
3580,1196,53,Sports,66.5,1,USA,2025-11-14
3581,642,61,Sports,398.63,1,Australia,2025-10-07
3582,1636,60,Gaming,69.92,4,Australia,2025-10-17
3583,1501,71,Clothing,201.19,1,USA,2025-02-25
3584,287,8,Gaming,456.81,4,UK,2025-10-25
3585,1164,1,Sports,93.82,2,USA,2025-03-26
3586,1444,65,Sports,345.78,2,Australia,2025-11-13
3587,594,13,Sports,440.99,4,Australia,2025-07-25
3588,505,15,Books,373.94,2,UK,2025-07-12
3589,1135,11,Toys,431.71,3,Australia,2025-10-24
3590,1169,61,Sports,364.85,1,Japan,2025-01-24
3591,182,28,Clothing,87.74,0,Australia,2025-08-28
3592,727,17,Books,273.56,5,Israel,2025-03-26
3593,1408,57,Beauty,401.36,3,UK,2025-01-27
3594,1539,66,Clothing,21.21,2,Canada,2025-12-25
3595,1053,50,Clothing,71.62,3,Japan,2025-06-15
3596,1571,33,Toys,472.64,2,Canada,2025-05-01
3597,879,76,Clothing,58.06,1,Israel,2025-08-22
3598,1784,67,Gaming,244.47,2,Israel,2025-03-20
3599,873,15,Books,248.17,1,UK,2025-04-04
3600,921,53,Sports,149.07,1,Australia,2025-12-12
3601,59,56,Gaming,373.6,5,Australia,2025-04-01
3602,118,48,Books,150.23,2,Japan,2025-10-08
3603,1425,71,Clothing,53.78,2,Canada,2025-01-14
3604,1562,27,Beauty,86.25,4,Canada,2025-08-13
3605,569,20,Home,440.2,5,Germany,2025-10-18
3606,492,9,Clothing,42.77,1,USA,2025-01-25
3607,417,57,Beauty,364.66,1,Canada,2025-09-05
3608,1362,18,Beauty,284.86,4,France,2025-09-23
3609,1114,51,Clothing,319.65,2,France,2025-07-17
3610,466,46,Gaming,455.82,4,Australia,2025-03-05
3611,989,68,Home,358.5,2,Japan,2025-08-21
3612,1254,45,Clothing,114.67,5,Australia,2025-06-12
3613,1240,48,Books,497.91,4,Israel,2025-01-18
3614,1659,18,Beauty,290.12,3,UK,2025-05-14
3615,117,73,Electronics,361.52,3,Israel,2025-09-08
3616,182,14,Clothing,210.38,1,USA,2025-10-05
3617,1559,5,Sports,65.14,3,Japan,2025-07-22
3618,1539,58,Beauty,412.57,5,Japan,2025-12-11
3619,113,75,Sports,226.4,1,Germany,2025-01-27
3620,1227,61,Sports,134.05,2,Australia,2025-11-25
3621,804,61,Sports,454.65,5,Japan,2025-07-26
3622,353,28,Clothing,383.17,3,Canada,2025-09-10
3623,756,15,Books,409.84,4,Australia,2025-07-16
3624,441,64,Beauty,360.41,1,UK,2025-03-26
3625,1608,71,Clothing,495.62,2,USA,2025-09-05
3626,166,2,Sports,154.91,5,Germany,2025-10-20
3627,253,30,Sports,300.23,3,Australia,2025-03-17
3628,1454,50,Clothing,191.72,3,USA,2025-01-17
3629,598,67,Gaming,428.61,1,Germany,2025-10-10
3630,460,38,Clothing,58.84,4,Israel,2025-11-18
3631,65,16,Home,5.99,1,Canada,2025-09-19
3632,1329,78,Clothing,143.84,5,Germany,2025-11-14
3633,1000,20,Home,132.69,5,Israel,2025-07-23
3634,1783,21,Beauty,4.63,2,Australia,2025-03-01
3635,514,64,Beauty,350.89,1,USA,2025-01-20
3636,691,67,Gaming,301.9,4,Germany,2025-11-13
3637,997,14,Clothing,380.3,1,Germany,2025-05-15
3638,1319,46,Gaming,160.89,5,Australia,2025-02-19
3639,91,12,Clothing,154.02,1,France,2025-09-18
3640,1969,79,Sports,490.6,4,Australia,2025-11-13
3641,590,55,Home,159.0,5,Germany,2025-01-04
3642,995,49,Beauty,428.51,3,Australia,2025-11-28
3643,1665,36,Gaming,20.24,3,USA,2025-12-20
3644,848,5,Sports,448.11,1,Germany,2025-10-20
3645,236,56,Gaming,334.88,4,USA,2025-07-17
3646,191,50,Clothing,255.06,1,Canada,2025-09-01
3647,1634,24,Beauty,406.53,2,UK,2025-11-15
3648,1103,73,Electronics,469.82,1,Japan,2025-02-13
3649,547,43,Books,327.84,3,Israel,2025-04-13
3650,1782,5,Sports,283.82,5,France,2025-04-03
3651,825,11,Toys,17.81,2,UK,2025-04-22
3652,1687,49,Beauty,228.52,5,France,2025-06-09
3653,1425,44,Beauty,343.49,4,Australia,2025-06-09
3654,1552,18,Beauty,493.62,5,UK,2025-02-25
3655,1768,4,Gaming,239.17,1,Canada,2025-08-09
3656,333,19,Books,152.06,1,UK,2025-03-02
3657,719,9,Clothing,253.49,2,Israel,2025-08-10
3658,1069,32,Gaming,316.33,5,Israel,2025-12-09
3659,1277,73,Electronics,334.6,5,France,2025-06-15
3660,863,11,Toys,399.74,5,Israel,2025-09-14
3661,191,35,Sports,270.98,4,Canada,2025-08-28
3662,663,43,Books,285.51,2,Japan,2025-12-27
3663,1469,4,Gaming,386.66,1,Japan,2025-04-27
3664,258,51,Clothing,57.3,4,Israel,2025-08-08
3665,1340,29,Toys,244.52,1,Germany,2025-03-23
3666,1412,31,Clothing,37.93,1,Israel,2025-10-05
3667,1499,32,Gaming,146.49,3,Australia,2025-02-26
3668,442,59,Home,215.91,1,Germany,2025-01-09
3669,940,26,Gaming,121.77,3,Germany,2025-05-21
3670,1057,60,Gaming,424.66,1,Australia,2025-09-27
3671,273,58,Beauty,392.03,2,France,2025-12-26
3672,1250,48,Books,130.06,2,Japan,2025-12-12
3673,1232,80,Beauty,457.96,3,Australia,2025-06-02
3674,808,34,Beauty,188.24,1,France,2025-04-04
3675,181,2,Sports,212.1,4,Canada,2025-06-12
3676,1695,70,Books,53.79,3,Australia,2025-01-26
3677,578,25,Electronics,242.86,1,France,2025-02-22
3678,394,36,Gaming,483.9,1,UK,2025-07-23
3679,1509,57,Beauty,222.39,5,Canada,2025-07-26
3680,961,64,Beauty,309.7,5,UK,2025-09-02
3681,1174,30,Sports,not-a-price,1,Israel,2025-08-19
3682,1239,18,Beauty,182.88,5,France,2025-04-21
3683,195,64,Beauty,499.62,5,Germany,2025-05-16
3684,901,5,Sports,57.18,3,Japan,2025-03-19
3685,1660,72,Electronics,385.14,2,Canada,2025-12-01
3686,1969,29,Toys,364.58,2,Canada,2025-03-09
3687,1732,74,Clothing,206.8,4,Australia,2025-03-20
3688,1642,42,Beauty,26.07,4,Germany,2025-02-14
3689,33,7,Gaming,68.47,3,France,2025-02-12
3690,1452,67,Gaming,69.76,2,Germany,2025-03-07
3691,355,37,Gaming,465.66,3,USA,2025-03-27
3692,1116,25,Electronics,471.21,1,Australia,2025-11-19
3693,1581,15,Books,176.83,3,Australia,2025-10-07
3694,1538,40,Clothing,202.38,3,Canada,2025-11-06
3695,1163,28,Clothing,253.07,5,Israel,2025-02-21
3696,421,10,Beauty,432.49,2,Germany,2025-06-21
3697,275,27,Beauty,465.43,1,Canada,2025-03-14
3698,1232,57,Beauty,181.55,2,Germany,2025-06-21
3699,1319,24,Beauty,400.78,5,Canada,2025-06-22
3700,1747,65,Sports,262.61,2,Japan,2025-05-02
3701,919,14,Clothing,170.53,2,France,2025-07-16
3702,805,32,Gaming,-69.79,2,Australia,2025-12-11
3703,228,52,Sports,211.81,3,France,2025-01-18
3704,1717,22,Home,289.8,1,Israel,2025-08-07
3705,1281,47,Books,242.32,4,Canada,2025-08-16
3706,992,2,Sports,111.6,1,Japan,2025-02-28
3707,1930,80,Beauty,164.62,3,Australia,2025-10-23
3708,196,79,Sports,62.2,5,UK,2025-03-08
3709,123,67,Gaming,137.08,2,Germany,2025-08-04
3710,925,57,Beauty,366.57,5,USA,2025-02-07
3711,1180,78,Clothing,369.34,1,Germany,2025-09-13
3712,957,68,Home,269.72,5,Israel,2025-11-07
3713,1087,31,Clothing,358.77,2,Germany,2025-04-24
3714,143,47,Books,440.87,4,USA,2025-03-13
3715,1269,65,Sports,189.26,3,Australia,2025-11-01
3716,776,57,Beauty,350.28,5,Israel,2025-04-06
3717,1276,29,Toys,290.81,4,Germany,2025-09-21
3718,1580,11,Toys,127.81,1,France,2025-09-06
3719,1782,14,Clothing,221.55,5,USA,2025-10-24
3720,379,22,Home,221.05,2,USA,2025-12-16
3721,889,14,Clothing,130.49,2,France,2025-07-15
3722,181,6,Toys,407.46,1,Canada,2025-07-08
3723,1726,13,Sports,351.77,4,Israel,2025-07-01
3724,257,69,Sports,441.14,4,Japan,2025-05-18
3725,1833,64,Beauty,302.13,2,Australia,2025-01-12
3726,69,27,Beauty,172.58,3,UK,2025-09-16
3727,1268,54,Gaming,480.73,3,Japan,2025-08-16
3728,482,34,Beauty,169.43,3,Canada,2025-04-26
3729,1367,38,Clothing,162.55,5,France,2025-10-28
3730,224,39,Clothing,142.25,3,Israel,2025-10-13
3731,1943,21,Beauty,396.66,1,Japan,2025-12-07
3732,1329,27,Beauty,457.85,5,Australia,2025-02-15
3733,505,4,Gaming,491.24,2,Australia,2025-12-15
3734,37,24,Beauty,270.95,5,UK,2025-05-20
3735,1540,40,Clothing,470.67,3,Israel,2025-11-25
3736,1625,47,Books,211.43,1,Israel,2025-08-14
3737,1137,66,Clothing,352.58,3,Japan,2025-06-25
3738,1148,15,Books,328.72,2,Australia,2025-04-26
3739,1151,45,Clothing,405.9,5,USA,2025-01-09
3740,1951,48,Books,293.76,2,France,2025-08-06
3741,119,38,Clothing,19.8,4,USA,2025-02-16
3742,1639,15,Books,471.27,4,Germany,2025-10-11
3743,24,6,Toys,128.63,3,USA,2025-10-15
3744,418,3,Gaming,474.96,4,Canada,2025-12-25
3745,80,60,Gaming,416.42,3,Canada,2025-09-24
3746,933,13,Sports,436.14,4,Germany,2025-10-06
3747,1943,55,Home,122.65,4,Australia,2025-12-23
3748,222,61,Sports,475.51,2,Japan,2025-08-12
3749,585,16,Home,310.45,5,France,2025-12-05
3750,794,31,Clothing,16.96,1,Australia,2025-02-09
3751,1440,36,Gaming,33.37,1,Japan,2025-10-24
3752,1572,21,Beauty,454.83,3,UK,2025-01-10
3753,28,47,Books,360.16,4,Australia,2025-07-05
3754,1735,47,Books,201.39,4,UK,2025-01-17
3755,432,53,Sports,212.13,2,UK,2025-08-13
3756,514,6,Toys,300.91,5,Canada,2025-09-25
3757,73,27,Beauty,114.01,3,Israel,2025-12-03
3758,1128,71,Clothing,296.51,2,UK,2025-02-16
3759,1326,68,Home,76.88,5,UK,2025-02-18
3760,961,11,Toys,40.95,1,USA,2025-07-22
3761,254,22,Home,50.79,1,Israel,2025-10-24
3762,1984,20,Home,470.83,4,Japan,2025-12-01
3763,378,75,Sports,151.8,4,Australia,2025-12-16
3764,273,35,Sports,122.58,2,Australia,2025-10-21
3765,1120,68,Home,400.66,5,Japan,2025-07-18
3766,1454,53,Sports,16.35,5,USA,2025-10-28
3767,1120,71,Clothing,17.77,5,France,2025-08-08
3768,735,44,Beauty,190.54,4,USA,2025-06-27
3769,1423,74,Clothing,156.11,5,Israel,2025-08-19
3770,1019,11,Toys,137.06,2,France,2025-05-19
3771,965,57,Beauty,42.97,5,UK,2025-01-24
3772,47,26,Gaming,302.11,1,Israel,2025-12-05
3773,1525,19,Books,450.56,5,USA,2025-01-22
3774,1338,24,Beauty,352.06,3,Japan,2025-07-12
3775,1000,66,Clothing,288.48,2,Australia,2025-12-09
3776,1026,15,Books,322.57,4,Israel,2025-05-03
3777,1494,71,Clothing,362.65,3,UK,2025-11-01
3778,1654,49,Beauty,2.63,1,UK,2025-02-09
3779,1331,36,Gaming,287.46,5,Japan,2025-07-09
3780,352,49,Beauty,462.19,3,USA,2025-03-02
3781,257,67,Gaming,76.62,2,UK,2025-08-07
3782,327,29,Toys,34.13,5,Germany,2025-05-23
3783,215,5,Sports,56.61,1,USA,2025-12-14
3784,190,57,Beauty,116.26,2,USA,2025-09-05
3785,1309,6,Toys,385.83,5,Australia,2025-03-08
3786,684,38,Clothing,76.01,4,Canada,2025-08-09
3787,1123,61,Sports,184.0,2,UK,2025-12-13
3788,825,47,Books,294.08,2,Australia,2025-01-08
3789,1341,48,Books,83.37,1,Germany,2025-07-24
3790,786,37,Gaming,369.08,2,USA,2025-11-27
3791,572,36,Gaming,144.22,3,Australia,2025-09-24
3792,1833,17,Books,47.19,4,USA,2025-09-23
3793,348,51,Clothing,429.58,4,Canada,2025-06-03
3794,1035,71,Clothing,383.34,1,UK,2025-03-24
3795,1542,55,Home,116.6,1,Canada,2025-02-28
3796,719,43,Books,308.27,5,Japan,2025-12-03
3797,929,4,Gaming,176.17,1,Israel,2025-07-26
3798,663,44,Beauty,401.76,1,Canada,2025-05-18
3799,777,66,Clothing,70.68,4,Australia,2025-11-19
3800,278,14,Clothing,109.49,3,Germany,2025-08-12
3801,908,56,Gaming,372.04,3,USA,2025-10-11
3802,1502,20,Home,34.92,1,France,2025-02-22
3803,1260,20,Home,155.86,2,Japan,2025-12-02
3804,1317,59,Home,43.2,2,France,2025-12-25
3805,1078,56,Gaming,147.19,5,Canada,2025-12-09
3806,179,50,Clothing,473.22,2,Canada,2025-05-21
3807,270,80,Beauty,66.69,2,France,2025-09-15
3808,1242,6,Toys,289.19,4,Australia,2025-08-18
3809,1906,471,Sports,41.73,1,France,2025-08-15
3810,1024,51,Clothing,415.13,4,USA,2025-03-19
3811,581,55,Home,191.68,5,USA,2025-07-16
3812,1851,80,Beauty,489.07,2,Canada,2025-01-02
3813,565,4,Gaming,496.76,2,Germany,2025-11-09
3814,74,3,Gaming,100.9,5,Australia,2025-07-15
3815,1284,58,Beauty,408.41,2,UK,2025-09-13
3816,749,58,Beauty,371.51,1,Israel,2025-12-11
3817,1664,77,Toys,439.98,2,Israel,2025-04-08
3818,1613,53,Sports,212.96,1,USA,2025-12-21
3819,1721,54,Gaming,76.4,2,Germany,2025-05-28
3820,221,22,Home,5.42,5,Canada,2025-12-19
3821,35,51,Clothing,353.06,4,Germany,2025-05-15
3822,1033,67,Gaming,264.06,1,Canada,2025-01-19
3823,310,80,Beauty,340.93,2,Japan,2025-09-25
3824,802,43,Books,306.66,1,Israel,2025-01-04
3825,913,33,Toys,86.6,2,France,2025-11-18
3826,1792,18,Beauty,78.26,4,USA,2025-09-04
3827,575,42,Beauty,8.61,3,Japan,2025-03-28
3828,711,26,Gaming,340.41,5,France,2025-03-14
3829,240,61,Sports,295.4,3,Germany,2025-09-10
3830,757,16,Home,459.55,2,Australia,2025-12-17
3831,265,31,Clothing,92.44,1,Japan,2025-01-01
3832,376,63,Books,96.95,2,Japan,2025-01-02
3833,694,7,Gaming,161.8,5,France,2025-08-17
3834,205,21,Beauty,373.95,3,Germany,2025-12-23
3835,1484,67,Gaming,433.88,1,France,2025-03-25
3836,1315,32,Gaming,-30.96,1,Canada,2025-10-02
3837,252,76,Clothing,435.7,4,Canada,2025-01-22
3838,1825,80,Beauty,376.97,4,Israel,2025-12-18
3839,1735,66,Clothing,293.3,2,Canada,2025-12-06
3840,1794,10,Beauty,96.28,5,Israel,2025-12-22
3841,1154,45,Clothing,48.86,3,Israel,2025-05-28
3842,1797,54,Gaming,216.53,3,USA,2025-12-10
3843,817,72,Electronics,445.68,2,UK,2025-07-15
3844,1750,13,Sports,129.8,1,UK,2025-03-08
3845,1681,53,Sports,434.7,4,Australia,2025-09-09
3846,109,75,Sports,268.45,5,Israel,2025-02-03
3847,1926,57,Beauty,99.84,3,France,2025-09-18
3848,1843,66,Clothing,364.46,5,Canada,2025-11-03
3849,950,52,Sports,239.41,1,France,2025-12-23
3850,1714,76,Clothing,499.47,2,Canada,2025-09-27
3851,897,56,Gaming,127.91,4,Canada,2025-03-20
3852,969,47,Books,270.77,5,UK,2025-06-15
3853,106,41,Clothing,389.58,4,UK,2025-05-11
3854,779,58,Beauty,42.75,5,UK,2025-11-23
3855,871,69,Sports,298.71,4,USA,2025-05-23
3856,1796,28,Clothing,498.85,2,Australia,2025-08-28
3857,1328,73,Electronics,468.69,2,Japan,2025-09-06
3858,1895,36,Gaming,9.84,4,Germany,2025-06-09
3859,328,35,Sports,353.35,2,USA,2025-04-11
3860,86,52,Sports,493.51,2,Germany,2025-09-03
3861,1637,72,Electronics,80.18,4,France,2025-09-24
3862,878,46,Gaming,272.76,1,Canada,2025-11-10
3863,381,58,Beauty,235.81,5,Germany,2025-04-04
3864,990,1,Sports,446.75,1,France,2025-11-28
3865,1231,76,Clothing,278.36,4,Germany,2025-10-16
3866,1412,14,Clothing,246.82,3,Canada,2025-12-13
3867,1530,33,Toys,355.08,4,Germany,2025-01-17
3868,676,5,Sports,71.43,1,Japan,2025-02-05
3869,1150,30,Sports,125.54,3,France,2025-10-17
3870,213,11,Toys,337.06,3,Israel,2025-07-10
3871,1964,1,Sports,26.88,4,UK,2025-12-07
3872,153,77,Toys,360.0,4,USA,2025-04-25
3873,653,74,Clothing,80.39,2,Japan,2025-05-02
3874,1546,63,Books,146.86,5,USA,2025-06-28
3875,892,54,Gaming,445.81,4,Australia,2025-05-14
3876,1867,77,Toys,306.26,2,Israel,2025-04-01
3877,704,27,Beauty,353.34,4,UK,2025-02-23
3878,1650,35,Sports,287.68,3,UK,2025-03-07
3879,1962,31,Clothing,247.95,1,Japan,2025-11-18
3880,1151,57,Beauty,392.11,4,Germany,2025-12-23
3881,1111,66,Clothing,414.82,2,UK,2025-01-05
3882,1225,7,Gaming,248.11,1,Canada,2025-03-14
3883,755,11,Toys,291.86,2,USA,2025-01-27
3884,918,71,Clothing,132.25,3,Japan,2025-09-09
3885,154,62,Toys,143.27,3,USA,2025-09-10
3886,1844,25,Electronics,167.96,3,UK,2025-05-25
3887,683,75,Sports,432.68,2,Canada,2025-01-01
3888,1208,64,Beauty,442.91,3,Australia,2025-04-26
3889,1963,51,Clothing,98.62,3,Australia,2025-01-18
3890,530,42,Beauty,138.5,2,USA,2025-10-11
3891,1331,68,Home,37.64,1,France,2025-12-28
3892,1899,45,Clothing,241.41,1,Canada,2025-12-28
3893,7,37,Gaming,98.99,5,Australia,2025-12-22
3894,1388,46,Gaming,205.01,5,Germany,2025-11-13
3895,1252,76,Clothing,3.97,3,Israel,2025-10-08
3896,1452,60,Gaming,312.52,4,Israel,2025-08-03
3897,1572,43,Books,167.97,3,Canada,2025-11-12
3898,965,43,Books,159.37,1,Australia,2025-11-04
3899,753,26,Gaming,485.59,2,USA,2025-01-02
3900,1251,43,Books,286.19,4,USA,2025-03-24
3901,1667,30,Sports,37.34,2,Canada,2025-03-16
3902,1562,70,Books,436.52,3,Germany,2025-08-07
3903,200,23,Home,402.24,1,Australia,2025-07-25
3904,1939,41,Clothing,352.43,1,UK,2025-12-22
3905,767,9,Clothing,181.73,4,Canada,2025-02-08
3906,1427,27,Beauty,497.74,5,Germany,2025-11-02
3907,1952,49,Beauty,158.01,2,Japan,2025-10-25
3908,1432,73,Electronics,287.53,3,Israel,2025-09-24
3909,1644,8,Gaming,384.14,5,Germany,2025-12-24
3910,1280,3,Gaming,452.15,3,Japan,2025-02-15
3911,1708,21,Beauty,311.34,5,USA,2025-01-15
3912,1063,64,Beauty,331.04,1,Israel,2025-09-20
3913,472,10,Beauty,26.0,2,UK,2025-03-14
3914,300,77,Toys,405.72,5,UK,2025-08-01
3915,983,49,Beauty,166.4,5,USA,2025-06-02
3916,1585,68,Home,36.26,4,Germany,2025-04-01
3917,301,1,Sports,218.5,3,UK,2025-05-27
3918,1597,7,Gaming,54.37,1,Australia,2025-09-27
3919,1813,74,Clothing,458.76,3,France,2025-11-23
3920,1103,77,Toys,344.09,1,France,2025-12-13
3921,781,79,Sports,24.96,4,Japan,2025-07-24
3922,1473,68,Home,410.64,4,USA,2025-07-21
3923,1784,65,Sports,493.23,1,UK,2025-11-25
3924,1462,5,Sports,380.48,4,Germany,2025-03-28
3925,420,72,Electronics,302.57,4,Australia,2025-09-14
3926,1810,38,Clothing,271.8,5,Israel,2025-05-19
3927,1832,29,Toys,160.67,2,Germany,2025-12-05
3928,1061,40,Clothing,239.72,1,Australia,2025-05-18
3929,1417,36,Gaming,272.38,5,Australia,2025-06-18
3930,1010,34,Beauty,24.85,4,Australia,2025-09-11
3931,745,22,Home,358.11,3,Germany,2025-07-03
3932,178,54,Gaming,436.03,3,Australia,2025-08-21
3933,1116,60,Gaming,97.25,5,France,2025-10-04
3934,1007,48,Books,290.31,1,France,2025-11-07
3935,105,38,Clothing,342.11,1,Australia,2025-05-07
3936,1168,30,Sports,140.98,1,USA,2025-04-04
3937,1481,10,Beauty,222.64,1,France,2025-04-20
3938,208,26,Gaming,56.25,3,Canada,2025-02-24
3939,1566,56,Gaming,494.91,2,USA,2025-02-24
3940,1595,3,Gaming,351.41,2,USA,2025-10-28
3941,1635,74,Clothing,344.19,4,Japan,2025-08-19
3942,598,74,Clothing,463.33,5,Canada,2025-04-03
3943,172,58,Beauty,442.22,3,Israel,2025-10-12
3944,857,25,Electronics,282.33,1,Australia,2025-10-22
3945,745,29,Toys,203.92,2,Australia,2025-07-10
3946,1948,14,Clothing,282.15,1,UK,2025-06-23
3947,284,44,Beauty,301.36,2,UK,2025-06-10
3948,714,70,Books,420.81,4,Canada,2025-04-15
3949,980,34,Beauty,464.05,3,Japan,2025-07-23
3950,438,53,Sports,230.38,4,Japan,2025-07-05
3951,789,48,Books,192.37,1,Canada,2025-01-09
3952,201,18,Beauty,497.11,5,Australia,2025-04-18
3953,1031,13,Sports,154.04,1,UK,2025-01-18
3954,373,1,Sports,339.83,2,Canada,2025-03-03
3955,1255,10,Beauty,411.97,5,Germany,2025-09-15
3956,665,25,Electronics,437.95,2,Japan,2025-03-05
3957,61,2,Sports,105.95,3,France,2025-07-21
3958,1888,4,Gaming,356.46,4,Japan,2025-06-17
3959,1130,31,Clothing,413.48,3,Canada,2025-04-11
3960,872,5,Sports,317.25,3,UK,2025-10-24
3961,1741,72,Electronics,485.14,1,Canada,2025-02-27
3962,1916,37,Gaming,335.02,3,Israel,2025-08-02
3963,147,24,Beauty,412.5,4,Canada,2025-09-05
3964,1919,55,Home,313.92,1,Canada,2025-06-03
3965,1209,72,Electronics,335.61,5,Japan,2025-07-08
3966,1093,73,Electronics,68.03,4,Canada,2025-04-10
3967,47,13,Sports,98.11,5,Germany,2025-10-22
3968,1279,61,Sports,271.68,4,USA,2025-04-24
3969,1114,61,Sports,128.13,5,France,2025-07-14
3970,707,28,Clothing,289.09,3,Australia,2025-11-21
3971,326,59,Home,1.21,2,France,2025-06-01
3972,1268,26,Gaming,113.34,2,Israel,2025-12-18
3973,278,3,Gaming,74.5,2,Australia,2025-08-06
3974,1861,72,Electronics,244.69,3,Israel,2025-11-23
3975,921,16,Home,140.94,5,Israel,2025-02-06
3976,1894,34,Beauty,105.04,1,Australia,2025-08-19
3977,10,10,Beauty,405.46,1,UK,2025-11-12
3978,1256,74,Clothing,165.79,4,France,2025-07-10
3979,1667,76,Clothing,51.66,3,Israel,2025-01-18
3980,1411,45,Clothing,282.44,4,Germany,2025-07-18
3981,1055,49,Beauty,493.0,2,Australia,2025-06-18
3982,672,34,Beauty,497.7,1,France,2025-03-22
3983,1851,79,Sports,254.7,1,UK,2025-10-13
3984,293,65,Sports,241.86,3,Canada,2025-04-05
3985,792,13,Sports,52.98,1,Canada,2025-01-25
3986,1293,16,Home,346.69,3,France,2025-02-08
3987,607,15,Books,155.82,2,USA,2025-06-26
3988,402,26,Gaming,472.81,2,Israel,2025-10-23
3989,193,2,Sports,245.48,2,Australia,2025-02-18
3990,1016,9,Clothing,47.01,4,Australia,2025-04-06
3991,1130,17,Books,183.82,5,Australia,2025-12-26
3992,454,20,Home,471.22,4,Japan,2025-11-23
3993,1618,22,Home,268.61,5,Japan,2025-02-06
3994,51,34,Beauty,54.76,1,Australia,2025-06-24
3995,1231,13,Sports,329.62,2,France,2025-06-12
3996,810,28,Clothing,479.12,1,Germany,2025-11-23
3997,1178,18,Beauty,487.8,3,Japan,2025-12-18
3998,1292,66,Clothing,457.46,2,USA,2025-07-17
3999,1579,12,Clothing,485.23,2,Germany,2025-07-26
4000,1184,20,Home,430.48,4,Germany,2025-04-21
4001,19,34,Beauty,368.19,3,France,2025-03-27
4002,1865,50,Clothing,331.69,5,Israel,2025-02-22
4003,1319,74,Clothing,216.41,1,Germany,2025-12-26
4004,373,14,Clothing,446.84,2,Canada,2025-10-05
4005,1332,34,Beauty,319.52,4,Australia,2025-02-22
4006,605,77,Toys,435.32,1,Germany,2025-01-02
4007,675,38,Clothing,266.11,3,Japan,2025-01-17
4008,61,77,Toys,104.76,1,France,2025-01-01
4009,1690,48,Books,181.89,4,Canada,2025-08-21
4010,929,17,Books,335.89,2,USA,2025-02-03
4011,972,47,Books,226.81,2,Germany,2025-03-15
4012,1913,9,Clothing,125.86,3,Australia,2025-07-23
4013,333,63,Books,343.97,3,Japan,2025-01-20
4014,1899,30,Sports,456.2,3,Australia,2025-09-23
4015,118,22,Home,371.56,2,Germany,2025-10-09
4016,388,73,Electronics,180.16,3,Japan,2025-12-17
4017,545,31,Clothing,499.8,5,Australia,2025-09-24
4018,891,35,Sports,303.36,5,Australia,2025-10-12
4019,1457,65,Sports,195.97,5,France,2025-02-01
4020,1809,9,Clothing,64.67,2,UK,2025-10-16
4021,897,39,Clothing,227.81,4,UK,2025-06-06
4022,1080,70,Books,190.19,1,Canada,2025-09-07
4023,72,67,Gaming,180.47,5,Canada,2025-03-01
4024,799,51,Clothing,217.8,2,USA,2025-05-12
4025,358,30,Sports,484.72,4,Canada,2025-08-20
4026,950,75,Sports,187.66,5,USA,2025-10-09
4027,412,22,Home,246.17,5,USA,2025-10-15
4028,932,23,Home,279.19,1,Japan,2025-05-13
4029,734,59,Home,218.9,3,Canada,2025-10-07
4030,787,9,Clothing,257.72,2,UK,2025-12-28
4031,1645,19,Books,244.99,5,Canada,2025-10-18
4032,1877,53,Sports,225.42,2,France,2025-05-20
4033,244,9,Clothing,77.31,3,USA,2025-12-07
4034,325,42,Beauty,85.92,2,Australia,2025-12-27
4035,1810,6,Toys,184.38,5,USA,2025-02-03
4036,1531,15,Books,39.72,5,Japan,2025-03-02
4037,1550,39,Clothing,238.51,4,Canada,2025-04-26
4038,125,41,Clothing,14.32,1,USA,2025-09-25
4039,683,44,Beauty,179.51,4,France,2025-12-08
4040,1023,9,Clothing,349.95,5,Japan,2025-11-12
4041,1161,49,Beauty,73.98,1,Israel,2025-07-05
4042,1031,35,Sports,199.49,3,Australia,2025-02-05
4043,1718,38,Clothing,376.11,3,Japan,2025-01-01
4044,1103,10,Beauty,48.42,1,France,2025-07-21
4045,751,42,Beauty,269.12,3,UK,2025-06-24
4046,839,40,Clothing,153.48,5,Canada,2025-05-28
4047,1318,5,Sports,291.96,3,UK,2025-01-21
4048,1894,11,Toys,26.23,5,USA,2025-09-23
4049,465,68,Home,168.25,2,UK,2025-03-01
4050,1500,10,Beauty,198.62,3,France,2025-04-13
4051,1837,78,Clothing,175.79,1,Japan,2025-05-01
4052,1351,52,Sports,421.3,1,Israel,2025-10-10
4053,1069,67,Gaming,394.58,3,UK,2025-04-17
4054,225,10,Beauty,79.26,2,Japan,2025-12-07
4055,1347,69,Sports,105.86,4,Japan,2025-12-04
4056,370,4,Gaming,37.96,5,Israel,2025-10-02
4057,1513,64,Beauty,360.59,1,France,2025-04-25
4058,1398,15,Books,480.39,5,France,2025-04-14
4059,843,35,Sports,98.31,3,Israel,2025-05-19
4060,1597,7,Gaming,487.78,2,Japan,2025-07-12
4061,885,17,Books,471.12,5,USA,2025-06-06
4062,1227,32,Gaming,85.22,4,Germany,2025-08-07
4063,181,2,Sports,20.44,1,Canada,2025-05-19
4064,523,79,Sports,93.49,2,Germany,2025-09-17
4065,1293,51,Clothing,288.7,3,Japan,2025-07-10
4066,1029,70,Books,448.72,3,France,2025-11-07
4067,1478,45,Clothing,69.63,1,USA,2025-11-25
4068,1609,29,Toys,59.08,1,Australia,2025-09-25
4069,435,18,Beauty,31.6,1,UK,2025-04-04
4070,54,76,Clothing,37.95,1,France,2025-03-03
4071,1729,18,Beauty,5.7,4,France,2025-01-12
4072,1787,54,Gaming,112.96,2,Germany,2025-12-21
4073,201,60,Gaming,136.98,1,Japan,2025-07-27
4074,697,49,Beauty,48.16,4,USA,2025-05-10
4075,162,2,Sports,190.64,5,Japan,2025-01-15
4076,563,65,Sports,444.2,3,Canada,2025-10-01
4077,1412,52,Sports,147.97,2,Canada,2025-01-18
4078,1603,67,Gaming,360.2,5,Israel,2025-12-16
4079,429,61,Sports,332.38,5,Canada,2025-03-26
4080,1882,37,Gaming,74.99,5,UK,2025-02-11
4081,874,58,Beauty,421.49,3,USA,2025-10-09
4082,787,51,Clothing,428.86,5,Australia,2025-05-01
4083,66,71,Clothing,94.46,5,Japan,2025-07-05
4084,1172,77,Toys,124.03,1,USA,2025-06-17
4085,629,54,Gaming,119.89,4,Germany,2025-02-02
4086,1410,5,Sports,255.46,1,Australia,2025-05-11
4087,251,40,Clothing,479.04,4,Israel,2025-09-09
4088,896,53,Sports,381.92,2,UK,2025-04-18
4089,956,28,Clothing,67.77,1,Australia,2025-12-21
4090,659,78,Clothing,243.8,4,Germany,2025-12-19
4091,284,37,Gaming,-94.75,1,Japan,2025-10-26
4092,1263,69,Sports,278.46,3,Germany,2025-05-16
4093,468,17,Books,27.5,1,Israel,2025-04-10
4094,1734,19,Books,99.18,1,UK,2025-01-14
4095,1448,34,Beauty,354.96,2,France,2025-12-21
4096,1013,5,Sports,197.56,4,Germany,2025-04-20
4097,1188,77,Toys,91.75,5,USA,2025-11-15
4098,1109,26,Gaming,68.1,5,UK,2025-10-08
4099,1685,36,Gaming,119.4,1,Israel,2025-04-23
4100,1441,13,Sports,21.63,1,Israel,2025-09-02
4101,19,21,Beauty,9.33,3,Japan,2025-08-07
4102,113,8,Gaming,223.07,2,Canada,2025-01-11
4103,1119,53,Sports,154.34,2,Germany,2025-09-19
4104,1494,51,Clothing,255.1,1,UK,2025-08-18
4105,230,55,Home,2.07,1,UK,2025-07-05
4106,1808,40,Clothing,386.14,5,Israel,2025-07-01
4107,659,47,Books,447.27,2,Canada,2025-02-27
4108,988,38,Clothing,493.84,2,Australia,2025-07-27
4109,674,46,Gaming,143.33,1,USA,2025-08-18
4110,154,80,Beauty,237.0,4,Germany,2025-08-16
4111,127,56,Gaming,367.31,2,UK,2025-12-28
4112,1083,1,Sports,398.92,5,UK,2025-12-02
4113,989,9,Clothing,327.4,5,Japan,2025-07-20
4114,1544,46,Gaming,479.48,4,Israel,2025-04-27
4115,1731,65,Sports,142.11,2,Germany,2025-06-02
4116,1278,23,Home,215.64,2,UK,2025-10-15
4117,1234,8,Gaming,436.02,2,Germany,2025-06-17
4118,935,28,Clothing,141.97,1,Israel,2025-07-15
4119,114,66,Clothing,98.91,1,USA,2025-02-25
4120,1555,8,Gaming,35.16,1,Israel,2025-12-21
4121,379,15,Books,379.65,1,Germany,2025-11-02
4122,36,60,Gaming,81.22,5,Canada,2025-12-20
4123,496,46,Gaming,167.81,5,Canada,2025-09-16
4124,775,75,Sports,343.23,1,Israel,2025-11-09
4125,1462,79,Sports,438.73,2,Japan,2025-01-10
4126,1151,28,Clothing,103.44,3,Australia,2025-02-27
4127,851,21,Beauty,404.42,1,UK,2025-02-18
4128,28,49,Beauty,282.56,4,Germany,2025-08-27
4129,1491,36,Gaming,223.08,1,Japan,2025-06-10
4130,1641,19,Books,135.61,1,USA,2025-02-12
4131,1428,44,Beauty,442.41,1,France,2025-11-20
4132,244,56,Gaming,419.79,1,Australia,2025-03-13
4133,466,2,Sports,86.48,5,Germany,2025-04-25
4134,872,50,Clothing,241.75,4,France,2025-10-14
4135,749,54,Gaming,314.42,1,USA,2025-06-16
4136,709,36,Gaming,242.13,4,Japan,2025-08-10
4137,662,70,Books,21.68,2,USA,2025-03-11
4138,1199,19,Books,362.76,2,Australia,2025-11-03
4139,233,62,Toys,18.69,4,Israel,2025-02-18
4140,821,23,Home,485.39,1,France,2025-10-16
4141,774,10,Beauty,353.25,5,Israel,2025-11-11
4142,1944,77,Toys,21.93,1,Japan,2025-12-19
4143,473,74,Clothing,17.48,1,Germany,2025-06-15
4144,1628,10,Beauty,367.29,4,Japan,2025-11-24
4145,584,1,Sports,14.68,4,USA,2025-12-10
4146,684,14,Clothing,360.91,3,Germany,2025-03-26
4147,1179,9,Clothing,72.78,1,UK,2025-12-19
4148,1351,2,Sports,207.07,4,Germany,2025-09-24
4149,646,22,Home,263.94,1,Japan,2025-05-11
4150,1303,46,Gaming,285.51,2,Japan,2025-03-04
4151,66,37,Gaming,411.59,1,Canada,2025-03-12
4152,705,11,Toys,414.53,5,Israel,2025-07-15
4153,1179,1,Sports,467.55,3,Germany,2025-07-07
4154,151,66,Clothing,116.16,2,UK,2025-12-06
4155,435,50,Clothing,221.65,5,Canada,2025-03-06
4156,665,15,Books,285.91,4,France,2025-08-14
4157,1188,2,Sports,400.67,3,Germany,2025-08-28
4158,1499,6,Toys,113.91,4,UK,2025-12-12
4159,1748,45,Clothing,336.28,1,Australia,2025-01-11
4160,17,64,Beauty,38.64,1,Germany,2025-05-07
4161,1617,3,Gaming,71.93,2,France,2025-05-24
4162,998,17,Books,404.9,1,Japan,2025-01-10
4163,828,29,Toys,272.36,5,UK,2025-12-02
4164,538,25,Electronics,46.03,5,France,2025-03-27
4165,531,74,Clothing,212.32,4,USA,2025-06-20
4166,426,69,Sports,298.62,3,Germany,2025-12-01
4167,983,5,Sports,406.73,5,USA,2025-12-21
4168,1274,17,Books,241.12,5,France,2025-02-14
4169,77,36,Gaming,375.16,5,USA,2025-09-15
4170,702,268,Gaming,397.62,2,France,2025-12-04
4171,450,1,Sports,148.15,5,Canada,2025-01-25
4172,410,8,Gaming,20.16,1,Japan,2025-07-28
4173,1414,21,Beauty,214.92,4,Israel,2025-02-16
4174,1774,59,Home,340.87,4,Japan,2025-06-18
4175,49,56,Gaming,285.06,3,France,2025-06-12
4176,1880,60,Gaming,223.97,2,Israel,2025-02-22
4177,300,18,Beauty,104.72,4,UK,2025-07-28
4178,283,41,Clothing,-85.5,3,UK,2025-07-14
4179,1212,71,Clothing,496.5,1,Israel,2025-11-06
4180,1547,14,Clothing,68.98,1,UK,2025-12-25
4181,638,45,Clothing,229.08,1,France,2025-09-12
4182,971,77,Toys,213.5,4,UK,2025-09-11
4183,1686,34,Beauty,139.7,1,Japan,2025-10-09
4184,968,32,Gaming,436.69,5,Australia,2025-05-13
4185,144,42,Beauty,431.89,4,Australia,2025-02-10
4186,324,6,Toys,148.72,1,Germany,2025-02-10
4187,1484,23,Home,253.47,2,Canada,2025-10-14
4188,352,14,Clothing,392.72,1,USA,2025-12-28
4189,1887,62,Toys,377.28,2,Germany,2025-12-01
4190,358,50,Clothing,190.8,1,USA,2025-07-12
4191,1702,54,Gaming,175.49,5,France,2025-07-25
4192,1958,47,Books,494.16,1,France,2025-05-18
4193,804,61,Sports,298.28,1,Canada,2025-02-20
4194,334,53,Sports,438.0,5,France,2025-10-16
4195,587,57,Beauty,97.69,3,Canada,2025-03-13
4196,915,71,Clothing,404.08,3,France,2025-02-19
4197,663,40,Clothing,302.57,1,France,2025-11-09
4198,573,63,Books,443.25,5,France,2025-10-09
4199,1607,20,Home,211.09,1,Australia,2025-12-10
4200,1727,17,Books,358.83,4,Israel,2025-03-26
4201,822,39,Clothing,472.57,3,Canada,2025-11-10
4202,901,43,Books,184.05,5,Australia,2025-03-09
4203,983,22,Home,232.65,5,Japan,2025-05-26
4204,1303,5,Sports,2.58,5,Canada,2025-06-27
4205,957,29,Toys,397.43,2,Australia,2025-01-26
4206,826,42,Beauty,184.36,3,Germany,2025-05-19
4207,1369,39,Clothing,287.6,2,UK,2025-01-18
4208,1351,3,Gaming,335.62,4,France,2025-10-02
4209,1885,39,Clothing,10.15,3,Australia,2025-06-19
4210,419,28,Clothing,442.83,5,Germany,2025-05-07
4211,1326,7,Gaming,123.41,4,UK,2025-02-19
4212,1390,6,Toys,65.76,4,Israel,2025-11-07
4213,1895,44,Beauty,299.81,5,France,2025-09-03
4214,1048,8,Gaming,89.16,2,Canada,2025-02-02
4215,1065,4,Gaming,128.8,4,Australia,2025-03-15
4216,223,2,Sports,261.68,3,Australia,2025-04-01
4217,1615,46,Gaming,428.39,2,Japan,2025-05-25
4218,1044,14,Clothing,351.32,4,France,2025-08-28
4219,799,36,Gaming,172.11,3,Japan,2025-01-07
4220,1612,53,Sports,65.24,4,Israel,2025-11-17
4221,1467,71,Clothing,477.6,2,Japan,2025-09-27
4222,210,75,Sports,496.0,1,UK,2025-12-16
4223,102,7,Gaming,298.51,4,Australia,2025-09-04
4224,666,24,Beauty,87.23,5,Israel,2025-09-14
4225,115,44,Beauty,75.75,5,Germany,2025-02-11
4226,1970,69,Sports,300.11,3,Australia,2025-02-04
4227,1048,6,Toys,396.9,2,Japan,2025-04-17
4228,1633,63,Books,248.46,4,USA,2025-07-01
4229,1761,61,Sports,372.75,4,Japan,2025-02-20
4230,531,42,Beauty,490.41,3,Germany,2025-05-11
4231,127,22,Home,11.62,2,Canada,2025-02-20
4232,571,53,Sports,1.97,5,Japan,2025-01-11
4233,32,51,Clothing,382.43,1,USA,2025-03-15
4234,1911,37,Gaming,297.46,4,Australia,2025-02-13
4235,1688,21,Beauty,61.54,1,Australia,2025-03-10
4236,1378,64,Beauty,248.18,2,Canada,2025-02-23
4237,1646,80,Beauty,451.38,2,Japan,2025-06-20
4238,1907,57,Beauty,368.24,1,Germany,2025-08-03
4239,1410,11,Toys,348.74,3,Japan,2025-12-13
4240,1028,51,Clothing,264.81,1,Canada,2025-01-11
4241,123,2,Sports,213.7,4,Japan,2025-12-12
4242,1630,51,Clothing,325.52,5,Germany,2025-09-01
4243,1214,10,Beauty,331.53,1,Germany,2025-10-25
4244,1889,6,Toys,78.42,3,UK,2025-09-04
4245,345,64,Beauty,162.53,2,Japan,2025-12-26
4246,79,28,Clothing,119.51,2,USA,2025-07-25
4247,110,13,Sports,292.28,3,Canada,2025-05-02
4248,728,47,Books,21.73,1,Japan,2025-06-12
4249,1131,26,Gaming,81.43,2,USA,2025-06-08
4250,177,68,Home,133.49,2,Japan,2025-04-19
4251,55,28,Clothing,181.51,4,USA,2025-02-10
4252,1711,44,Beauty,119.43,2,Japan,2025-01-09
4253,1896,61,Sports,399.4,3,Canada,2025-05-24
4254,1264,39,Clothing,172.57,3,Japan,2025-02-04
4255,1328,22,Home,72.44,1,UK,2025-05-09
4256,1529,69,Sports,9.91,1,USA,2025-03-13
4257,1863,44,Beauty,169.64,2,France,2025-06-01
4258,123,75,Sports,28.87,3,Germany,2025-03-21
4259,1315,6,Toys,354.25,2,Canada,2025-07-26
4260,1727,31,Clothing,311.91,4,Israel,2025-10-16
4261,594,71,Clothing,220.16,3,Israel,2025-02-10
4262,1554,63,Books,283.71,1,Germany,2025-05-06
4263,825,78,Clothing,488.54,3,USA,2025-09-28
4264,1850,20,Home,199.48,3,Japan,2025-10-27
4265,1142,72,Electronics,206.86,2,Israel,2025-07-07
4266,663,61,Sports,-95.48,1,France,2025-12-15
4267,961,47,Books,17.3,2,Australia,2025-11-11
4268,767,37,Gaming,98.49,2,USA,2025-02-25
4269,416,30,Sports,178.58,5,Australia,2025-01-05
4270,240,30,Sports,166.87,3,Israel,2025-11-04
4271,1854,21,Beauty,490.16,2,Canada,2025-11-06
4272,154,77,Toys,302.83,3,Australia,2025-07-07
4273,1712,29,Toys,326.8,1,Canada,2025-04-15
4274,95,14,Clothing,133.43,5,Australia,2025-07-19
4275,1742,11,Toys,463.94,3,Israel,2025-05-08
4276,502,18,Beauty,7.14,3,Israel,2025-11-25
4277,225,18,Beauty,not-a-price,2,Canada,2025-03-08
4278,543,57,Beauty,294.67,4,Australia,2025-10-28
4279,1973,45,Clothing,245.03,4,USA,2025-01-07
4280,581,39,Clothing,426.25,4,Canada,2025-02-09
4281,1011,47,Books,459.14,3,USA,2025-12-17
4282,1643,7,Gaming,310.58,1,Canada,2025-08-01
4283,1973,31,Clothing,43.94,3,UK,2025-08-18
4284,1401,18,Beauty,30.77,4,USA,2025-01-02
4285,69,47,Books,234.65,4,Germany,2025-02-17
4286,255,52,Sports,224.36,2,France,2025-12-28
4287,917,69,Sports,183.94,3,Australia,2025-06-27
4288,500,6,Toys,316.79,3,Germany,2025-04-17
4289,1807,44,Beauty,455.87,1,Canada,2025-01-23
4290,1306,38,Clothing,496.86,5,UK,2025-08-05
4291,1004,72,Electronics,251.91,1,France,2025-12-20
4292,172,6,Toys,336.97,4,Japan,2025-08-10
4293,1916,22,Home,408.26,5,France,2025-05-07
4294,506,45,Clothing,320.1,5,Japan,2025-09-09
4295,581,77,Toys,400.45,5,Germany,2025-05-21
4296,684,62,Toys,162.35,5,France,2025-09-21
4297,903,37,Gaming,193.36,4,Japan,2025-10-26
4298,195,67,Gaming,334.27,4,Canada,2025-02-10
4299,45,66,Clothing,8.37,2,Israel,2025-08-17
4300,95,5,Sports,228.83,3,Israel,2025-10-14
4301,1215,29,Toys,246.42,2,USA,2025-07-09
4302,1977,27,Beauty,380.33,1,France,2025-05-15
4303,611,79,Sports,428.85,5,Germany,2025-06-13
4304,657,44,Beauty,178.09,4,UK,2025-11-24
4305,419,42,Beauty,133.29,1,USA,2025-11-15
4306,547,2,Sports,265.8,1,Israel,2025-12-10
4307,1240,54,Gaming,376.98,1,USA,2025-11-26
4308,1443,76,Clothing,485.6,3,Canada,2025-09-08
4309,340,37,Gaming,432.24,1,France,2025-10-16
4310,1752,80,Beauty,190.73,3,Israel,2025-01-19
4311,1166,3,Gaming,337.66,2,France,2025-02-12
4312,69,76,Clothing,218.09,3,Australia,2025-05-24
4313,279,29,Toys,358.97,2,Canada,2025-09-18
4314,818,71,Clothing,13.53,4,USA,2025-01-19
4315,650,28,Clothing,340.3,5,USA,2025-04-10
4316,1290,8,Gaming,401.17,5,France,2025-08-14
4317,657,46,Gaming,356.27,4,France,2025-01-24
4318,1455,2,Sports,456.73,3,UK,2025-11-08
4319,1027,34,Beauty,312.91,2,Israel,2025-01-09
4320,841,58,Beauty,332.82,2,Japan,2025-11-27
4321,1019,61,Sports,268.78,2,Australia,2025-04-07
4322,13,55,Home,189.75,5,Japan,2025-10-17
4323,1635,13,Sports,185.0,3,France,2025-10-27
4324,729,5,Sports,78.74,2,UK,2025-12-10
4325,462,9,Clothing,317.69,2,Canada,2025-12-11
4326,1163,5,Sports,400.1,2,France,2025-11-09
4327,1363,67,Gaming,349.05,5,Japan,2025-03-23
4328,450,52,Sports,22.08,3,Australia,2025-07-01
4329,1382,75,Sports,7.07,2,Australia,2025-05-01
4330,93,23,Home,121.01,5,Germany,2025-03-14
4331,65,65,Sports,60.21,3,Canada,2025-06-17
4332,1712,47,Books,49.91,2,Germany,2025-06-09
4333,1248,54,Gaming,232.48,2,UK,2025-10-24
4334,262,62,Toys,5.53,3,Germany,2025-03-19
4335,699,80,Beauty,314.52,1,France,2025-06-28
4336,944,6,Toys,333.57,4,UK,2025-02-24
4337,493,24,Beauty,313.34,2,Germany,2025-04-21
4338,1213,74,Clothing,182.61,5,Canada,2025-10-28
4339,1314,65,Sports,276.0,2,Japan,2025-09-27
4340,1842,51,Clothing,184.8,3,France,2025-03-19
4341,798,6,Toys,323.79,4,USA,2025-05-08
4342,1450,33,Toys,57.88,3,Canada,2025-04-14
4343,857,80,Beauty,284.76,3,Canada,2025-01-03
4344,1351,44,Beauty,107.59,1,USA,2025-10-21
4345,551,51,Clothing,89.67,1,Canada,2025-06-02
4346,1911,5,Sports,100.55,3,Israel,2025-10-22
4347,1781,52,Sports,53.54,3,UK,2025-10-16
4348,531,78,Clothing,483.91,1,Australia,2025-02-11
4349,1102,42,Beauty,412.74,2,France,2025-05-07
4350,1345,66,Clothing,221.65,1,UK,2025-11-16
4351,876,61,Sports,162.14,5,Australia,2025-09-13
4352,714,34,Beauty,248.26,4,Germany,2025-05-28
4353,1963,62,Toys,93.52,4,Australia,2025-07-27
4354,6,46,Gaming,270.83,4,Canada,2025-04-18
4355,104,21,Beauty,46.45,1,USA,2025-10-03
4356,1828,75,Sports,478.82,2,Canada,2025-12-05
4357,1544,17,Books,41.38,4,Germany,2025-10-27
4358,1510,39,Clothing,29.83,3,Japan,2025-01-20
4359,499,63,Books,222.28,4,UK,2025-11-10
4360,1210,22,Home,86.49,3,Israel,2025-04-27
4361,1296,26,Gaming,329.54,1,Australia,2025-03-22
4362,1556,40,Clothing,297.45,4,France,2025-05-23
4363,778,42,Beauty,105.48,3,UK,2025-11-17
4364,24,8,Gaming,81.8,2,Australia,2025-01-05
4365,1281,28,Clothing,287.5,4,USA,2025-09-18
4366,1860,35,Sports,288.98,4,Japan,2025-05-24
4367,540,62,Toys,358.56,5,Japan,2025-03-21
4368,218,35,Sports,463.45,3,Australia,2025-11-05
4369,843,5,Sports,296.02,2,Germany,2025-04-14
4370,748,23,Home,52.88,2,France,2025-09-07
4371,570,61,Sports,350.41,1,UK,2025-11-10
4372,1841,49,Beauty,358.11,2,Japan,2025-11-12
4373,1936,44,Beauty,271.7,2,Canada,2025-03-03
4374,677,43,Books,37.36,2,France,2025-12-06
4375,246,20,Home,412.84,5,Germany,2025-02-10
4376,1997,71,Clothing,344.26,2,Canada,2025-02-20
4377,1187,18,Beauty,388.0,4,USA,2025-02-21
4378,840,1,Sports,206.48,1,Japan,2025-08-21
4379,134,71,Clothing,264.92,3,Canada,2025-01-24
4380,1602,19,Books,324.46,3,Israel,2025-10-27
4381,1979,34,Beauty,443.62,3,Japan,2025-08-05
4382,99,4,Gaming,285.58,3,Australia,2025-03-09
4383,671,7,Gaming,112.79,4,Israel,2025-12-06
4384,22,14,Clothing,343.35,3,Japan,2025-06-19
4385,320,1,Sports,389.19,3,Canada,2025-01-10
4386,1091,74,Clothing,289.27,2,France,2025-11-27
4387,1067,15,Books,135.71,1,Japan,2025-12-24
4388,558,10,Beauty,472.96,4,UK,2025-01-05
4389,442,61,Sports,408.44,1,Canada,2025-08-17
4390,298,50,Clothing,444.79,4,Australia,2025-07-15
4391,1638,66,Clothing,255.17,5,Canada,2025-09-19
4392,1062,19,Books,220.46,2,Australia,2025-11-28
4393,1926,1,Sports,91.34,4,France,2025-10-19
4394,1144,6,Toys,472.17,3,Australia,2025-07-27
4395,1914,78,Clothing,300.19,2,Germany,2025-04-27
4396,1879,34,Beauty,391.46,3,Australia,2025-07-16
4397,1650,31,Clothing,137.03,4,USA,2025-08-15
4398,1843,42,Beauty,418.56,3,France,2025-07-16
4399,1384,76,Clothing,412.09,2,Canada,2025-02-14
4400,1856,37,Gaming,485.28,3,USA,2025-03-25
4401,1053,20,Home,218.64,1,UK,2025-12-15
4402,1616,58,Beauty,385.43,1,USA,2025-08-25
4403,1408,77,Toys,278.55,4,Japan,2025-08-02
4404,63,39,Clothing,431.14,3,Australia,2025-06-07
4405,906,7,Gaming,55.29,3,USA,2025-09-13
4406,25,63,Books,2.07,2,Germany,2025-05-13
4407,630,78,Clothing,39.09,4,Canada,2025-08-11
4408,134,30,Sports,409.38,1,Japan,2025-09-10
4409,412,10,Beauty,462.2,5,France,2025-02-08
4410,1031,75,Sports,407.86,2,Japan,2025-03-03
4411,1949,68,Home,489.93,5,Japan,2025-02-12
4412,825,56,Gaming,31.88,2,USA,2025-12-01
4413,41,39,Clothing,123.68,2,Israel,2025-03-06
4414,1975,24,Beauty,330.99,4,USA,2025-12-21
4415,1276,80,Beauty,8.5,2,Australia,2025-03-24
4416,1004,61,Sports,337.78,5,Germany,2025-01-12
4417,184,67,Gaming,37.78,2,Germany,2025-07-12
4418,470,76,Clothing,1.24,2,Israel,2025-11-11
4419,1773,60,Gaming,395.09,2,Japan,2025-07-07
4420,728,63,Books,410.49,2,Canada,2025-10-19
4421,1060,30,Sports,138.78,2,Canada,2025-10-07
4422,982,71,Clothing,271.37,1,France,2025-10-07
4423,1434,75,Sports,219.45,4,USA,2025-12-28
4424,1092,12,Clothing,349.21,5,Germany,2025-01-26
4425,41,65,Sports,316.45,5,Japan,2025-07-11
4426,729,67,Gaming,264.93,5,Canada,2025-06-28
4427,48,13,Sports,6.73,2,Germany,2025-12-18
4428,77,10,Beauty,480.11,5,UK,2025-11-13
4429,515,62,Toys,120.55,1,Germany,2025-03-08
4430,1299,2,Sports,227.45,2,Israel,2025-03-09
4431,446,72,Electronics,38.52,3,UK,2025-03-09
4432,832,58,Beauty,413.17,3,UK,2025-09-19
4433,436,51,Clothing,-48.12,2,Israel,2025-03-04
4434,1444,58,Beauty,99.41,5,USA,2025-12-11
4435,656,53,Sports,51.5,5,Australia,2025-03-26
4436,1551,60,Gaming,487.09,1,USA,2025-05-17
4437,1731,12,Clothing,81.14,5,Israel,2025-06-17
4438,76,54,Gaming,318.56,1,Germany,2025-05-10
4439,206,39,Clothing,143.76,2,France,2025-01-25
4440,454,19,Books,231.32,4,Canada,2025-01-25
4441,1078,48,Books,302.27,5,USA,2025-01-19
4442,403,67,Gaming,183.91,1,Israel,2025-10-18
4443,1628,58,Beauty,432.38,2,Canada,2025-01-16
4444,1639,7,Gaming,144.45,5,France,2025-09-20
4445,377,22,Home,181.67,2,USA,2025-10-01
4446,855,27,Beauty,283.22,4,Australia,2025-10-09
4447,388,51,Clothing,50.37,4,Germany,2025-04-15
4448,71,46,Gaming,475.03,1,Israel,2025-07-08
4449,1280,5,Sports,220.3,1,France,2025-05-07
4450,1649,46,Gaming,306.9,4,Germany,2025-08-06
4451,1028,77,Toys,234.0,3,Australia,2025-07-27
4452,915,64,Beauty,307.31,2,UK,2025-12-25
4453,1496,54,Gaming,171.89,5,Canada,2025-04-18
4454,1922,28,Clothing,300.91,2,Australia,2025-07-06
4455,488,1,Sports,173.58,3,Australia,2025-03-23
4456,2000,22,Home,306.29,3,France,2025-07-03
4457,1624,7,Gaming,55.27,1,Israel,2025-06-13
4458,71,7,Gaming,284.33,2,Israel,2025-09-14
4459,1556,12,Clothing,92.95,1,Japan,2025-06-01
4460,1457,27,Beauty,144.6,4,USA,2025-12-21
4461,66,21,Beauty,169.38,1,USA,2025-03-01
4462,1750,4,Gaming,205.8,4,Canada,2025-06-11
4463,519,62,Toys,150.23,2,UK,2025-05-25
4464,1248,44,Beauty,374.66,1,Australia,2025-03-27
4465,195,14,Clothing,330.54,4,France,2025-01-05
4466,1262,24,Beauty,33.96,4,Germany,2025-03-07
4467,617,24,Beauty,383.25,1,France,2025-05-02
4468,163,40,Clothing,339.19,5,USA,2025-12-20
4469,1470,55,Home,2.42,1,France,2025-03-18
4470,1946,13,Sports,171.5,5,UK,2025-09-02
4471,1948,27,Beauty,304.01,5,Germany,2025-04-07
4472,1320,18,Beauty,301.78,1,UK,2025-07-24
4473,1492,1,Sports,396.75,4,Japan,2025-02-11
4474,1725,27,Beauty,359.53,4,Australia,2025-09-14
4475,1262,13,Sports,310.4,2,USA,2025-08-23
4476,1672,44,Beauty,459.76,4,Japan,2025-11-27
4477,1359,19,Books,2.25,1,USA,2025-01-17
4478,1111,17,Books,280.1,4,France,2025-07-21
4479,1253,36,Gaming,370.56,5,Australia,2025-04-16
4480,136,76,Clothing,258.15,5,Australia,2025-12-19
4481,1825,69,Sports,261.63,5,UK,2025-10-07
4482,1582,59,Home,203.95,1,Israel,2025-01-07
4483,98,26,Gaming,394.42,4,Israel,2025-03-27
4484,1539,56,Gaming,31.86,2,France,2025-10-22
4485,537,33,Toys,457.76,2,Canada,2025-08-23
4486,1349,75,Sports,237.53,5,USA,2025-11-13
4487,1519,73,Electronics,399.99,1,Japan,2025-06-25
4488,656,11,Toys,451.01,4,Australia,2025-09-05
4489,271,66,Clothing,11.33,3,Israel,2025-08-24
4490,1225,3,Gaming,2.59,4,UK,2025-06-11
4491,848,63,Books,461.09,4,Australia,2025-03-12
4492,322,31,Clothing,495.39,3,USA,2025-09-26
4493,1443,22,Home,117.0,5,Australia,2025-02-17
4494,1422,6,Toys,445.5,2,Germany,2025-06-26
4495,1508,41,Clothing,10.79,4,USA,2025-06-23
4496,162,18,Beauty,263.7,2,USA,2025-01-14
4497,497,77,Toys,263.57,3,Israel,2025-07-27
4498,870,60,Gaming,433.54,1,France,2025-07-02
4499,532,72,Electronics,355.74,3,Australia,2025-09-21
4500,1015,4,Gaming,370.52,4,UK,2025-10-26
4501,334,57,Beauty,231.88,4,Israel,2025-02-27
4502,1274,44,Beauty,276.45,2,France,2025-01-12
4503,1459,1,Sports,277.21,1,Canada,2025-09-03
4504,1070,20,Home,409.12,2,Canada,2025-06-26
4505,1772,14,Clothing,231.95,1,Canada,2025-01-11
4506,1918,1,Sports,457.37,3,Germany,2025-12-28
4507,76,22,Home,238.99,3,Germany,2025-07-12
4508,1826,8,Gaming,30.94,4,Japan,2025-07-17
4509,194,49,Beauty,308.88,5,Canada,2025-11-26
4510,1393,56,Gaming,1.28,2,Japan,2025-08-04
4511,1079,16,Home,182.68,5,Canada,2025-02-28
4512,804,4,Gaming,107.3,5,Japan,2025-03-10
4513,148,10,Beauty,84.96,3,UK,2025-01-12
4514,1130,30,Sports,160.86,1,France,2025-11-18
4515,116,6,Toys,443.41,5,Germany,2025-01-01
4516,1619,63,Books,172.75,5,Israel,2025-11-02
4517,721,51,Clothing,295.75,3,Israel,2025-11-13
4518,955,35,Sports,469.72,1,Israel,2025-03-22
4519,957,68,Home,154.93,1,Canada,2025-03-11
4520,21,67,Gaming,384.04,4,USA,2025-06-07
4521,431,57,Beauty,436.7,1,Japan,2025-05-07
4522,1649,75,Sports,71.55,5,Australia,2025-12-02
4523,7,23,Home,495.06,1,Germany,2025-05-28
4524,1260,27,Beauty,148.52,3,France,2025-09-06
4525,512,40,Clothing,107.37,2,Australia,2025-12-26
4526,1826,74,Clothing,256.7,5,Australia,2025-07-15
4527,433,13,Sports,373.56,4,Germany,2025-12-28
4528,1362,4,Gaming,261.31,5,USA,2025-06-25
4529,1040,48,Books,413.37,5,Canada,2025-04-07
4530,1597,37,Gaming,212.29,5,Germany,2025-10-02
4531,1444,23,Home,23.23,1,Canada,2025-09-07
4532,1756,30,Sports,464.34,1,Canada,2025-06-25
4533,1493,4,Gaming,492.48,4,USA,2025-05-13
4534,1229,37,Gaming,93.01,3,USA,2025-05-19
4535,513,25,Electronics,128.54,1,Israel,2025-10-17
4536,1962,26,Gaming,179.72,3,Australia,2025-12-12
4537,1517,39,Clothing,355.72,3,Australia,2025-12-13
4538,310,4,Gaming,292.99,5,France,2025-12-11
4539,165,54,Gaming,414.01,2,Canada,2025-12-24
4540,516,27,Beauty,389.76,5,UK,2025-10-27
4541,162,78,Clothing,385.68,2,Canada,2025-12-03
4542,342,80,Beauty,72.2,4,Japan,2025-05-12
4543,792,53,Sports,141.83,1,France,2025-08-10
4544,1246,55,Home,172.26,3,Israel,2025-05-09
4545,1513,3,Gaming,372.55,1,USA,2025-08-22
4546,68,21,Beauty,67.28,2,Canada,2025-08-27
4547,393,48,Books,200.37,3,France,2025-12-26
4548,1013,21,Beauty,218.13,1,Australia,2025-10-26
4549,270,14,Clothing,485.11,5,Canada,2025-09-07
4550,1924,53,Sports,200.36,1,France,2025-11-20
4551,1875,17,Books,407.95,2,Canada,2025-09-07
4552,1071,78,Clothing,393.29,1,UK,2025-05-13
4553,1913,76,Clothing,56.48,1,Australia,2025-05-18
4554,512,65,Sports,3.9,4,UK,2025-05-22
4555,1066,6,Toys,259.95,4,Canada,2025-04-24
4556,1230,46,Gaming,374.52,2,Germany,2025-10-18
4557,1868,73,Electronics,465.64,3,Australia,2025-09-08
4558,1472,78,Clothing,10.37,1,Israel,2025-01-22
4559,1726,44,Beauty,206.31,3,Germany,2025-07-20
4560,1789,1,Sports,254.22,4,UK,2025-04-11
4561,1122,71,Clothing,307.8,1,UK,2025-08-14
4562,707,3,Gaming,52.78,1,Israel,2025-05-19
4563,103,68,Home,86.78,2,Canada,2025-07-19
4564,1073,40,Clothing,172.4,1,Germany,2025-12-10
4565,496,23,Home,316.45,2,USA,2025-07-20
4566,3,23,Home,72.76,4,USA,2025-05-16
4567,646,19,Books,76.66,1,UK,2025-08-23
4568,890,19,Books,27.59,3,Australia,2025-08-13
4569,1415,76,Clothing,352.13,1,France,2025-02-15
4570,932,5,Sports,398.38,3,Japan,2025-07-24
4571,282,43,Books,459.49,1,Canada,2025-10-11
4572,767,70,Books,142.76,5,Germany,2025-06-25
4573,1264,60,Gaming,448.41,4,Japan,2025-09-12
4574,549,9,Clothing,376.08,3,USA,2025-02-25
4575,1992,53,Sports,184.85,4,France,2025-08-19
4576,1156,54,Gaming,422.35,1,France,2025-08-03
4577,1791,48,Books,129.09,4,Israel,2025-09-08
4578,1879,138,Books,440.21,2,UK,2025-02-13
4579,1489,49,Beauty,140.63,4,UK,2025-01-17
4580,684,55,Home,298.26,5,Canada,2025-06-05
4581,830,80,Beauty,118.26,2,Israel,2025-06-28
4582,1231,47,Books,94.57,1,Canada,2025-12-27
4583,149,32,Gaming,172.96,1,Canada,2025-09-15
4584,1823,77,Toys,394.03,5,Japan,2025-10-20
4585,1659,76,Clothing,266.38,3,Australia,2025-06-02
4586,1681,22,Home,434.64,3,Canada,2025-12-04
4587,80,25,Electronics,451.41,2,France,2025-02-15
4588,694,25,Electronics,69.05,5,Australia,2025-01-02
4589,1547,21,Beauty,121.03,3,Canada,2025-10-25
4590,1572,57,Beauty,118.78,3,UK,2025-06-27
4591,996,43,Books,104.03,3,UK,2025-06-18
4592,821,54,Gaming,480.86,2,Japan,2025-09-25
4593,955,69,Sports,98.47,4,UK,2025-03-02
4594,797,7,Gaming,404.84,5,Germany,2025-06-20
4595,1462,61,Sports,253.38,5,Japan,2025-06-19
4596,293,24,Beauty,444.94,1,Australia,2025-04-11
4597,1033,34,Beauty,193.07,4,UK,2025-07-21
4598,1270,43,Books,438.96,2,Israel,2025-03-25
4599,1727,20,Home,317.91,5,UK,2025-10-26
4600,672,30,Sports,92.93,1,Israel,2025-10-07
4601,1429,12,Clothing,362.63,1,Japan,2025-05-15
4602,1225,41,Clothing,96.56,3,Israel,2025-07-18
4603,950,27,Beauty,392.48,4,Australia,2025-01-15
4604,1153,18,Beauty,399.28,5,Japan,2025-02-06
4605,1426,60,Gaming,466.91,3,Germany,2025-07-21
4606,1267,79,Sports,388.06,5,Israel,2025-08-02
4607,185,41,Clothing,76.62,2,Australia,2025-10-09
4608,759,7,Gaming,209.4,1,Germany,2025-09-08
4609,1636,55,Home,183.1,1,UK,2025-07-04
4610,866,69,Sports,278.18,4,Japan,2025-06-21
4611,1715,62,Toys,334.93,1,France,2025-04-01
4612,1568,57,Beauty,186.13,5,Japan,2025-01-06
4613,1057,57,Beauty,76.85,2,Israel,2025-02-28
4614,1129,76,Clothing,114.68,5,Canada,2025-05-21
4615,836,69,Sports,392.61,4,USA,2025-02-06
4616,335,48,Books,202.15,2,Australia,2025-11-03
4617,498,58,Beauty,163.96,2,Israel,2025-11-28
4618,777,50,Clothing,290.64,1,Israel,2025-11-20
4619,1150,19,Books,161.46,1,France,2025-11-16
4620,616,13,Sports,488.89,1,Germany,2025-04-09
4621,1200,11,Toys,319.66,1,UK,2025-08-06
4622,1447,76,Clothing,132.8,5,Germany,2025-04-26
4623,243,23,Home,399.24,2,USA,2025-11-24
4624,1792,11,Toys,481.44,2,France,2025-03-15
4625,1321,9,Clothing,333.48,1,Australia,2025-04-08
4626,1098,58,Beauty,427.81,4,Canada,2025-07-25
4627,250,23,Home,101.35,4,Japan,2025-03-19
4628,1135,63,Books,139.08,1,France,2025-05-26
4629,762,57,Beauty,221.16,5,Japan,2025-03-27
4630,475,38,Clothing,455.73,3,France,2025-07-02
4631,585,25,Electronics,56.66,4,France,2025-09-16
4632,1744,23,Home,165.26,5,Germany,2025-03-09
4633,309,42,Beauty,116.81,4,Japan,2025-01-08
4634,101,37,Gaming,307.86,3,Japan,2025-03-02
4635,1914,39,Clothing,134.38,2,Israel,2025-01-05
4636,1085,46,Gaming,438.08,2,Canada,2025-03-18
4637,10,54,Gaming,166.92,4,Germany,2025-02-19
4638,276,35,Sports,267.52,4,Israel,2025-01-15
4639,1192,8,Gaming,57.46,4,France,2025-12-14
4640,1765,38,Clothing,112.77,3,Canada,2025-03-17
4641,1231,80,Beauty,338.86,5,Australia,2025-10-10
4642,568,27,Beauty,488.38,2,France,2025-03-10
4643,432,14,Clothing,317.5,3,Germany,2025-12-02
4644,664,60,Gaming,287.12,2,UK,2025-12-26
4645,1401,22,Home,437.85,5,France,2025-10-21
4646,1969,77,Toys,207.61,5,Canada,2025-05-17
4647,162,50,Clothing,399.61,1,Australia,2025-10-23
4648,1159,56,Gaming,330.24,5,Japan,2025-11-01
4649,1266,64,Beauty,398.2,2,Germany,2025-01-25
4650,1890,69,Sports,232.29,1,Japan,2025-04-24
4651,622,57,Beauty,122.93,2,Japan,2025-06-15
4652,342,73,Electronics,387.96,3,UK,2025-11-11
4653,691,63,Books,79.25,5,Japan,2025-08-22
4654,239,58,Beauty,487.55,3,UK,2025-03-18
4655,442,34,Beauty,217.32,2,Canada,2025-03-27
4656,811,60,Gaming,343.63,2,Germany,2025-01-07
4657,1720,47,Books,344.39,3,Canada,2025-10-26
4658,753,59,Home,423.96,5,USA,2025-02-18
4659,680,37,Gaming,189.11,5,UK,2025-11-14
4660,894,22,Home,470.13,3,Canada,2025-01-23
4661,1121,37,Gaming,159.64,2,France,2025-07-18
4662,286,52,Sports,159.12,5,Canada,2025-05-08
4663,1906,37,Gaming,88.03,5,Israel,2025-10-28
4664,1640,53,Sports,278.7,3,France,2025-08-06
4665,941,33,Toys,250.86,3,Japan,2025-04-02
4666,1779,39,Clothing,300.78,1,UK,2025-05-15
4667,96,15,Books,30.49,3,France,2025-11-13
4668,1798,67,Gaming,72.44,5,Japan,2025-04-18
4669,1471,13,Sports,131.52,2,UK,2025-02-18
4670,1308,19,Books,482.95,1,Germany,2025-11-26
4671,1758,56,Gaming,174.55,1,USA,2025-09-04
4672,1924,34,Beauty,15.08,3,UK,2025-12-25
4673,602,59,Home,378.39,1,Canada,2025-02-01
4674,1080,80,Beauty,243.46,5,USA,2025-11-09
4675,648,34,Beauty,347.23,3,France,2025-04-18
4676,1412,32,Gaming,58.33,2,Canada,2025-02-13
4677,6,42,Beauty,82.72,4,UK,2025-11-09
4678,1527,47,Books,2.74,1,USA,2025-01-22
4679,1438,38,Clothing,161.16,1,Germany,2025-09-07
4680,1895,4,Gaming,392.9,3,USA,2025-12-06
4681,1675,49,Beauty,259.85,5,USA,2025-11-02
4682,1885,30,Sports,38.49,1,Canada,2025-03-10
4683,466,75,Sports,237.27,2,Germany,2025-12-21
4684,48,62,Toys,173.21,4,UK,2025-01-04
4685,1282,1,Sports,335.09,4,UK,2025-12-03
4686,1742,50,Clothing,491.58,1,USA,2025-04-19
4687,423,45,Clothing,81.12,1,France,2025-01-09
4688,1590,75,Sports,95.87,4,Israel,2025-06-11
4689,377,71,Clothing,450.62,2,Canada,2025-08-01
4690,1393,75,Sports,115.67,2,Japan,2025-06-25
4691,1122,55,Home,197.36,4,USA,2025-02-19
4692,1040,78,Clothing,52.82,5,France,2025-10-16
4693,1773,24,Beauty,450.8,2,Germany,2025-09-04
4694,576,20,Home,147.85,4,France,2025-09-03
4695,1147,57,Beauty,259.85,3,Japan,2025-06-10
4696,1480,56,Gaming,422.81,4,Israel,2025-11-11
4697,831,3,Gaming,334.99,4,Germany,2025-01-07
4698,67,80,Beauty,413.76,4,Israel,2025-01-09
4699,1914,66,Clothing,466.94,3,UK,2025-01-27
4700,1018,64,Beauty,238.28,2,UK,2025-12-05
4701,177,17,Books,330.21,2,Canada,2025-06-17
4702,234,77,Toys,442.94,4,Canada,2025-11-06
4703,795,39,Clothing,219.85,5,Australia,2025-01-25
4704,611,59,Home,344.15,1,France,2025-05-25
4705,1367,24,Beauty,473.3,2,Japan,2025-11-15
4706,1282,67,Gaming,135.36,5,USA,2025-04-20
4707,1355,25,Electronics,361.99,2,USA,2025-02-12
4708,885,20,Home,377.4,2,Japan,2025-08-20
4709,1241,3,Gaming,222.3,1,USA,2025-08-18
4710,364,37,Gaming,253.5,2,Japan,2025-08-12
4711,1434,34,Beauty,11.08,1,Germany,2025-06-12
4712,1727,4,Gaming,292.84,2,France,2025-07-18
4713,445,43,Books,135.74,4,USA,2025-10-28
4714,1658,14,Clothing,279.86,1,UK,2025-11-13
4715,1754,8,Gaming,378.36,3,Canada,2025-01-04
4716,1335,12,Clothing,399.42,4,UK,2025-03-28
4717,783,33,Toys,86.16,1,Japan,2025-12-28
4718,515,22,Home,437.21,1,France,2025-03-21
4719,1820,40,Clothing,70.32,5,Israel,2025-09-09
4720,1937,6,Toys,329.64,5,Australia,2025-10-02
4721,1290,17,Books,254.11,3,USA,2025-07-11
4722,1724,42,Beauty,488.95,3,UK,2025-08-18
4723,1879,60,Gaming,485.94,5,Australia,2025-03-26
4724,966,7,Gaming,96.14,3,Canada,2025-06-12
4725,814,32,Gaming,363.84,5,Canada,2025-06-15
4726,1807,7,Gaming,219.11,4,UK,2025-02-16
4727,386,69,Sports,328.74,2,Israel,2025-04-27
4728,448,15,Books,403.79,1,France,2025-03-27
4729,234,77,Toys,191.8,5,Israel,2025-06-13
4730,198,63,Books,327.0,5,Germany,2025-02-21
4731,966,49,Beauty,135.91,5,Canada,2025-05-15
4732,1818,38,Clothing,152.26,5,USA,2025-04-11
4733,1792,36,Gaming,361.66,1,Canada,2025-11-04
4734,1774,33,Toys,314.0,4,Israel,2025-01-06
4735,1071,70,Books,409.8,5,Japan,2025-07-16
4736,1171,48,Books,75.61,1,Israel,2025-02-15
4737,1909,38,Clothing,309.92,4,Germany,2025-04-26
4738,1846,53,Sports,273.34,5,Japan,2025-06-13
4739,634,36,Gaming,138.93,4,Australia,2025-02-12
4740,793,57,Beauty,307.28,5,Israel,2025-06-09
4741,848,34,Beauty,42.85,2,Japan,2025-10-07
4742,574,61,Sports,389.62,4,Canada,2025-04-15
4743,1077,54,Gaming,389.07,4,France,2025-05-27
4744,1647,10,Beauty,182.35,5,Australia,2025-07-05
4745,1640,30,Sports,476.26,3,Japan,2025-01-21
4746,762,37,Gaming,323.28,4,Israel,2025-05-25
4747,1316,49,Beauty,209.78,1,USA,2025-08-01
4748,441,18,Beauty,436.36,4,USA,2025-05-28
4749,137,78,Clothing,180.99,5,Germany,2025-10-21
4750,1774,51,Clothing,57.32,4,Israel,2025-04-25
4751,24,67,Gaming,215.63,1,Israel,2025-05-15
4752,1708,61,Sports,71.41,5,Japan,2025-07-24
4753,1181,12,Clothing,257.6,4,Israel,2025-06-02
4754,1042,56,Gaming,207.29,5,Germany,2025-11-23
4755,1751,69,Sports,71.05,5,Germany,2025-03-11
4756,1393,64,Beauty,481.9,4,Japan,2025-09-19
4757,1268,29,Toys,439.68,3,Israel,2025-09-18
4758,301,28,Clothing,226.67,4,Israel,2025-05-02
4759,361,9,Clothing,11.26,5,Germany,2025-05-13
4760,1600,42,Beauty,117.86,1,Japan,2025-02-10
4761,893,50,Clothing,173.49,2,Japan,2025-04-10
4762,187,5,Sports,372.86,1,Australia,2025-01-13
4763,150,60,Gaming,156.87,2,UK,2025-07-06
4764,1399,20,Home,282.81,1,Germany,2025-11-11
4765,28,36,Gaming,58.42,2,UK,2025-08-15
4766,488,16,Home,69.49,0,Japan,2025-04-12
4767,1027,58,Beauty,479.59,2,Canada,2025-05-26
4768,1400,34,Beauty,262.19,2,France,2025-09-27
4769,103,69,Sports,307.3,5,Australia,2025-09-28
4770,615,20,Home,33.35,3,Australia,2025-03-26
4771,1087,67,Gaming,156.18,1,Australia,2025-06-14
4772,651,34,Beauty,16.88,5,Australia,2025-10-27
4773,504,61,Sports,443.85,1,Israel,2025-08-08
4774,1224,15,Books,198.27,2,France,2025-07-04
4775,694,80,Beauty,495.95,4,Canada,2025-05-19
4776,1089,8,Gaming,122.32,3,Japan,2025-04-09
4777,1429,77,Toys,430.14,3,USA,2025-07-25
4778,1666,76,Clothing,363.13,3,USA,2025-02-09
4779,1032,1,Sports,418.35,3,Canada,2025-09-13
4780,314,40,Clothing,29.41,3,UK,2025-10-15
4781,1505,63,Books,67.58,1,USA,2025-10-08
4782,35,31,Clothing,329.81,5,Canada,2025-05-14
4783,1245,11,Toys,497.66,2,Israel,2025-07-11
4784,1008,56,Gaming,472.7,1,France,2025-09-14
4785,619,65,Sports,16.98,5,USA,2025-01-26
4786,225,17,Books,444.2,5,Australia,2025-01-28
4787,57,66,Clothing,419.73,3,Canada,2025-02-10
4788,309,32,Gaming,252.91,5,Israel,2025-06-25
4789,1595,15,Books,264.56,1,Israel,2025-09-23
4790,1900,8,Gaming,7.87,3,France,2025-08-12
4791,1369,14,Clothing,347.87,2,Japan,2025-02-27
4792,120,57,Beauty,198.66,3,USA,2025-07-21
4793,835,58,Beauty,483.42,4,UK,2025-12-27
4794,224,17,Books,448.87,3,France,2025-07-15
4795,1204,25,Electronics,113.15,2,France,2025-07-01
4796,1840,32,Gaming,12.1,1,USA,2025-12-06
4797,1856,38,Clothing,69.23,3,Germany,2025-02-28
4798,1535,56,Gaming,202.48,2,Israel,2025-07-26
4799,1514,13,Sports,386.13,1,Australia,2025-04-13
4800,559,50,Clothing,322.16,5,Canada,2025-05-25
4801,86,5,Sports,483.08,2,Japan,2025-03-05
4802,1771,12,Clothing,274.53,4,Australia,2025-02-02
4803,1655,72,Electronics,96.84,1,Canada,2025-10-28
4804,1983,30,Sports,438.46,5,France,2025-02-04
4805,166,62,Toys,1.4,2,Australia,2025-05-24
4806,9,30,Sports,328.07,1,France,2025-09-25
4807,1665,57,Beauty,256.94,2,UK,2025-09-03
4808,1576,72,Electronics,341.36,4,Japan,2025-09-12
4809,1659,26,Gaming,433.59,1,Germany,2025-05-01
4810,1519,32,Gaming,56.96,2,France,2025-04-15
4811,1973,18,Beauty,132.62,2,UK,2025-11-18
4812,296,3,Gaming,6.26,5,Japan,2025-04-21
4813,88,3,Gaming,57.42,2,Germany,2025-11-28
4814,823,39,Clothing,346.17,5,UK,2025-11-09
4815,1085,69,Sports,234.73,5,France,2025-09-11
4816,697,19,Books,123.19,1,Israel,2025-05-08
4817,843,69,Sports,91.76,4,Japan,2025-04-02
4818,1368,42,Beauty,114.71,4,USA,2025-09-22
4819,60,56,Gaming,48.4,1,Germany,2025-11-19
4820,1502,18,Beauty,226.83,4,Germany,2025-11-24
4821,1165,63,Books,384.29,2,Israel,2025-04-16
4822,1076,18,Beauty,308.23,3,Israel,2025-08-20
4823,48,67,Gaming,111.96,1,UK,2025-05-10
4824,1781,57,Beauty,123.4,2,Australia,2025-08-05
4825,1039,1,Sports,243.61,2,UK,2025-02-18
4826,612,26,Gaming,365.51,1,Australia,2025-02-06
4827,1519,63,Books,150.09,2,USA,2025-09-01
4828,1126,20,Home,365.53,5,Canada,2025-03-11
4829,590,28,Clothing,296.1,4,Japan,2025-05-08
4830,589,63,Books,435.62,5,USA,2025-04-17
4831,554,7,Gaming,322.38,2,USA,2025-06-15
4832,338,33,Toys,317.83,1,France,2025-01-20
4833,1999,38,Clothing,238.58,4,UK,2025-02-24
4834,1998,79,Sports,378.45,2,Germany,2025-02-01
4835,316,24,Beauty,388.38,5,UK,2025-08-05
4836,1109,63,Books,90.91,2,UK,2025-01-09
4837,1155,37,Gaming,398.51,5,Japan,2025-03-10
4838,1775,43,Books,467.99,3,Australia,2025-07-24
4839,1291,1,Sports,116.77,3,Germany,2025-11-19
4840,900,33,Toys,349.92,1,France,2025-02-12
4841,756,49,Beauty,188.42,1,Canada,2025-07-14
4842,1779,54,Gaming,352.26,4,Germany,2025-08-20
4843,774,69,Sports,145.94,3,UK,2025-07-21
4844,1487,25,Electronics,148.02,3,Israel,2025-04-05
4845,310,4,Gaming,236.82,1,USA,2025-08-01
4846,806,68,Home,129.83,1,UK,2025-10-28
4847,1093,6,Toys,207.64,4,Australia,2025-02-27
4848,175,47,Books,30.68,5,USA,2025-05-27
4849,1814,59,Home,308.38,2,France,2025-07-12
4850,1599,14,Clothing,440.95,2,Japan,2025-01-14
4851,1932,74,Clothing,136.16,1,Germany,2025-02-04
4852,905,9,Clothing,254.98,1,Canada,2025-08-27
4853,717,37,Gaming,475.14,3,Israel,2025-04-03
4854,1423,26,Gaming,194.66,3,Germany,2025-05-27
4855,295,39,Clothing,458.69,5,Australia,2025-10-24
4856,1896,50,Clothing,450.62,4,Israel,2025-05-05
4857,862,16,Home,482.73,2,UK,2025-12-10
4858,112,53,Sports,463.74,1,USA,2025-02-20
4859,46,24,Beauty,45.29,2,Australia,2025-06-21
4860,1510,5,Sports,33.21,2,Germany,2025-01-09
4861,611,80,Beauty,275.53,1,Canada,2025-04-19
4862,806,27,Beauty,258.34,5,UK,2025-09-18
4863,1154,39,Clothing,285.05,3,France,2025-09-05
4864,1844,49,Beauty,99.42,3,Israel,2025-04-15
4865,515,41,Clothing,266.86,3,USA,2025-10-25
4866,337,75,Sports,164.88,3,USA,2025-11-23
4867,1758,3,Gaming,145.62,3,USA,2025-09-05
4868,220,4,Gaming,423.75,1,Germany,2025-03-03
4869,1567,1,Sports,132.14,2,Japan,2025-12-02
4870,1384,70,Books,435.32,4,UK,2025-07-19
4871,775,41,Clothing,74.54,1,France,2025-02-27
4872,1142,50,Clothing,474.25,1,UK,2025-09-25
4873,1136,1,Sports,162.24,2,UK,2025-05-21
4874,846,78,Clothing,313.93,2,Germany,2025-08-03
4875,1852,76,Clothing,262.22,4,USA,2025-09-13
4876,1856,28,Clothing,172.95,3,Israel,2025-08-09
4877,522,67,Gaming,80.77,5,France,2025-05-20
4878,769,72,Electronics,344.93,3,Australia,2025-09-16
4879,6,31,Clothing,68.63,4,UK,2025-04-27
4880,835,59,Home,353.14,2,Israel,2025-03-19
4881,907,3,Gaming,135.31,5,Canada,2025-02-24
4882,966,27,Beauty,71.57,3,USA,2025-11-25
4883,1512,70,Books,79.23,5,Canada,2025-08-20
4884,1141,52,Sports,59.08,1,UK,2025-07-27
4885,1500,15,Books,295.4,3,Israel,2025-07-27
4886,1982,16,Home,356.0,5,Japan,2025-08-24
4887,1807,58,Beauty,252.59,3,USA,2025-05-17
4888,1905,3,Gaming,449.7,4,Canada,2025-12-10
4889,1951,40,Clothing,457.8,2,USA,2025-10-20
4890,1411,50,Clothing,142.93,2,Israel,2025-11-13
4891,1635,4,Gaming,405.76,1,France,2025-01-12
4892,1120,34,Beauty,211.86,3,UK,2025-02-07
4893,959,49,Beauty,229.55,4,Canada,2025-12-10
4894,1867,30,Sports,203.27,3,Germany,2025-03-06
4895,147,47,Books,438.23,2,Germany,2025-03-26
4896,1315,65,Sports,370.1,2,Canada,2025-02-15
4897,1650,61,Sports,91.12,4,UK,2025-05-11
4898,1795,18,Beauty,407.09,4,Canada,2025-09-19
4899,1277,9,Clothing,155.89,1,UK,2025-08-17
4900,1269,45,Clothing,451.95,3,France,2025-08-09
4901,537,66,Clothing,70.47,5,Canada,2025-01-23
4902,388,79,Sports,193.65,1,Australia,2025-08-27
4903,515,48,Books,346.09,1,Germany,2025-01-10
4904,1133,10,Beauty,357.2,1,Japan,2025-04-14
4905,14,42,Beauty,437.03,3,Israel,2025-08-18
4906,1090,56,Gaming,297.23,1,USA,2025-10-05
4907,1862,22,Home,389.35,3,Germany,2025-05-28
4908,234,28,Clothing,229.73,1,France,2025-11-25
4909,1173,62,Toys,414.7,3,France,2025-03-25
4910,1943,66,Clothing,364.98,4,UK,2025-02-04
4911,559,78,Clothing,118.06,4,UK,2025-05-26
4912,1381,39,Clothing,471.22,2,USA,2025-05-12
4913,331,11,Toys,445.39,2,Japan,2025-05-09
4914,1564,67,Gaming,350.55,3,Japan,2025-10-18
4915,113,30,Sports,436.84,5,France,2025-12-08
4916,1682,36,Gaming,356.16,1,UK,2025-06-16
4917,186,63,Books,190.31,2,USA,2025-07-21
4918,144,5,Sports,71.16,2,Israel,2025-07-28
4919,856,61,Sports,318.76,1,Germany,2025-02-18
4920,1471,76,Clothing,460.16,4,Canada,2025-06-16
4921,690,58,Beauty,132.92,3,France,2025-05-12
4922,1886,18,Beauty,477.97,3,USA,2025-01-24
4923,140,4,Gaming,201.12,3,USA,2025-11-23
4924,1443,28,Clothing,360.38,5,UK,2025-03-18
4925,1473,79,Sports,460.95,4,UK,2025-07-24
4926,795,71,Clothing,92.57,1,France,2025-11-13
4927,237,30,Sports,110.07,3,France,2025-06-15
4928,1535,49,Beauty,205.1,5,USA,2025-11-28
4929,1915,1,Sports,250.3,4,Canada,2025-04-19
4930,565,67,Gaming,109.23,1,France,2025-09-18
4931,664,26,Gaming,394.25,5,Japan,2025-08-25
4932,1200,11,Toys,403.3,5,Japan,2025-05-12
4933,482,72,Electronics,414.57,2,UK,2025-03-18
4934,117,6,Toys,15.16,5,France,2025-09-15
4935,672,54,Gaming,391.83,5,Australia,2025-01-25
4936,218,27,Beauty,251.03,3,USA,2025-10-28
4937,1679,76,Clothing,430.83,4,UK,2025-02-12
4938,1933,36,Gaming,4.82,1,Japan,2025-12-25
4939,342,3,Gaming,81.64,5,Australia,2025-03-19
4940,1662,7,Gaming,334.56,1,USA,2025-01-06
4941,38,39,Clothing,407.33,3,Australia,2025-09-27
4942,1802,1,Sports,212.85,3,UK,2025-09-02
4943,1393,69,Sports,363.47,1,UK,2025-12-09
4944,53,51,Clothing,62.71,5,UK,2025-02-21
4945,1686,4,Gaming,274.7,1,Germany,2025-09-27
4946,978,21,Beauty,162.01,5,USA,2025-10-06
4947,1798,17,Books,9.89,1,Japan,2025-01-08
4948,658,7,Gaming,81.38,1,Australia,2025-12-21
4949,1926,3,Gaming,112.08,2,USA,2025-07-21
4950,502,23,Home,427.85,3,Canada,2025-11-03
4951,833,14,Clothing,38.06,3,Germany,2025-01-27
4952,579,13,Sports,252.87,2,Canada,2025-08-14
4953,1273,36,Gaming,462.47,3,Germany,2025-07-09
4954,1393,3,Gaming,342.8,5,Australia,2025-12-06
4955,1289,54,Gaming,360.43,1,France,2025-10-02
4956,544,33,Toys,194.27,3,Japan,2025-03-22
4957,1194,26,Gaming,404.49,4,USA,2025-11-11
4958,1863,54,Gaming,42.21,2,Canada,2025-12-10
4959,1295,21,Beauty,407.15,4,France,2025-04-24
4960,746,17,Books,184.61,3,UK,2025-08-13
4961,863,23,Home,118.34,2,USA,2025-08-17
4962,1799,14,Clothing,395.55,3,Australia,2025-02-04
4963,1599,6,Toys,158.5,4,UK,2025-03-01
4964,1148,44,Beauty,1.73,3,UK,2025-04-12
4965,602,52,Sports,279.74,1,France,2025-01-18
4966,745,12,Clothing,268.65,3,Israel,2025-12-21
4967,1470,74,Clothing,65.31,5,UK,2025-07-08
4968,1389,5,Sports,438.96,1,Israel,2025-11-18
4969,1139,7,Gaming,241.31,4,Australia,2025-09-24
4970,1039,3,Gaming,161.71,2,USA,2025-12-01
4971,329,51,Clothing,203.0,5,Germany,2025-11-21
4972,812,78,Clothing,432.11,2,Germany,2025-07-04
4973,1071,60,Gaming,177.22,3,USA,2025-10-11
4974,407,71,Clothing,130.41,4,France,2025-08-27
4975,700,34,Beauty,202.27,4,Japan,2025-08-28
4976,1634,47,Books,301.86,2,France,2025-05-14
4977,1307,15,Books,193.31,3,UK,2025-04-12
4978,983,17,Books,380.79,5,UK,2025-07-09
4979,408,63,Books,30.26,4,Canada,2025-05-15
4980,387,46,Gaming,-82.53,3,Canada,2025-11-27
4981,435,33,Toys,56.02,1,Japan,2025-02-21
4982,1477,64,Beauty,254.39,4,Israel,2025-08-03
4983,622,27,Beauty,295.02,5,Australia,2025-08-04
4984,609,44,Beauty,426.27,5,Japan,2025-01-20
4985,356,33,Toys,353.59,1,UK,2025-03-02
4986,1628,59,Home,257.71,3,Canada,2025-02-17
4987,1262,59,Home,425.4,1,UK,2025-04-01
4988,1761,22,Home,378.29,1,UK,2025-02-07
4989,1700,41,Clothing,470.46,2,France,2025-12-06
4990,1896,31,Clothing,247.49,1,France,2025-02-09
4991,317,26,Gaming,194.3,1,Japan,2025-12-15
4992,1868,65,Sports,306.51,2,Israel,2025-11-01
4993,711,30,Sports,291.2,5,Australia,2025-12-19
4994,1500,56,Gaming,122.0,5,Canada,2025-04-07
4995,736,52,Sports,475.26,1,Japan,2025-12-21
4996,1566,74,Clothing,175.65,5,Canada,2025-04-01
4997,1220,48,Books,407.56,4,France,2025-04-21
4998,1663,64,Beauty,427.02,3,Japan,2025-06-15
4999,704,28,Clothing,481.97,3,USA,2025-02-26
5000,886,37,Gaming,476.8,4,Canada,2025-02-02
5001,100,73,Electronics,144.04,5,UK,2025-02-06
5002,1127,25,Electronics,58.43,5,USA,2025-06-24
5003,326,2,Sports,20.39,3,UK,2025-03-13
5004,1828,3,Gaming,465.14,5,UK,2025-07-07
5005,1377,77,Toys,228.7,2,UK,2025-12-16
5006,558,33,Toys,313.37,2,Japan,2025-02-18
5007,430,63,Books,392.08,3,Israel,2025-02-18
5008,1098,12,Clothing,272.61,5,UK,2025-09-14
5009,1722,43,Books,117.94,3,Australia,2025-02-20
5010,63,12,Clothing,134.29,5,Japan,2025-03-18
5011,325,54,Gaming,276.22,2,Japan,2025-10-26
5012,12,69,Sports,485.42,2,UK,2025-02-06
5013,1467,42,Beauty,172.37,3,Germany,2025-09-19
5014,679,77,Toys,447.79,1,Australia,2025-12-19
5015,1996,21,Beauty,57.42,4,Australia,2025-12-25
5016,1505,11,Toys,392.09,4,Australia,2025-04-23
5017,1431,77,Toys,163.32,2,Australia,2025-04-22
5018,502,29,Toys,334.14,3,Israel,2025-01-01
5019,1764,34,Beauty,62.91,3,Japan,2025-06-07
5020,1089,54,Gaming,121.99,1,Germany,2025-03-06
5021,1359,31,Clothing,319.95,3,Australia,2025-02-27
5022,1277,66,Clothing,not-a-price,2,Germany,2025-04-08
5023,1422,54,Gaming,320.16,4,Australia,2025-02-04
5024,1287,1,Sports,153.23,2,USA,2025-06-14
5025,1463,23,Home,397.02,2,Germany,2025-07-09
5026,713,34,Beauty,110.39,2,Germany,2025-02-22
5027,1349,32,Gaming,239.59,5,Canada,2025-11-10
5028,441,75,Sports,58.51,4,UK,2025-04-17
5029,1156,26,Gaming,442.65,4,Israel,2025-01-28
5030,1131,1,Sports,138.16,2,Japan,2025-06-21
5031,1994,18,Beauty,454.23,2,Japan,2025-02-20
5032,19,79,Sports,387.59,5,Australia,2025-03-17
5033,50,25,Electronics,59.09,1,France,2025-06-17
5034,427,6,Toys,298.25,5,Israel,2025-07-03
5035,1887,12,Clothing,133.74,3,Israel,2025-06-12
5036,708,33,Toys,267.06,2,Canada,2025-03-02
5037,1251,63,Books,326.21,1,USA,2025-02-20
5038,1846,70,Books,29.96,4,USA,2025-06-24
5039,1483,51,Clothing,153.22,3,UK,2025-09-04
5040,469,72,Electronics,16.91,3,USA,2025-11-11
5041,1910,39,Clothing,407.86,3,UK,2025-12-21
5042,1793,55,Home,155.73,2,UK,2025-01-19
5043,1170,60,Gaming,93.84,3,UK,2025-11-21
5044,1402,41,Clothing,428.44,1,Germany,2025-08-21
5045,1362,64,Beauty,31.93,1,Canada,2025-10-21
5046,1614,67,Gaming,168.82,5,Germany,2025-07-15
5047,816,45,Clothing,54.19,4,Japan,2025-04-12
5048,832,17,Books,493.58,4,Israel,2025-07-05
5049,107,43,Books,291.77,4,Israel,2025-11-26
5050,199,20,Home,175.99,2,Japan,2025-01-07
5051,445,49,Beauty,470.22,2,UK,2025-08-15
5052,976,58,Beauty,279.71,2,Germany,2025-08-28
5053,380,26,Gaming,329.87,3,France,2025-11-02
5054,785,71,Clothing,464.83,2,Germany,2025-04-26
5055,970,66,Clothing,389.43,1,Japan,2025-02-28
5056,1226,34,Beauty,346.9,4,Japan,2025-11-17
5057,315,64,Beauty,301.98,3,Germany,2025-11-11
5058,617,59,Home,234.91,2,UK,2025-10-08
5059,466,14,Clothing,223.99,4,Germany,2025-08-01
5060,602,9,Clothing,207.72,3,USA,2025-05-23
5061,1176,4,Gaming,4.53,1,UK,2025-07-09
5062,202,33,Toys,314.51,5,USA,2025-04-11
5063,506,68,Home,455.23,2,Canada,2025-11-22
5064,1319,49,Beauty,404.26,1,Canada,2025-01-18
5065,1661,48,Books,32.67,4,Australia,2025-05-10
5066,1221,59,Home,206.72,1,Australia,2025-03-02
5067,433,70,Books,482.9,4,UK,2025-05-10
5068,846,45,Clothing,333.81,5,Japan,2025-09-10
5069,335,28,Clothing,458.6,2,Canada,2025-09-16
5070,1734,46,Gaming,462.86,3,Japan,2025-04-28
5071,1120,6,Toys,390.16,5,Canada,2025-12-17
5072,395,36,Gaming,406.21,4,Japan,2025-12-11
5073,1323,37,Gaming,179.4,3,Canada,2025-08-06
5074,1029,49,Beauty,322.55,3,Germany,2025-05-09
5075,1386,11,Toys,314.54,5,Canada,2025-10-07
5076,928,13,Sports,88.42,2,France,2025-03-25
5077,1353,58,Beauty,337.83,1,USA,2025-07-28
5078,531,46,Gaming,122.23,5,France,2025-08-16
5079,268,11,Toys,329.12,2,Canada,2025-04-23
5080,1419,66,Clothing,248.8,4,Australia,2025-05-17
5081,908,10,Beauty,82.11,4,USA,2025-06-17
5082,1288,30,Sports,315.0,2,Australia,2025-05-27
5083,1533,32,Gaming,304.71,1,Germany,2025-04-20
5084,1555,48,Books,94.41,4,Israel,2025-05-10
5085,1359,9,Clothing,286.8,5,UK,2025-11-03
5086,1739,78,Clothing,429.4,4,Germany,2025-10-02
5087,495,37,Gaming,108.68,5,USA,2025-01-07
5088,1931,34,Beauty,249.24,4,USA,2025-08-21
5089,1241,74,Clothing,406.31,4,Canada,2025-07-03
5090,313,78,Clothing,9.22,5,UK,2025-03-20
5091,1612,55,Home,212.6,1,Germany,2025-08-23
5092,733,75,Sports,318.38,5,France,2025-09-21
5093,522,52,Sports,146.84,1,Israel,2025-05-20
5094,1196,47,Books,496.82,5,France,2025-03-23
5095,1146,54,Gaming,328.52,2,Japan,2025-10-23
5096,1872,26,Gaming,444.36,1,Canada,2025-11-07
5097,363,31,Clothing,321.7,1,Australia,2025-12-04
5098,1574,2,Sports,154.05,4,USA,2025-07-19
5099,1351,2,Sports,53.27,2,UK,2025-02-11
5100,386,37,Gaming,51.05,3,Australia,2025-11-22
5101,1073,38,Clothing,472.31,3,USA,2025-03-27
5102,1107,60,Gaming,382.95,3,France,2025-04-04
5103,861,17,Books,209.9,3,Israel,2025-05-06
5104,1342,1,Sports,54.68,2,Canada,2025-04-23
5105,1178,52,Sports,119.08,1,Canada,2025-12-21
5106,217,22,Home,415.36,5,Germany,2025-03-27
5107,1550,37,Gaming,110.47,5,USA,2025-06-24
5108,1031,21,Beauty,412.73,3,France,2025-12-18
5109,702,56,Gaming,406.83,5,Germany,2025-07-03
5110,1819,39,Clothing,481.08,5,Australia,2025-02-28
5111,1080,24,Beauty,291.62,3,Australia,2025-09-22
5112,698,12,Clothing,367.17,1,Japan,2025-07-27
5113,1967,3,Gaming,371.33,3,Australia,2025-02-19
5114,449,58,Beauty,61.55,5,Canada,2025-06-22
5115,914,66,Clothing,497.81,4,France,2025-10-17
5116,1584,18,Beauty,224.36,3,UK,2025-12-05
5117,1321,6,Toys,53.46,3,UK,2025-08-27
5118,1825,28,Clothing,424.17,2,UK,2025-12-05
5119,524,62,Toys,164.78,2,USA,2025-01-10
5120,1561,3,Gaming,442.66,1,Australia,2025-12-05
5121,34,70,Books,346.01,2,Canada,2025-03-17
5122,329,60,Gaming,9.88,5,Germany,2025-01-18
5123,547,75,Sports,12.84,5,Israel,2025-09-28
5124,1105,33,Toys,161.54,5,Canada,2025-12-28
5125,1291,25,Electronics,128.59,4,France,2025-12-09
5126,1154,11,Toys,228.5,2,Japan,2025-04-02
5127,1882,22,Home,35.31,2,France,2025-03-08
5128,1567,76,Clothing,128.77,2,Germany,2025-04-12
5129,1292,56,Gaming,497.55,2,France,2025-11-20
5130,334,59,Home,37.01,3,France,2025-05-11
5131,610,2,Sports,141.51,3,Germany,2025-01-23
5132,1888,41,Clothing,293.71,3,Germany,2025-08-23
5133,763,77,Toys,297.35,2,Israel,2025-05-15
5134,1402,49,Beauty,37.24,3,Canada,2025-01-09
5135,274,66,Clothing,58.13,3,USA,2025-01-03
5136,431,46,Gaming,33.79,1,USA,2025-08-08
5137,805,68,Home,20.3,2,Canada,2025-04-26
5138,557,5,Sports,52.07,2,Japan,2025-06-18
5139,815,75,Sports,235.13,5,Israel,2025-09-22
5140,1312,1,Sports,187.26,1,Japan,2025-09-19
5141,1474,28,Clothing,207.65,5,USA,2025-11-21
5142,1638,78,Clothing,438.19,1,Israel,2025-01-26
5143,1589,52,Sports,493.39,2,France,2025-05-28
5144,800,30,Sports,217.73,5,Japan,2025-11-08
5145,1989,68,Home,28.92,4,Japan,2025-05-25
5146,98,8,Gaming,483.09,1,Canada,2025-04-28
5147,1195,39,Clothing,445.74,2,Germany,2025-02-05
5148,1942,32,Gaming,397.32,3,UK,2025-06-20
5149,1978,16,Home,379.04,2,Germany,2025-04-19
5150,1235,48,Books,465.24,1,USA,2025-03-18
5151,1971,15,Books,371.09,3,Japan,2025-08-17
5152,581,68,Home,479.58,4,UK,2025-07-03
5153,1910,3,Gaming,103.69,5,Germany,2025-07-24
5154,1609,4,Gaming,445.38,4,Canada,2025-01-03
5155,1110,26,Gaming,188.5,5,UK,2025-09-05
5156,1367,27,Beauty,305.42,3,Japan,2025-07-27
5157,74,51,Clothing,227.24,1,USA,2025-10-15
5158,1868,21,Beauty,497.48,3,Israel,2025-02-20
5159,268,22,Home,459.19,2,Japan,2025-10-12
5160,1923,38,Clothing,254.55,5,Germany,2025-12-19
5161,1935,10,Beauty,14.89,3,Japan,2025-02-18
5162,591,6,Toys,469.6,1,USA,2025-07-10
5163,1121,5,Sports,483.64,4,Japan,2025-06-03
5164,215,41,Clothing,359.37,1,Canada,2025-12-20
5165,1019,49,Beauty,110.96,1,France,2025-12-20
5166,1694,76,Clothing,428.83,5,Australia,2025-07-14
5167,1249,10,Beauty,486.83,4,Canada,2025-02-19
5168,206,10,Beauty,251.69,3,UK,2025-06-05
5169,961,205,Beauty,394.88,3,Germany,2025-04-05
5170,1009,32,Gaming,409.24,3,Japan,2025-01-28
5171,680,77,Toys,441.9,5,Israel,2025-11-27
5172,1524,75,Sports,4.78,5,Australia,2025-09-15
5173,1691,5,Sports,415.69,2,USA,2025-04-23
5174,1684,6,Toys,44.44,1,Israel,2025-08-02
5175,1890,19,Books,370.2,1,Israel,2025-07-18
5176,1280,59,Home,220.22,4,Australia,2025-07-03
5177,1479,30,Sports,301.96,1,Germany,2025-02-15
5178,666,42,Beauty,42.52,4,USA,2025-08-13
5179,1053,25,Electronics,279.05,4,Germany,2025-05-24
5180,747,55,Home,267.19,3,Australia,2025-08-18
5181,328,33,Toys,253.51,4,Australia,2025-06-24
5182,1653,32,Gaming,25.0,2,Australia,2025-06-09
5183,205,1,Sports,110.69,5,USA,2025-03-27
5184,705,63,Books,136.2,3,France,2025-08-24
5185,244,20,Home,21.69,4,Israel,2025-01-13
5186,327,24,Beauty,377.72,2,Israel,2025-07-10
5187,1113,54,Gaming,495.79,2,Australia,2025-06-10
5188,1724,79,Sports,120.97,3,Germany,2025-07-22
5189,1698,56,Gaming,188.73,3,Germany,2025-07-06
5190,1975,9,Clothing,49.23,2,USA,2025-01-08
5191,457,14,Clothing,120.96,3,France,2025-12-01
5192,1437,77,Toys,324.12,1,USA,2025-10-13
5193,889,5,Sports,487.31,5,France,2025-05-26
5194,1707,55,Home,231.77,4,Japan,2025-08-18
5195,1173,22,Home,314.18,2,Japan,2025-03-02
5196,1090,40,Clothing,132.16,3,Germany,2025-07-02
5197,196,49,Beauty,292.58,4,Germany,2025-04-06
5198,716,61,Sports,88.07,3,UK,2025-09-13
5199,1514,56,Gaming,34.96,2,UK,2025-11-08
5200,1454,75,Sports,170.51,4,Australia,2025-11-17
5201,1346,41,Clothing,394.22,1,Germany,2025-07-26
5202,231,19,Books,361.23,3,France,2025-02-04
5203,1382,39,Clothing,43.97,4,Australia,2025-11-07
5204,293,7,Gaming,258.26,5,France,2025-03-12
5205,1487,70,Books,145.25,3,France,2025-08-12
5206,888,41,Clothing,139.07,3,France,2025-07-02
5207,793,17,Books,21.07,3,UK,2025-12-25
5208,1167,28,Clothing,236.76,2,Germany,2025-06-02
5209,206,57,Beauty,46.95,1,Australia,2025-12-09
5210,319,57,Beauty,3.11,1,Israel,2025-07-13
5211,691,27,Beauty,35.25,3,Canada,2025-05-09
5212,114,32,Gaming,338.71,2,Japan,2025-04-26
5213,49,31,Clothing,378.36,3,Germany,2025-10-27
5214,957,57,Beauty,495.23,2,Japan,2025-04-03
5215,586,25,Electronics,260.75,4,Israel,2025-04-12
5216,202,6,Toys,421.59,1,Israel,2025-03-07
5217,332,77,Toys,476.81,2,USA,2025-03-12
5218,1845,38,Clothing,100.35,5,Canada,2025-02-05
5219,675,67,Gaming,4.03,0,USA,2025-02-14
5220,232,35,Sports,463.91,5,UK,2025-11-09
5221,1791,7,Gaming,115.51,3,Germany,2025-07-18
5222,1626,60,Gaming,135.43,1,Canada,2025-01-23
5223,1614,6,Toys,124.64,5,France,2025-06-21
5224,767,26,Gaming,93.97,5,Australia,2025-07-24
5225,1522,59,Home,76.08,5,Canada,2025-04-13
5226,854,27,Beauty,497.64,4,USA,2025-06-12
5227,6,44,Beauty,309.5,2,Australia,2025-02-06
5228,392,65,Sports,144.52,3,France,2025-02-06
5229,391,66,Clothing,91.94,4,Japan,2025-02-25
5230,1591,10,Beauty,43.39,2,Canada,2025-08-08
5231,1372,17,Books,136.1,2,Canada,2025-03-21
5232,688,42,Beauty,271.58,4,Australia,2025-07-25
5233,1811,56,Gaming,120.02,1,France,2025-11-23
5234,781,4,Gaming,233.63,2,Canada,2025-06-03
5235,451,52,Sports,88.4,5,Japan,2025-11-04
5236,555,24,Beauty,93.55,3,Canada,2025-05-07
5237,787,30,Sports,268.54,4,France,2025-05-25
5238,645,71,Clothing,45.1,5,Japan,2025-05-27
5239,199,20,Home,24.84,3,USA,2025-08-05
5240,138,3,Gaming,not-a-price,1,USA,2025-10-10
5241,739,23,Home,450.41,5,Germany,2025-12-13
5242,387,17,Books,198.97,5,UK,2025-12-19
5243,1314,51,Clothing,360.02,2,Japan,2025-12-21
5244,946,4,Gaming,26.16,4,Germany,2025-10-27
5245,1035,3,Gaming,203.38,4,France,2025-12-20
5246,440,30,Sports,452.28,5,Germany,2025-09-27
5247,1380,9,Clothing,295.44,4,Australia,2025-10-04
5248,1824,11,Toys,149.73,1,France,2025-06-07
5249,138,1,Sports,299.01,3,USA,2025-04-12
5250,1609,69,Sports,492.81,5,Canada,2025-11-06
5251,1053,76,Clothing,397.13,3,Japan,2025-11-24
5252,1530,3,Gaming,84.4,2,Australia,2025-05-01
5253,375,31,Clothing,231.92,4,Germany,2025-03-17
5254,829,62,Toys,497.57,4,Canada,2025-01-09
5255,919,3,Gaming,240.25,5,France,2025-03-06
5256,301,50,Clothing,42.73,4,Germany,2025-05-16
5257,971,73,Electronics,439.91,4,Germany,2025-09-18
5258,170,29,Toys,385.26,2,Israel,2025-07-27
5259,1387,28,Clothing,327.32,2,Canada,2025-09-06
5260,1818,39,Clothing,358.36,5,Germany,2025-05-27
5261,705,66,Clothing,434.95,3,Canada,2025-07-15
5262,1530,30,Sports,344.45,1,Germany,2025-07-01
5263,485,64,Beauty,417.09,5,Germany,2025-10-24
5264,1587,60,Gaming,111.26,2,France,2025-09-08
5265,1909,9,Clothing,173.51,3,Japan,2025-08-02
5266,280,56,Gaming,87.37,2,France,2025-04-25
5267,434,50,Clothing,372.56,3,UK,2025-08-09
5268,764,53,Sports,329.38,3,Canada,2025-10-15
5269,919,68,Home,49.19,5,USA,2025-11-24
5270,914,26,Gaming,166.51,2,Germany,2025-07-26
5271,1219,15,Books,185.33,2,Australia,2025-07-25
5272,716,79,Sports,404.2,3,Japan,2025-03-14
5273,1847,40,Clothing,125.19,4,Germany,2025-09-06
5274,1814,80,Beauty,471.77,2,Australia,2025-12-12
5275,1002,62,Toys,264.71,4,Canada,2025-06-12
5276,891,65,Sports,331.17,2,Japan,2025-03-27
5277,1671,62,Toys,481.62,5,USA,2025-07-02
5278,1622,46,Gaming,411.83,5,France,2025-01-22
5279,297,49,Beauty,290.91,4,France,2025-11-11
5280,356,29,Toys,341.21,1,Germany,2025-05-19
5281,414,15,Books,336.82,4,Japan,2025-09-13
5282,725,66,Clothing,338.6,4,Canada,2025-02-13
5283,279,2,Sports,392.1,3,Israel,2025-02-22
5284,322,31,Clothing,270.8,1,UK,2025-03-07
5285,561,57,Beauty,380.3,5,Japan,2025-08-16
5286,873,6,Toys,466.67,3,Germany,2025-06-11
5287,1837,39,Clothing,158.23,2,Germany,2025-10-25
5288,1621,29,Toys,213.66,2,France,2025-02-18
5289,890,23,Home,86.78,4,UK,2025-09-26
5290,921,44,Beauty,352.24,1,Japan,2025-04-22
5291,1442,46,Gaming,488.24,2,Japan,2025-12-12
5292,1339,5,Sports,89.55,5,Canada,2025-09-27
5293,146,13,Sports,67.54,4,Australia,2025-03-21
5294,926,16,Home,466.63,4,UK,2025-02-17
5295,420,17,Books,61.62,4,Israel,2025-09-01
5296,729,2,Sports,231.57,3,Israel,2025-05-14
5297,1832,24,Beauty,391.44,1,France,2025-04-06
5298,1316,41,Clothing,22.06,1,UK,2025-09-23
5299,129,50,Clothing,214.86,2,USA,2025-03-26
5300,1361,54,Gaming,468.49,1,Israel,2025-06-08
5301,826,65,Sports,133.72,3,Israel,2025-12-11
5302,1479,8,Gaming,425.48,4,Japan,2025-06-05
5303,295,15,Books,366.26,1,USA,2025-08-26
5304,843,64,Beauty,424.54,1,USA,2025-04-10
5305,328,27,Beauty,286.19,1,Japan,2025-08-12
5306,616,38,Clothing,172.64,3,Japan,2025-07-02
5307,1033,31,Clothing,129.11,3,Canada,2025-01-10
5308,638,24,Beauty,412.56,3,France,2025-02-16
5309,342,80,Beauty,72.36,2,Germany,2025-12-25
5310,487,74,Clothing,457.08,3,UK,2025-07-22
5311,1579,66,Clothing,132.47,2,Australia,2025-03-14
5312,965,13,Sports,not-a-price,4,Israel,2025-10-01
5313,1480,19,Books,290.94,1,UK,2025-06-05
5314,672,18,Beauty,424.77,4,Germany,2025-10-13
5315,1733,12,Clothing,327.34,5,Germany,2025-10-10
5316,349,27,Beauty,393.19,4,USA,2025-08-06
5317,577,2,Sports,45.57,5,France,2025-09-14
5318,562,12,Clothing,372.24,2,Australia,2025-03-20
5319,91,71,Clothing,303.85,3,Israel,2025-01-12
5320,669,33,Toys,187.65,5,Canada,2025-06-19
5321,807,29,Toys,262.63,2,UK,2025-01-11
5322,611,14,Clothing,446.07,1,Canada,2025-01-12
5323,165,66,Clothing,22.51,4,Israel,2025-11-22
5324,1516,80,Beauty,202.43,5,UK,2025-07-02
5325,574,28,Clothing,394.91,4,Israel,2025-11-25
5326,910,29,Toys,105.58,2,France,2025-10-15
5327,1738,80,Beauty,367.17,3,UK,2025-02-07
5328,197,61,Sports,277.58,2,Canada,2025-11-22
5329,482,76,Clothing,94.85,4,Japan,2025-08-03
5330,1339,1,Sports,415.55,5,Germany,2025-02-25
5331,895,69,Sports,20.92,2,Japan,2025-12-10
5332,1225,48,Books,195.19,2,Japan,2025-07-11
5333,285,60,Gaming,201.27,3,UK,2025-09-19
5334,1641,1,Sports,192.79,1,Japan,2025-12-24
5335,128,75,Sports,447.59,1,Australia,2025-02-20
5336,1640,20,Home,258.93,1,UK,2025-06-21
5337,1537,12,Clothing,225.7,2,USA,2025-03-05
5338,181,73,Electronics,386.0,2,USA,2025-08-24
5339,404,8,Gaming,309.66,4,Australia,2025-11-27
5340,1928,3,Gaming,494.71,4,Japan,2025-07-13
5341,1081,30,Sports,257.07,3,Australia,2025-10-26
5342,1361,38,Clothing,88.21,1,Israel,2025-08-12
5343,796,26,Gaming,418.45,3,Canada,2025-12-24
5344,123,76,Clothing,71.42,5,USA,2025-11-10
5345,907,6,Toys,222.14,1,Japan,2025-03-02
5346,1741,6,Toys,226.64,4,UK,2025-04-18
5347,1076,14,Clothing,108.0,4,Australia,2025-03-17
5348,1773,62,Toys,288.19,4,UK,2025-05-13
5349,1800,59,Home,483.82,1,Japan,2025-04-14
5350,1217,74,Clothing,450.98,5,Israel,2025-04-22
5351,1184,34,Beauty,398.51,3,Germany,2025-01-26
5352,1955,44,Beauty,206.23,4,Australia,2025-12-21
5353,1786,5,Sports,419.45,1,Australia,2025-01-02
5354,1761,22,Home,307.14,5,Israel,2025-02-27
5355,1344,8,Gaming,245.13,2,UK,2025-01-16
5356,766,73,Electronics,108.29,4,Germany,2025-09-15
5357,805,15,Books,326.6,3,Australia,2025-10-04
5358,1799,29,Toys,136.06,3,UK,2025-07-28
5359,60,67,Gaming,311.12,1,Japan,2025-01-17
5360,1701,59,Home,133.99,2,Australia,2025-04-19
5361,263,68,Home,328.7,2,USA,2025-09-06
5362,1948,22,Home,154.62,3,Israel,2025-09-19
5363,1224,73,Electronics,289.13,3,Japan,2025-06-13
5364,1006,9,Clothing,464.44,3,USA,2025-05-28
5365,1623,36,Gaming,311.43,2,France,2025-02-20
5366,1935,11,Toys,394.76,2,Canada,2025-11-05
5367,1745,65,Sports,101.76,1,USA,2025-09-04
5368,1045,78,Clothing,463.4,2,UK,2025-04-20
5369,1929,13,Sports,387.42,2,Japan,2025-03-19
5370,395,70,Books,114.76,3,Japan,2025-10-24
5371,205,68,Home,27.11,4,UK,2025-02-05
5372,1762,54,Gaming,139.75,2,Australia,2025-03-24
5373,824,52,Sports,424.4,1,Japan,2025-11-03
5374,116,21,Beauty,420.07,5,France,2025-11-15
5375,431,61,Sports,296.22,2,Germany,2025-01-19
5376,1446,29,Toys,232.42,4,France,2025-08-16
5377,489,75,Sports,279.44,2,Japan,2025-05-28
5378,538,5,Sports,194.57,2,UK,2025-08-01
5379,1536,11,Toys,51.2,1,France,2025-05-07
5380,766,21,Beauty,88.69,4,Canada,2025-06-01
5381,1998,9,Clothing,78.44,2,Israel,2025-07-20
5382,1828,56,Gaming,432.74,3,Germany,2025-05-18
5383,1334,11,Toys,211.47,3,France,2025-07-20
5384,1983,47,Books,319.79,2,France,2025-06-04
5385,464,71,Clothing,149.52,1,Israel,2025-09-03
5386,22,80,Beauty,369.31,5,France,2025-09-04
5387,16,32,Gaming,321.76,2,USA,2025-05-17
5388,1704,30,Sports,33.81,2,Canada,2025-11-01
5389,1123,47,Books,67.43,4,Israel,2025-09-09
5390,860,50,Clothing,186.04,4,Israel,2025-05-23
5391,487,13,Sports,237.97,3,France,2025-09-07
5392,83,40,Clothing,137.39,5,Israel,2025-12-25
5393,1142,61,Sports,184.46,2,Australia,2025-02-20
5394,1436,54,Gaming,273.7,1,UK,2025-09-20
5395,1550,7,Gaming,194.95,4,Israel,2025-01-19
5396,1828,22,Home,433.31,1,USA,2025-11-14
5397,80,64,Beauty,45.8,4,Israel,2025-08-22
5398,1815,3,Gaming,352.75,2,UK,2025-11-05
5399,1043,38,Clothing,266.02,1,Australia,2025-06-11
5400,1911,65,Sports,337.7,1,Japan,2025-02-19
5401,164,72,Electronics,145.55,3,Israel,2025-11-11
5402,1048,38,Clothing,314.46,4,Germany,2025-09-14
5403,908,50,Clothing,33.63,2,France,2025-07-06
5404,1957,69,Sports,161.09,5,UK,2025-10-17
5405,1405,22,Home,166.97,4,UK,2025-05-16
5406,195,57,Beauty,410.59,1,UK,2025-03-21
5407,890,71,Clothing,425.36,2,USA,2025-09-07
5408,1343,15,Books,443.25,2,USA,2025-08-18
5409,306,48,Books,62.83,3,Australia,2025-02-05
5410,966,29,Toys,377.72,4,Australia,2025-08-08
5411,696,35,Sports,154.14,3,Germany,2025-02-13
5412,1809,48,Books,325.66,1,Australia,2025-05-25
5413,770,76,Clothing,169.13,2,Canada,2025-07-27
5414,1451,19,Books,240.2,5,Israel,2025-12-21
5415,92,68,Home,452.0,5,Japan,2025-07-18
5416,1393,41,Clothing,390.0,5,France,2025-07-15
5417,1560,2,Sports,432.23,1,Israel,2025-01-26
5418,1636,44,Beauty,413.79,3,France,2025-05-20
5419,1492,76,Clothing,471.47,3,France,2025-11-18
5420,957,79,Sports,not-a-price,5,Israel,2025-08-12
5421,1341,77,Toys,434.73,4,France,2025-12-01
5422,1774,76,Clothing,479.05,3,USA,2025-03-08
5423,1407,73,Electronics,388.66,5,France,2025-01-16
5424,134,16,Home,60.34,3,Australia,2025-07-20
5425,392,11,Toys,198.22,1,Germany,2025-05-24
5426,1552,67,Gaming,86.02,5,Germany,2025-05-25
5427,561,17,Books,306.47,5,UK,2025-03-19
5428,663,37,Gaming,165.99,3,France,2025-04-24
5429,1106,12,Clothing,391.03,1,Germany,2025-03-01
5430,122,13,Sports,69.88,5,Israel,2025-11-20
5431,1242,2,Sports,124.22,3,UK,2025-12-01
5432,1836,76,Clothing,418.71,4,Japan,2025-07-14
5433,1595,15,Books,351.22,5,Germany,2025-12-11
5434,1383,78,Clothing,216.69,5,Canada,2025-06-05
5435,1795,40,Clothing,459.46,1,Japan,2025-03-06
5436,288,62,Toys,223.24,1,Israel,2025-12-21
5437,1782,45,Clothing,239.8,3,UK,2025-09-18
5438,740,20,Home,144.53,1,UK,2025-10-09
5439,1912,10,Beauty,365.1,4,USA,2025-07-06
5440,1985,45,Clothing,393.91,3,Canada,2025-02-24
5441,1559,27,Beauty,380.8,3,Canada,2025-05-27
5442,544,7,Gaming,95.09,2,Israel,2025-05-01
5443,1478,73,Electronics,155.02,2,Canada,2025-03-04
5444,79,39,Clothing,252.82,5,UK,2025-12-23
5445,869,52,Sports,114.91,5,UK,2025-02-26
5446,1068,72,Electronics,324.48,4,Australia,2025-06-12
5447,172,63,Books,59.12,4,Australia,2025-06-17
5448,1516,2,Sports,96.66,5,France,2025-11-19
5449,1702,2,Sports,181.84,4,USA,2025-02-02
5450,90,5,Sports,449.94,5,Germany,2025-07-13
5451,123,80,Beauty,34.34,2,Australia,2025-08-20
5452,1468,1,Sports,263.64,1,France,2025-05-16
5453,1335,37,Gaming,458.49,2,Canada,2025-11-04
5454,1072,35,Sports,259.53,1,France,2025-03-08
5455,455,76,Clothing,489.24,5,Canada,2025-10-04
5456,756,29,Toys,353.73,1,USA,2025-03-07
5457,1251,42,Beauty,28.17,3,Japan,2025-07-13
5458,163,50,Clothing,165.11,1,Israel,2025-04-03
5459,1174,74,Clothing,248.05,5,Israel,2025-05-03
5460,781,44,Beauty,270.71,5,USA,2025-07-07
5461,1801,38,Clothing,137.37,4,USA,2025-11-19
5462,1694,44,Beauty,159.63,5,Japan,2025-01-03
5463,1325,45,Clothing,257.02,3,Germany,2025-03-15
5464,1551,61,Sports,141.62,1,Canada,2025-10-06
5465,472,7,Gaming,77.68,5,USA,2025-08-08
5466,1402,22,Home,not-a-price,3,Australia,2025-07-06
5467,355,30,Sports,431.35,3,Israel,2025-07-12
5468,1802,52,Sports,90.49,3,USA,2025-11-23
5469,185,65,Sports,429.33,1,UK,2025-08-16
5470,237,33,Toys,352.17,5,Germany,2025-02-13
5471,929,24,Beauty,188.08,4,USA,2025-10-06
5472,1124,16,Home,494.99,2,Canada,2025-05-13
5473,206,40,Clothing,41.29,2,USA,2025-08-01
5474,1881,33,Toys,396.34,3,UK,2025-01-25
5475,423,66,Clothing,442.0,1,USA,2025-06-04
5476,746,7,Gaming,347.38,4,Israel,2025-07-09
5477,1044,67,Gaming,125.75,2,USA,2025-03-27
5478,653,59,Home,75.79,4,Israel,2025-08-20
5479,674,55,Home,360.48,3,UK,2025-06-26
5480,914,17,Books,267.55,3,Germany,2025-02-25
5481,35,28,Clothing,108.99,2,USA,2025-10-08
5482,164,51,Clothing,385.7,1,Canada,2025-11-22
5483,916,35,Sports,133.06,2,Australia,2025-06-15
5484,141,10,Beauty,244.77,5,Canada,2025-12-02
5485,76,18,Beauty,458.91,3,Israel,2025-04-22
5486,565,44,Beauty,438.78,4,UK,2025-04-13
5487,589,38,Clothing,206.58,1,France,2025-05-22
5488,647,16,Home,356.05,5,Israel,2025-11-10
5489,1371,4,Gaming,473.21,2,Australia,2025-06-13
5490,1120,60,Gaming,60.58,1,Germany,2025-06-28
5491,1446,48,Books,25.09,5,France,2025-11-25
5492,404,49,Beauty,130.95,3,Germany,2025-01-10
5493,1444,21,Beauty,472.71,1,Germany,2025-12-12
5494,478,29,Toys,388.86,3,Japan,2025-08-26
5495,1344,51,Clothing,492.8,2,Canada,2025-02-28
5496,164,79,Sports,378.1,1,Japan,2025-08-17
5497,1897,8,Gaming,121.64,2,Canada,2025-03-24
5498,644,41,Clothing,269.41,1,Japan,2025-09-28
5499,1849,54,Gaming,476.71,4,USA,2025-10-23
5500,1327,61,Sports,260.78,5,Canada,2025-01-18
5501,18,66,Clothing,425.25,5,Japan,2025-07-20
5502,16,11,Toys,263.97,5,Germany,2025-07-10
5503,1334,30,Sports,394.43,3,USA,2025-07-23
5504,377,34,Beauty,150.63,4,USA,2025-06-17
5505,1299,29,Toys,301.11,4,Australia,2025-09-13
5506,1652,762,Clothing,219.3,3,Australia,2025-06-04
5507,30,41,Clothing,447.9,3,Israel,2025-04-20
5508,682,46,Gaming,224.11,1,France,2025-10-25
5509,36,74,Clothing,447.25,4,Canada,2025-08-26
5510,1081,52,Sports,28.9,3,Israel,2025-07-19
5511,345,44,Beauty,131.14,4,France,2025-01-12
5512,1275,54,Gaming,368.38,5,France,2025-08-20
5513,1322,30,Sports,130.44,5,UK,2025-06-23
5514,1389,74,Clothing,207.08,2,Israel,2025-07-10
5515,1122,36,Gaming,187.97,3,USA,2025-10-14
5516,1467,34,Beauty,395.34,4,USA,2025-11-22
5517,1267,48,Books,179.55,2,UK,2025-03-24
5518,326,50,Clothing,240.09,4,Germany,2025-04-23
5519,1902,31,Clothing,417.43,4,UK,2025-04-16
5520,1985,13,Sports,144.15,4,France,2025-06-10
5521,429,61,Sports,244.88,3,UK,2025-07-24
5522,1178,28,Clothing,155.95,5,Israel,2025-03-07
5523,1569,6,Toys,312.37,1,UK,2025-08-12
5524,1620,76,Clothing,252.59,5,France,2025-01-25
5525,1205,57,Beauty,391.97,2,USA,2025-09-07
5526,337,67,Gaming,475.11,3,Israel,2025-03-11
5527,674,11,Toys,175.46,2,Israel,2025-08-04
5528,1006,14,Clothing,360.49,2,UK,2025-11-18
5529,1132,53,Sports,401.57,3,UK,2025-12-05
5530,1991,41,Clothing,271.9,2,UK,2025-06-20
5531,474,10,Beauty,452.77,5,Israel,2025-08-24
5532,1850,28,Clothing,162.36,1,Germany,2025-12-11
5533,1493,9,Clothing,88.27,2,Australia,2025-09-04
5534,1977,62,Toys,141.94,2,Israel,2025-08-24
5535,1094,44,Beauty,479.51,2,Germany,2025-02-08
5536,1752,57,Beauty,80.9,3,Australia,2025-08-16
5537,1842,58,Beauty,223.41,5,USA,2025-10-04
5538,1637,74,Clothing,383.25,3,Japan,2025-09-20
5539,1938,79,Sports,201.06,4,Australia,2025-02-05
5540,1094,3,Gaming,253.64,5,Japan,2025-10-25
5541,812,69,Sports,36.24,2,France,2025-01-06
5542,429,30,Sports,161.74,4,Australia,2025-07-06
5543,1406,79,Sports,462.5,3,France,2025-06-05
5544,1382,31,Clothing,207.55,4,Canada,2025-10-06
5545,233,66,Clothing,14.21,5,Japan,2025-01-08
5546,514,6,Toys,448.58,4,Australia,2025-02-18
5547,1099,32,Gaming,109.67,2,Germany,2025-11-01
5548,893,32,Gaming,54.89,3,UK,2025-07-08
5549,773,50,Clothing,421.9,5,Germany,2025-11-24
5550,650,57,Beauty,69.55,3,Israel,2025-09-19
5551,1836,16,Home,415.13,3,UK,2025-05-23
5552,1759,49,Beauty,272.67,1,Germany,2025-09-10
5553,1516,32,Gaming,482.79,1,Israel,2025-06-22
5554,1708,7,Gaming,195.7,2,UK,2025-07-16
5555,1671,9,Clothing,332.96,1,Israel,2025-02-19
5556,1269,37,Gaming,108.54,5,UK,2025-03-10
5557,428,3,Gaming,117.77,2,USA,2025-03-09
5558,400,42,Beauty,227.17,5,France,2025-07-13
5559,418,45,Clothing,94.58,1,Israel,2025-11-15
5560,233,46,Gaming,397.25,5,Australia,2025-01-15
5561,1621,58,Beauty,479.96,1,France,2025-10-10
5562,1089,53,Sports,29.98,2,UK,2025-01-21
5563,792,24,Beauty,435.86,1,Germany,2025-01-20
5564,326,34,Beauty,122.51,3,USA,2025-10-14
5565,761,30,Sports,249.42,1,UK,2025-06-22
5566,332,39,Clothing,121.44,1,UK,2025-04-15
5567,1748,49,Beauty,72.63,4,Israel,2025-09-22
5568,794,7,Gaming,294.53,1,UK,2025-03-24
5569,1630,67,Gaming,235.48,1,Canada,2025-08-22
5570,1921,56,Gaming,485.06,2,Japan,2025-10-18
5571,130,40,Clothing,28.72,4,Japan,2025-03-12
5572,38,8,Gaming,319.37,3,Australia,2025-10-16
5573,745,38,Clothing,397.93,2,Australia,2025-08-14
5574,1823,58,Beauty,312.78,4,UK,2025-06-23
5575,1410,40,Clothing,106.03,1,Germany,2025-10-23
5576,666,29,Toys,294.89,5,UK,2025-03-26
5577,1682,48,Books,241.5,2,USA,2025-09-04
5578,1497,25,Electronics,108.71,1,USA,2025-02-20
5579,182,39,Clothing,11.83,4,Japan,2025-10-26
5580,1946,39,Clothing,293.32,2,Japan,2025-11-12
5581,244,49,Beauty,351.95,2,France,2025-09-08
5582,1844,60,Gaming,254.8,1,Japan,2025-12-16
5583,849,17,Books,113.62,4,France,2025-05-17
5584,702,64,Beauty,11.95,5,Australia,2025-11-25
5585,1676,70,Books,26.08,5,USA,2025-10-20
5586,824,49,Beauty,284.43,4,Germany,2025-08-23
5587,1848,80,Beauty,346.17,5,UK,2025-02-07
5588,811,79,Sports,289.04,3,UK,2025-09-26
5589,119,51,Clothing,487.69,2,UK,2025-06-07
5590,445,67,Gaming,298.19,5,USA,2025-12-08
5591,1474,38,Clothing,487.42,3,Germany,2025-04-25
5592,141,49,Beauty,374.98,1,Israel,2025-06-11
5593,1990,8,Gaming,186.89,3,UK,2025-04-23
5594,1293,55,Home,165.04,1,UK,2025-06-19
5595,137,80,Beauty,371.41,3,Japan,2025-07-18
5596,1278,49,Beauty,459.98,2,Canada,2025-08-05
5597,1467,48,Books,466.86,3,Germany,2025-08-08
5598,1734,27,Beauty,349.3,5,USA,2025-05-22
5599,1656,53,Sports,86.79,5,Israel,2025-05-19
5600,493,49,Beauty,406.08,4,Japan,2025-05-22
5601,1146,45,Clothing,202.09,2,Japan,2025-10-12
5602,118,5,Sports,448.36,4,Australia,2025-05-21
5603,749,5,Sports,332.12,4,Australia,2025-03-10
5604,505,30,Sports,275.74,5,France,2025-06-26
5605,1114,61,Sports,59.44,3,USA,2025-07-15
5606,1854,41,Clothing,253.07,5,France,2025-01-24
5607,886,42,Beauty,369.37,4,Australia,2025-05-08
5608,1621,15,Books,205.53,2,France,2025-01-22
5609,36,23,Home,129.13,2,France,2025-01-09
5610,1826,19,Books,418.67,1,USA,2025-08-18
5611,1973,25,Electronics,402.75,3,Israel,2025-12-21
5612,1636,6,Toys,372.72,5,USA,2025-02-12
5613,416,62,Toys,34.76,3,UK,2025-07-01
5614,933,8,Gaming,109.21,2,Israel,2025-08-21
5615,1725,1,Sports,285.21,2,UK,2025-11-28
5616,1580,77,Toys,276.44,2,Israel,2025-05-24
5617,1117,13,Sports,454.75,1,USA,2025-07-26
5618,831,9,Clothing,247.62,3,USA,2025-07-14
5619,340,27,Beauty,113.9,2,Canada,2025-01-01
5620,1445,25,Electronics,284.95,3,Israel,2025-02-22
5621,647,8,Gaming,191.37,1,UK,2025-05-13
5622,520,64,Beauty,351.86,2,France,2025-03-04
5623,145,24,Beauty,118.62,5,France,2025-08-21
5624,1208,58,Beauty,418.49,2,France,2025-07-06
5625,1072,1,Sports,472.64,3,France,2025-02-04
5626,779,80,Beauty,213.79,1,France,2025-01-18
5627,1725,69,Sports,208.85,5,Japan,2025-05-02
5628,1378,72,Electronics,87.96,4,USA,2025-01-10
5629,457,80,Beauty,203.62,4,UK,2025-02-10
5630,1813,57,Beauty,51.11,4,Japan,2025-09-14
5631,692,41,Clothing,151.45,1,UK,2025-09-05
5632,1680,8,Gaming,48.45,5,Japan,2025-07-20
5633,808,57,Beauty,180.49,1,Australia,2025-09-06
5634,694,1,Sports,101.99,4,UK,2025-01-06
5635,1091,37,Gaming,102.34,5,Germany,2025-05-25
5636,1697,68,Home,140.96,2,Australia,2025-09-19
5637,497,57,Beauty,105.86,3,Canada,2025-10-15
5638,844,43,Books,2.98,2,Canada,2025-03-07
5639,1480,35,Sports,106.74,4,USA,2025-02-19
5640,1017,38,Clothing,432.79,5,Canada,2025-06-16
5641,1006,41,Clothing,334.16,1,Japan,2025-02-27
5642,1437,19,Books,172.04,2,UK,2025-07-01
5643,743,72,Electronics,206.24,2,France,2025-05-02
5644,1786,45,Clothing,223.9,3,UK,2025-05-07
5645,874,41,Clothing,353.77,3,France,2025-10-17
5646,1467,16,Home,333.94,1,UK,2025-06-20
5647,1761,49,Beauty,466.24,4,USA,2025-08-06
5648,1707,38,Clothing,460.44,1,Japan,2025-07-25
5649,799,37,Gaming,411.58,5,Germany,2025-12-20
5650,1743,64,Beauty,221.68,3,USA,2025-12-03
5651,1532,25,Electronics,48.43,5,Japan,2025-02-18
5652,147,52,Sports,487.97,2,USA,2025-03-17
5653,1405,19,Books,30.29,1,France,2025-01-16
5654,897,15,Books,433.99,2,Japan,2025-07-13
5655,1119,32,Gaming,392.99,2,USA,2025-11-23
5656,1484,55,Home,163.66,4,UK,2025-08-05
5657,1827,51,Clothing,351.39,1,USA,2025-09-09
5658,1419,16,Home,378.75,3,UK,2025-05-22
5659,101,5,Sports,202.12,3,UK,2025-05-08
5660,1314,57,Beauty,276.65,5,UK,2025-06-02
5661,165,77,Toys,371.0,3,Australia,2025-09-13
5662,683,33,Toys,175.72,2,Germany,2025-09-12
5663,279,45,Clothing,89.03,5,France,2025-03-10
5664,67,43,Books,371.51,4,Australia,2025-05-21
5665,1462,38,Clothing,80.31,2,France,2025-08-24
5666,1471,59,Home,396.83,5,Germany,2025-02-23
5667,84,73,Electronics,199.37,5,USA,2025-09-27
5668,1534,12,Clothing,479.57,1,Israel,2025-04-19
5669,1421,27,Beauty,449.95,3,Canada,2025-06-23
5670,857,15,Books,4.22,1,UK,2025-10-10
5671,746,52,Sports,73.97,5,Israel,2025-02-12
5672,917,34,Beauty,478.42,1,Japan,2025-10-18
5673,306,51,Clothing,449.11,2,France,2025-04-04
5674,1418,26,Gaming,341.05,3,Israel,2025-04-14
5675,1355,2,Sports,196.61,3,Israel,2025-04-09
5676,1405,62,Toys,236.42,5,UK,2025-12-09
5677,960,65,Sports,434.5,1,USA,2025-01-26
5678,1032,33,Toys,102.41,2,Australia,2025-06-24
5679,987,65,Sports,473.97,5,Japan,2025-11-17
5680,1450,43,Books,426.79,4,Germany,2025-08-14
5681,1346,47,Books,339.32,1,Japan,2025-05-03
5682,1018,70,Books,186.6,4,Australia,2025-11-21
5683,1774,43,Books,312.39,5,Australia,2025-06-28
5684,1285,63,Books,390.01,1,Japan,2025-12-14
5685,1383,4,Gaming,497.35,4,USA,2025-10-06
5686,488,32,Gaming,458.37,2,Japan,2025-09-07
5687,653,65,Sports,42.34,2,Israel,2025-08-19
5688,120,73,Electronics,153.61,1,Israel,2025-04-22
5689,528,62,Toys,297.18,1,Israel,2025-01-19
5690,1773,70,Books,468.33,3,Canada,2025-11-11
5691,863,33,Toys,165.57,3,UK,2025-08-24
5692,1374,33,Toys,264.14,1,Canada,2025-11-06
5693,974,8,Gaming,66.04,5,UK,2025-01-08
5694,1655,52,Sports,292.64,3,Canada,2025-12-18
5695,1073,49,Beauty,246.83,5,Australia,2025-12-08
5696,565,11,Toys,354.65,3,USA,2025-10-14
5697,1942,53,Sports,221.57,4,Germany,2025-12-11
5698,931,68,Home,256.34,3,USA,2025-10-13
5699,1216,49,Beauty,268.9,3,Australia,2025-09-18
5700,1374,67,Gaming,414.68,5,Japan,2025-10-06
5701,1807,2,Sports,218.58,4,France,2025-07-04
5702,1923,38,Clothing,418.6,3,Australia,2025-07-19
5703,315,60,Gaming,422.3,2,France,2025-08-23
5704,969,34,Beauty,61.61,1,USA,2025-02-23
5705,640,72,Electronics,214.79,3,Canada,2025-10-25
5706,921,71,Clothing,334.52,1,Germany,2025-03-24
5707,1155,71,Clothing,71.43,1,USA,2025-10-14
5708,1707,23,Home,175.25,5,Canada,2025-07-10
5709,771,39,Clothing,182.86,4,Israel,2025-05-06
5710,1083,78,Clothing,257.49,4,USA,2025-03-25
5711,1069,80,Beauty,52.36,4,Japan,2025-01-19
5712,489,62,Toys,125.27,1,Germany,2025-02-25
5713,1590,43,Books,356.43,5,UK,2025-08-01
5714,303,58,Beauty,122.38,4,France,2025-11-12
5715,1532,32,Gaming,43.43,4,Canada,2025-01-01
5716,1851,60,Gaming,400.4,4,Canada,2025-08-19
5717,551,42,Beauty,479.16,2,France,2025-07-21
5718,525,69,Sports,316.49,3,France,2025-08-15
5719,1609,9,Clothing,416.2,4,UK,2025-11-21
5720,60,47,Books,365.55,4,Japan,2025-08-14
5721,1782,20,Home,275.75,4,Israel,2025-10-12
5722,1922,67,Gaming,458.71,5,USA,2025-03-25
5723,477,40,Clothing,351.62,2,Australia,2025-09-02
5724,1222,50,Clothing,476.92,4,Germany,2025-07-17
5725,1908,65,Sports,419.82,2,Israel,2025-05-02
5726,1481,34,Beauty,105.1,4,France,2025-08-10
5727,1906,4,Gaming,456.59,4,Canada,2025-03-17
5728,649,40,Clothing,230.11,3,Germany,2025-03-13
5729,1175,38,Clothing,21.35,4,Germany,2025-05-05
5730,305,59,Home,38.86,5,Japan,2025-03-21
5731,839,76,Clothing,274.91,2,Australia,2025-03-16
5732,114,60,Gaming,256.02,1,France,2025-12-05
5733,501,31,Clothing,259.88,5,UK,2025-05-09
5734,475,64,Beauty,52.6,5,France,2025-05-21
5735,1211,44,Beauty,312.89,1,Canada,2025-05-21
5736,1957,70,Books,452.75,3,Israel,2025-10-03
5737,534,22,Home,-62.03,5,Australia,2025-02-02
5738,236,59,Home,382.74,3,Japan,2025-11-27
5739,944,14,Clothing,68.87,2,Australia,2025-01-17
5740,89,69,Sports,419.49,2,France,2025-02-20
5741,1414,4,Gaming,450.05,3,Israel,2025-03-27
5742,721,68,Home,87.89,5,UK,2025-04-11
5743,1111,37,Gaming,407.85,2,Australia,2025-07-20
5744,450,8,Gaming,367.23,1,Australia,2025-08-06
5745,1676,44,Beauty,114.16,4,Australia,2025-04-23
5746,186,62,Toys,21.07,3,Germany,2025-08-07
5747,467,53,Sports,52.78,4,France,2025-12-05
5748,82,6,Toys,488.26,4,Germany,2025-03-07
5749,1192,12,Clothing,385.51,4,France,2025-04-24
5750,663,33,Toys,461.63,2,UK,2025-11-20
5751,1985,20,Home,352.68,2,Israel,2025-02-22
5752,263,56,Gaming,122.7,4,France,2025-10-28
5753,826,52,Sports,128.14,3,Australia,2025-06-20
5754,1572,40,Clothing,302.08,5,France,2025-08-20
5755,1834,29,Toys,398.17,5,Canada,2025-03-11
5756,1431,59,Home,371.15,2,UK,2025-02-01
5757,912,23,Home,151.94,5,Japan,2025-01-28
5758,436,17,Books,133.92,2,Japan,2025-07-06
5759,1581,26,Gaming,54.02,5,France,2025-08-08
5760,1030,12,Clothing,147.67,4,Israel,2025-03-02
5761,671,73,Electronics,184.26,3,USA,2025-12-11
5762,438,73,Electronics,327.64,2,Australia,2025-02-25
5763,70,26,Gaming,227.14,3,Australia,2025-04-09
5764,1805,11,Toys,28.9,2,Japan,2025-10-07
5765,1766,48,Books,271.9,4,France,2025-10-10
5766,547,50,Clothing,261.96,2,USA,2025-04-05
5767,1994,58,Beauty,348.71,2,USA,2025-08-12
5768,835,73,Electronics,221.71,2,USA,2025-03-24
5769,1201,53,Sports,405.87,4,Australia,2025-01-10
5770,205,30,Sports,109.84,5,Australia,2025-03-27
5771,1448,45,Clothing,31.86,3,USA,2025-11-25
5772,1576,28,Clothing,210.63,1,Australia,2025-10-25
5773,724,34,Beauty,492.44,1,UK,2025-04-20
5774,817,67,Gaming,47.54,2,Australia,2025-03-05
5775,1929,5,Sports,214.28,5,Canada,2025-01-05
5776,36,7,Gaming,395.86,1,Canada,2025-10-03
5777,1531,19,Books,225.57,4,Australia,2025-06-12
5778,1638,23,Home,384.61,4,Israel,2025-06-24
5779,800,25,Electronics,245.62,2,France,2025-09-10
5780,60,36,Gaming,232.05,4,Germany,2025-10-20
5781,32,54,Gaming,416.14,4,UK,2025-03-14
5782,348,3,Gaming,476.26,2,Japan,2025-01-03
5783,1483,79,Sports,334.82,1,USA,2025-08-01
5784,781,29,Toys,493.23,2,Israel,2025-05-03
5785,709,60,Gaming,429.74,5,Japan,2025-07-16
5786,1485,33,Toys,322.29,5,Canada,2025-01-06
5787,703,1,Sports,118.42,2,Japan,2025-01-12
5788,798,75,Sports,416.96,1,Japan,2025-03-17
5789,213,72,Electronics,18.18,3,Japan,2025-04-13
5790,1230,47,Books,32.94,2,France,2025-01-16
5791,1183,58,Beauty,216.52,3,Canada,2025-05-03
5792,818,31,Clothing,488.28,2,Israel,2025-01-20
5793,1031,60,Gaming,96.09,1,UK,2025-07-23
5794,1534,75,Sports,287.03,5,Germany,2025-04-27
5795,118,71,Clothing,134.86,2,Germany,2025-10-18
5796,1283,55,Home,167.4,3,France,2025-07-27
5797,298,49,Beauty,324.24,2,Israel,2025-11-21
5798,597,39,Clothing,86.55,4,USA,2025-05-07
5799,1688,40,Clothing,136.76,5,UK,2025-02-25
5800,776,38,Clothing,277.85,1,Australia,2025-01-11
5801,1481,46,Gaming,238.56,4,UK,2025-02-17
5802,550,52,Sports,454.31,3,Germany,2025-08-27
5803,1012,30,Sports,358.71,1,Israel,2025-02-02
5804,1455,78,Clothing,217.64,4,Japan,2025-12-07
5805,376,13,Sports,157.84,3,France,2025-05-18
5806,605,24,Beauty,337.2,5,UK,2025-03-18
5807,884,44,Beauty,373.58,1,Australia,2025-09-22
5808,1795,39,Clothing,475.29,2,Japan,2025-03-01
5809,677,10,Beauty,150.45,1,Germany,2025-05-23
5810,434,10,Beauty,192.9,2,France,2025-08-15
5811,378,24,Beauty,187.18,1,France,2025-08-12
5812,535,7,Gaming,286.74,3,Germany,2025-01-03
5813,7,5,Sports,459.43,1,Australia,2025-10-18
5814,1571,66,Clothing,271.97,2,Japan,2025-08-21
5815,741,41,Clothing,267.13,3,Japan,2025-01-16
5816,1785,41,Clothing,494.93,3,Canada,2025-03-26
5817,418,77,Toys,6.5,4,Australia,2025-05-25
5818,45,76,Clothing,248.07,1,Israel,2025-11-15
5819,698,40,Clothing,133.0,2,France,2025-10-08
5820,351,24,Beauty,435.46,2,Germany,2025-07-13
5821,1505,53,Sports,359.4,4,Israel,2025-11-04
5822,1460,3,Gaming,245.69,5,Israel,2025-04-28
5823,1866,16,Home,288.22,1,Australia,2025-12-06
5824,1020,3,Gaming,298.96,4,Australia,2025-06-22
5825,1994,1,Sports,455.45,2,Japan,2025-01-12
5826,469,7,Gaming,406.78,3,France,2025-07-19
5827,322,16,Home,388.8,4,UK,2025-10-28
5828,1499,40,Clothing,86.79,1,Australia,2025-03-28
5829,668,23,Home,249.68,5,Canada,2025-08-17
5830,59,41,Clothing,418.94,2,France,2025-06-24
5831,86,37,Gaming,434.11,1,USA,2025-06-21
5832,707,74,Clothing,327.42,3,Canada,2025-03-15
5833,276,79,Sports,39.25,1,Australia,2025-12-16
5834,1798,12,Clothing,420.31,2,UK,2025-10-09
5835,1717,19,Books,35.27,1,UK,2025-12-10
5836,1009,45,Clothing,271.25,2,USA,2025-06-14
5837,947,5,Sports,277.75,3,Israel,2025-06-02
5838,1093,36,Gaming,400.84,2,Japan,2025-09-14
5839,103,74,Clothing,372.35,4,Japan,2025-07-15
5840,1408,22,Home,244.76,3,UK,2025-04-28
5841,1817,67,Gaming,381.8,5,Israel,2025-08-19
5842,1149,71,Clothing,108.53,5,UK,2025-07-16
5843,1313,50,Clothing,380.24,4,USA,2025-01-01
5844,740,14,Clothing,311.8,1,USA,2025-02-10
5845,1677,73,Electronics,276.22,2,Canada,2025-09-27
5846,447,48,Books,74.46,2,Canada,2025-12-09
5847,1087,50,Clothing,391.07,5,USA,2025-08-26
5848,186,14,Clothing,255.3,3,UK,2025-08-18
5849,514,55,Home,273.16,1,UK,2025-11-03
5850,998,73,Electronics,183.59,5,USA,2025-10-02
5851,1577,2,Sports,72.51,5,Japan,2025-09-24
5852,185,1,Sports,248.11,4,Canada,2025-07-02
5853,915,15,Books,280.09,4,Israel,2025-02-16
5854,1909,46,Gaming,210.86,1,Australia,2025-08-07
5855,254,14,Clothing,343.08,1,France,2025-02-12
5856,356,22,Home,381.56,3,Australia,2025-02-21
5857,925,478,Home,48.31,5,Germany,2025-03-16
5858,1627,29,Toys,390.97,3,Japan,2025-02-24
5859,1748,43,Books,313.04,3,France,2025-04-14
5860,1164,53,Sports,393.94,4,Japan,2025-09-08
5861,200,45,Clothing,215.32,5,France,2025-07-01
5862,1533,4,Gaming,164.6,1,France,2025-08-08
5863,1744,37,Gaming,60.7,1,France,2025-02-06
5864,1343,67,Gaming,216.9,4,Israel,2025-11-16
5865,1326,49,Beauty,280.92,3,Australia,2025-10-26
5866,585,31,Clothing,434.24,2,Israel,2025-01-27
5867,1281,26,Gaming,109.26,5,France,2025-06-19
5868,100,60,Gaming,238.23,5,Japan,2025-10-28
5869,201,21,Beauty,365.17,3,Japan,2025-07-26
5870,822,56,Gaming,491.15,1,Canada,2025-04-06
5871,676,3,Gaming,217.44,1,Australia,2025-07-18
5872,860,11,Toys,271.5,4,USA,2025-03-09
5873,1318,72,Electronics,88.86,5,Canada,2025-05-11
5874,1905,40,Clothing,not-a-price,4,Japan,2025-12-12
5875,533,56,Gaming,53.12,4,Japan,2025-05-26
5876,99,41,Clothing,356.76,4,USA,2025-03-05
5877,561,3,Gaming,131.4,4,Japan,2025-04-14
5878,1934,60,Gaming,324.22,1,Japan,2025-05-04
5879,779,26,Gaming,439.94,3,France,2025-09-16
5880,705,26,Gaming,86.1,3,France,2025-08-10
5881,708,11,Toys,243.57,2,UK,2025-05-12
5882,1397,72,Electronics,258.57,4,Japan,2025-09-20
5883,1468,63,Books,420.31,2,USA,2025-10-20
5884,413,38,Clothing,264.86,5,Japan,2025-01-16
5885,1740,7,Gaming,317.28,4,Japan,2025-02-19
5886,978,78,Clothing,218.96,4,Australia,2025-01-16
5887,27,19,Books,82.09,4,UK,2025-09-10
5888,985,58,Beauty,458.7,2,Israel,2025-01-13
5889,815,61,Sports,79.5,3,Australia,2025-08-12
5890,1475,14,Clothing,255.24,1,Australia,2025-12-28
5891,1537,51,Clothing,388.14,3,Japan,2025-09-21
5892,816,6,Toys,464.13,4,UK,2025-12-27
5893,477,17,Books,291.03,4,Germany,2025-07-07
5894,145,73,Electronics,302.6,2,France,2025-08-10
5895,1124,29,Toys,267.21,4,Germany,2025-11-09
5896,1496,12,Clothing,362.4,1,Australia,2025-03-19
5897,128,30,Sports,12.49,3,Canada,2025-12-21
5898,910,2,Sports,349.6,3,France,2025-10-13
5899,484,21,Beauty,280.3,2,Japan,2025-10-18
5900,1441,15,Books,462.41,2,Australia,2025-02-18
5901,1533,76,Clothing,117.31,3,UK,2025-01-02
5902,215,77,Toys,300.6,1,UK,2025-08-13
5903,1144,76,Clothing,328.23,4,France,2025-10-02
5904,803,6,Toys,211.34,4,France,2025-06-02
5905,1825,40,Clothing,22.83,4,Japan,2025-10-12
5906,707,49,Beauty,52.05,3,Canada,2025-06-07
5907,69,72,Electronics,475.79,5,Australia,2025-06-26
5908,915,72,Electronics,329.56,4,Canada,2025-06-17
5909,1300,1,Sports,63.55,5,Japan,2025-08-06
5910,1921,54,Gaming,154.65,5,Israel,2025-03-09
5911,903,33,Toys,475.65,2,Australia,2025-08-26
5912,1677,15,Books,91.98,2,Germany,2025-07-19
5913,649,71,Clothing,57.29,1,Israel,2025-12-18
5914,397,57,Beauty,494.22,3,Germany,2025-11-20
5915,1093,15,Books,370.78,4,Germany,2025-05-27
5916,75,55,Home,235.22,1,Australia,2025-10-26
5917,1020,28,Clothing,244.26,1,Australia,2025-05-22
5918,411,37,Gaming,171.12,1,Australia,2025-04-04
5919,1648,15,Books,200.06,4,UK,2025-07-24
5920,652,62,Toys,61.15,5,UK,2025-03-01
5921,1618,36,Gaming,39.1,4,Israel,2025-11-22
5922,266,57,Beauty,222.35,4,USA,2025-06-20
5923,676,13,Sports,290.18,1,UK,2025-04-09
5924,957,67,Gaming,261.99,3,France,2025-09-09
5925,1467,38,Clothing,332.62,3,USA,2025-04-12
5926,530,23,Home,16.92,2,Australia,2025-09-03
5927,261,56,Gaming,416.63,3,Japan,2025-09-13
5928,1524,25,Electronics,490.53,1,Canada,2025-06-12
5929,1523,27,Beauty,4.76,1,France,2025-11-26
5930,469,64,Beauty,477.77,4,Canada,2025-11-19
5931,1826,51,Clothing,230.28,1,France,2025-02-21
5932,239,2,Sports,67.43,4,UK,2025-09-10
5933,1644,59,Home,237.89,5,Israel,2025-11-27
5934,994,10,Beauty,408.41,4,Japan,2025-01-04
5935,518,79,Sports,301.42,1,France,2025-07-22
5936,1929,6,Toys,97.28,5,Germany,2025-03-15
5937,837,5,Sports,330.45,3,Israel,2025-02-17
5938,1933,60,Gaming,419.64,3,Canada,2025-09-05
5939,1313,20,Home,416.7,3,Japan,2025-10-26
5940,1620,43,Books,88.65,4,USA,2025-01-22
5941,502,53,Sports,277.12,5,Israel,2025-07-24
5942,1863,79,Sports,485.99,1,Australia,2025-06-01
5943,307,71,Clothing,353.14,3,Japan,2025-05-19
5944,464,28,Clothing,403.01,5,UK,2025-02-16
5945,433,61,Sports,139.98,2,Germany,2025-10-25
5946,700,76,Clothing,295.02,4,Israel,2025-05-11
5947,1796,219,Books,364.51,2,Japan,2025-10-27
5948,1849,66,Clothing,181.05,4,Japan,2025-05-15
5949,328,66,Clothing,210.92,5,Canada,2025-08-01
5950,640,63,Books,413.96,2,Israel,2025-07-10
5951,923,30,Sports,160.96,2,UK,2025-01-25
5952,1064,45,Clothing,62.12,1,USA,2025-01-03
5953,1704,47,Books,115.42,4,Canada,2025-02-04
5954,89,80,Beauty,334.74,2,Germany,2025-11-12
5955,650,3,Gaming,462.88,1,Canada,2025-01-07
5956,1897,12,Clothing,203.0,2,USA,2025-08-16
5957,1494,24,Beauty,373.58,2,Germany,2025-11-10
5958,1884,54,Gaming,425.38,5,Japan,2025-06-22
5959,1783,22,Home,332.53,2,France,2025-08-15
5960,1850,21,Beauty,480.3,1,Australia,2025-10-25
5961,1177,72,Electronics,330.16,1,UK,2025-08-12
5962,1536,20,Home,496.27,2,France,2025-07-13
5963,1774,22,Home,233.89,1,UK,2025-03-10
5964,1053,23,Home,200.25,4,Australia,2025-07-09
5965,893,18,Beauty,382.02,1,Canada,2025-05-08
5966,1229,72,Electronics,460.51,3,UK,2025-10-15
5967,1082,44,Beauty,230.49,4,France,2025-05-20
5968,1426,60,Gaming,148.37,2,France,2025-04-26
5969,159,36,Gaming,121.36,1,USA,2025-04-18
5970,1455,39,Clothing,332.24,3,Israel,2025-09-27
5971,1480,27,Beauty,44.39,1,France,2025-02-03
5972,1967,72,Electronics,17.81,2,France,2025-07-15
5973,1693,38,Clothing,-2.5,5,Japan,2025-07-15
5974,761,51,Clothing,476.45,1,USA,2025-10-01
5975,1652,9,Clothing,467.14,3,Israel,2025-12-01
5976,1573,26,Gaming,340.0,2,France,2025-04-24
5977,42,72,Electronics,57.07,1,Germany,2025-08-27
5978,1040,57,Beauty,206.06,1,Australia,2025-01-26
5979,1298,30,Sports,12.16,4,Germany,2025-03-23
5980,1629,75,Sports,302.47,5,Germany,2025-10-25
5981,942,67,Gaming,61.6,2,Israel,2025-04-12
5982,1480,35,Sports,258.28,3,Germany,2025-07-03
5983,1192,11,Toys,394.04,3,Australia,2025-05-11
5984,202,28,Clothing,414.1,4,Canada,2025-02-17
5985,288,3,Gaming,307.25,2,Israel,2025-02-13
5986,1497,2,Sports,164.03,2,Canada,2025-05-01
5987,1265,54,Gaming,402.5,5,Israel,2025-06-06
5988,1355,58,Beauty,255.13,1,Germany,2025-05-03
5989,84,30,Sports,35.89,2,Canada,2025-06-26
5990,1911,45,Clothing,206.04,4,Germany,2025-10-07
5991,1264,39,Clothing,209.82,2,Japan,2025-02-03
5992,664,3,Gaming,98.14,4,France,2025-06-05
5993,94,278,Books,284.17,1,Canada,2025-03-23
5994,912,79,Sports,441.5,4,Israel,2025-08-20
5995,982,18,Beauty,195.64,4,Israel,2025-07-21
5996,138,35,Sports,155.86,5,USA,2025-01-17
5997,1022,49,Beauty,249.66,5,USA,2025-09-04
5998,1365,71,Clothing,224.31,1,Israel,2025-01-20
5999,252,79,Sports,428.78,5,USA,2025-02-02
6000,726,56,Gaming,325.79,5,USA,2025-07-20
6001,451,26,Gaming,84.01,1,Germany,2025-09-26
6002,159,18,Beauty,59.65,4,Japan,2025-08-16
6003,1243,25,Electronics,338.94,4,UK,2025-01-06
6004,1580,78,Clothing,439.22,1,USA,2025-08-20
6005,927,35,Sports,83.28,5,Israel,2025-05-21
6006,1093,41,Clothing,100.77,5,Israel,2025-10-17
6007,1505,60,Gaming,404.25,4,Germany,2025-05-02
6008,755,19,Books,-79.25,1,Germany,2025-09-11
6009,1334,40,Clothing,83.03,3,France,2025-09-25
6010,127,31,Clothing,497.4,4,France,2025-11-01
6011,975,75,Sports,219.23,4,Israel,2025-11-09
6012,432,36,Gaming,295.0,2,USA,2025-01-14
6013,244,54,Gaming,85.75,4,Canada,2025-01-27
6014,1896,21,Beauty,428.02,3,France,2025-01-19
6015,404,10,Beauty,301.62,2,Israel,2025-06-11
6016,110,25,Electronics,108.23,3,Japan,2025-10-01
6017,134,18,Beauty,174.88,2,Germany,2025-02-03
6018,1468,20,Home,485.95,2,UK,2025-06-11
6019,15,32,Gaming,281.09,4,Canada,2025-03-14
6020,790,65,Sports,22.14,3,UK,2025-04-10
6021,1422,39,Clothing,121.29,4,UK,2025-03-09
6022,1532,74,Clothing,453.5,5,Canada,2025-11-21
6023,341,50,Clothing,221.9,5,Canada,2025-04-12
6024,55,56,Gaming,8.89,3,USA,2025-04-06
6025,1606,66,Clothing,320.35,1,UK,2025-07-05
6026,563,39,Clothing,287.99,1,UK,2025-11-10
6027,247,69,Sports,197.34,5,UK,2025-12-12
6028,1993,17,Books,75.71,2,Canada,2025-12-08
6029,483,67,Gaming,187.82,5,Israel,2025-08-15
6030,456,76,Clothing,480.71,2,Canada,2025-09-22
6031,1998,3,Gaming,202.04,5,UK,2025-10-04
6032,1775,46,Gaming,467.85,5,Israel,2025-04-21
6033,709,26,Gaming,240.01,1,Canada,2025-04-25
6034,745,28,Clothing,128.17,5,Israel,2025-01-11
6035,864,21,Beauty,209.87,1,Canada,2025-05-15
6036,1222,35,Sports,186.37,2,Canada,2025-07-22
6037,1589,12,Clothing,37.51,5,Australia,2025-04-08
6038,321,63,Books,281.33,1,Israel,2025-05-16
6039,25,55,Home,357.58,2,Israel,2025-04-16
6040,275,24,Beauty,145.3,1,Japan,2025-04-24
6041,1429,46,Gaming,416.39,2,Germany,2025-03-27
6042,291,28,Clothing,490.98,5,Canada,2025-08-04
6043,1298,9,Clothing,365.09,5,Germany,2025-01-25
6044,872,6,Toys,303.35,2,USA,2025-02-16
6045,1827,71,Clothing,74.15,3,Germany,2025-01-22
6046,1852,28,Clothing,185.79,1,Canada,2025-10-02
6047,1454,26,Gaming,5.85,5,UK,2025-10-28
6048,1023,39,Clothing,245.61,5,Japan,2025-06-07
6049,853,47,Books,463.4,5,UK,2025-01-12
6050,1525,60,Gaming,271.7,3,USA,2025-12-07
6051,327,44,Beauty,230.44,5,Israel,2025-09-17
6052,1997,55,Home,98.86,4,Israel,2025-06-19
6053,1070,4,Gaming,274.25,5,UK,2025-01-12
6054,1390,8,Gaming,13.94,2,Germany,2025-02-20
6055,628,5,Sports,418.69,2,France,2025-05-10
6056,1583,71,Clothing,247.51,5,Canada,2025-10-18
6057,1127,33,Toys,297.36,3,Japan,2025-10-23
6058,36,50,Clothing,356.57,5,France,2025-01-27
6059,806,57,Beauty,151.85,4,Germany,2025-04-01
6060,1264,22,Home,103.3,3,France,2025-04-14
6061,246,70,Books,456.48,3,Germany,2025-06-24
6062,1803,43,Books,461.59,4,Australia,2025-09-01
6063,1141,19,Books,442.95,2,Australia,2025-11-24
6064,528,40,Clothing,166.25,3,Canada,2025-05-15
6065,346,37,Gaming,485.89,4,Japan,2025-12-14
6066,1043,70,Books,229.55,2,Japan,2025-02-15
6067,343,75,Sports,459.65,2,Japan,2025-05-04
6068,430,17,Books,333.06,2,Canada,2025-03-22
6069,1117,65,Sports,334.39,1,UK,2025-01-17
6070,199,57,Beauty,91.38,3,Israel,2025-07-19
6071,890,62,Toys,420.9,2,USA,2025-05-13
6072,639,40,Clothing,282.16,4,Canada,2025-10-02
6073,672,31,Clothing,271.94,4,Israel,2025-02-09
6074,840,61,Sports,277.32,1,Australia,2025-08-07
6075,709,27,Beauty,145.28,4,Germany,2025-10-07
6076,1796,6,Toys,381.46,3,Canada,2025-09-09
6077,130,22,Home,406.78,2,Canada,2025-02-05
6078,1990,59,Home,163.11,4,UK,2025-05-23
6079,154,2,Sports,27.08,1,Canada,2025-07-07
6080,1464,6,Toys,372.4,3,Japan,2025-04-26
6081,457,16,Home,377.9,3,Canada,2025-06-08
6082,1576,31,Clothing,134.24,1,Australia,2025-06-09
6083,1158,5,Sports,148.91,1,France,2025-10-14
6084,1182,36,Gaming,78.25,1,USA,2025-09-10
6085,1030,40,Clothing,374.02,2,USA,2025-04-03
6086,750,22,Home,222.68,5,UK,2025-01-07
6087,622,73,Electronics,214.16,2,USA,2025-11-01
6088,1975,48,Books,108.57,2,Australia,2025-12-18
6089,565,11,Toys,354.19,4,Israel,2025-07-24
6090,1254,49,Beauty,499.68,2,Israel,2025-11-01
6091,643,51,Clothing,55.89,3,Germany,2025-04-11
6092,1354,74,Clothing,446.47,2,Germany,2025-09-26
6093,1594,73,Electronics,376.47,5,Germany,2025-03-05
6094,515,34,Beauty,427.29,5,Japan,2025-08-26
6095,1103,28,Clothing,123.97,4,France,2025-07-06
6096,1849,5,Sports,411.7,2,USA,2025-07-08
6097,1300,67,Gaming,322.09,1,Canada,2025-11-14
6098,1495,27,Beauty,16.74,5,Japan,2025-05-18
6099,1350,47,Books,78.37,4,Germany,2025-09-06
6100,802,53,Sports,319.87,4,USA,2025-04-09
6101,1421,45,Clothing,495.62,3,Germany,2025-04-10
6102,1818,19,Books,262.44,1,Germany,2025-01-23
6103,837,71,Clothing,403.76,2,Australia,2025-11-19
6104,1691,66,Clothing,191.82,3,Germany,2025-05-19
6105,296,11,Toys,118.66,1,USA,2025-04-14
6106,655,19,Books,383.28,4,France,2025-03-07
6107,1141,67,Gaming,363.77,5,Canada,2025-04-14
6108,388,21,Beauty,76.02,5,Canada,2025-08-28
6109,1410,21,Beauty,71.59,4,Australia,2025-05-27
6110,1686,66,Clothing,396.9,4,UK,2025-12-27
6111,1033,52,Sports,41.26,3,USA,2025-11-16
6112,104,8,Gaming,488.83,5,Canada,2025-02-01
6113,513,36,Gaming,453.82,2,Australia,2025-06-20
6114,900,46,Gaming,56.93,2,Canada,2025-03-11
6115,1083,27,Beauty,274.93,5,Canada,2025-08-01
6116,1868,39,Clothing,113.78,5,Israel,2025-04-04
6117,23,19,Books,12.14,2,France,2025-06-21
6118,588,37,Gaming,75.81,4,Germany,2025-10-19
6119,899,30,Sports,404.12,3,Israel,2025-12-02
6120,1726,19,Books,212.7,4,Canada,2025-12-08
6121,687,65,Sports,335.18,2,France,2025-06-25
6122,1002,21,Beauty,453.36,4,France,2025-11-27
6123,31,17,Books,411.84,5,Japan,2025-12-27
6124,1463,75,Sports,290.94,3,Israel,2025-11-21
6125,670,11,Toys,415.47,2,Germany,2025-09-21
6126,402,17,Books,41.44,3,France,2025-06-19
6127,619,14,Clothing,353.95,2,Israel,2025-12-22
6128,89,3,Gaming,240.13,1,Japan,2025-02-16
6129,1875,21,Beauty,111.02,5,Israel,2025-07-10
6130,1764,45,Clothing,258.98,2,Canada,2025-03-23
6131,42,79,Sports,289.64,4,Japan,2025-01-21
6132,81,63,Books,175.96,5,Canada,2025-02-27
6133,439,32,Gaming,424.2,5,Canada,2025-05-02
6134,650,62,Toys,138.3,2,Canada,2025-10-19
6135,763,1,Sports,361.77,3,Australia,2025-04-11
6136,1126,6,Toys,314.94,3,Germany,2025-01-02
6137,29,66,Clothing,145.65,1,Israel,2025-12-07
6138,1064,44,Beauty,10.99,2,Japan,2025-01-28
6139,1717,80,Beauty,181.11,4,USA,2025-10-27
6140,1879,65,Sports,92.38,1,Canada,2025-09-06
6141,1490,2,Sports,367.48,1,Israel,2025-11-17
6142,1067,2,Sports,344.74,4,Canada,2025-10-09
6143,1722,31,Clothing,243.83,1,France,2025-04-27
6144,288,27,Beauty,270.29,3,Germany,2025-06-22
6145,1022,26,Gaming,235.92,5,Germany,2025-11-28
6146,1242,58,Beauty,300.26,1,Australia,2025-07-22
6147,695,79,Sports,287.82,2,Israel,2025-10-13
6148,1301,17,Books,65.1,5,UK,2025-01-05
6149,1776,38,Clothing,384.15,5,Australia,2025-06-07
6150,1640,67,Gaming,126.01,1,France,2025-11-12
6151,1058,4,Gaming,211.02,3,Japan,2025-06-25
6152,357,80,Beauty,249.15,1,USA,2025-05-09
6153,1750,17,Books,12.64,1,USA,2025-07-02
6154,1199,60,Gaming,31.57,5,Israel,2025-07-18
6155,1418,5,Sports,9.69,3,France,2025-08-01
6156,1048,43,Books,389.71,5,UK,2025-06-06
6157,562,61,Sports,324.22,1,Australia,2025-02-13
6158,853,8,Gaming,110.65,1,Australia,2025-11-25
6159,1818,10,Beauty,80.29,3,Japan,2025-01-19
6160,1185,52,Sports,213.59,2,USA,2025-02-14
6161,1222,41,Clothing,196.25,3,UK,2025-06-18
6162,667,10,Beauty,302.2,4,Canada,2025-09-04
6163,726,13,Sports,207.63,5,UK,2025-09-26
6164,236,15,Books,185.62,3,UK,2025-06-14
6165,408,74,Clothing,361.33,1,France,2025-08-10
6166,1225,72,Electronics,236.59,4,Australia,2025-03-16
6167,139,59,Home,103.87,1,France,2025-10-21
6168,624,53,Sports,156.16,5,Germany,2025-07-20
6169,1182,20,Home,209.98,2,Germany,2025-10-03
6170,1442,58,Beauty,123.91,5,France,2025-10-09
6171,1475,66,Clothing,1.65,4,Japan,2025-08-25
6172,782,12,Clothing,398.52,1,USA,2025-07-23
6173,1395,15,Books,376.75,3,UK,2025-06-27
6174,1142,73,Electronics,115.27,5,Japan,2025-03-03
6175,1710,19,Books,11.14,1,Japan,2025-09-03
6176,1728,49,Beauty,56.08,2,UK,2025-10-22
6177,479,52,Sports,253.23,4,France,2025-11-15
6178,1354,50,Clothing,277.65,1,Japan,2025-06-21
6179,906,47,Books,230.33,2,Israel,2025-08-19
6180,266,16,Home,377.59,1,Germany,2025-07-28
6181,19,47,Books,292.17,3,Australia,2025-05-13
6182,1105,49,Beauty,1.71,1,USA,2025-06-09
6183,1228,11,Toys,467.56,3,UK,2025-04-25
6184,1516,39,Clothing,245.12,2,France,2025-11-16
6185,441,29,Toys,95.07,3,Australia,2025-06-10
6186,1190,40,Clothing,278.71,5,France,2025-06-13
6187,723,29,Toys,373.68,1,Germany,2025-12-24
6188,1741,25,Electronics,231.36,5,Germany,2025-03-10
6189,1400,77,Toys,160.35,1,Canada,2025-05-04
6190,959,24,Beauty,384.38,5,France,2025-04-15
6191,843,78,Clothing,301.81,1,Germany,2025-06-10
6192,336,23,Home,477.47,4,Canada,2025-11-19
6193,461,48,Books,445.0,2,Australia,2025-07-17
6194,923,52,Sports,1.17,5,USA,2025-05-06
6195,1784,56,Gaming,316.95,5,USA,2025-09-05
6196,1491,22,Home,333.15,2,Canada,2025-06-05
6197,723,27,Beauty,444.43,2,Israel,2025-05-21
6198,405,51,Clothing,329.26,5,Australia,2025-10-26
6199,1094,23,Home,442.32,4,Israel,2025-12-12
6200,1419,77,Toys,114.86,2,Canada,2025-09-13
6201,876,33,Toys,408.31,5,Japan,2025-03-11
6202,1374,28,Clothing,170.66,1,Japan,2025-02-15
6203,64,58,Beauty,493.61,1,Canada,2025-06-14
6204,1145,5,Sports,449.62,1,Germany,2025-10-14
6205,1429,43,Books,47.28,3,France,2025-04-20
6206,950,9,Clothing,326.4,4,UK,2025-07-14
6207,709,32,Gaming,179.57,1,Canada,2025-10-04
6208,1111,9,Clothing,465.87,2,Japan,2025-04-12
6209,1461,33,Toys,126.91,2,France,2025-09-26
6210,899,37,Gaming,50.93,2,Canada,2025-12-25
6211,755,61,Sports,58.78,5,Japan,2025-11-03
6212,746,69,Sports,92.71,3,Germany,2025-03-14
6213,1421,64,Beauty,256.35,2,Canada,2025-09-18
6214,616,48,Books,42.97,4,Japan,2025-01-07
6215,608,20,Home,437.94,1,USA,2025-10-03
6216,514,9,Clothing,463.05,5,France,2025-02-06
6217,569,20,Home,366.15,3,UK,2025-08-10
6218,239,24,Beauty,255.8,3,Australia,2025-08-18
6219,1083,11,Toys,353.71,4,Germany,2025-12-21
6220,533,37,Gaming,323.05,4,UK,2025-08-28
6221,878,28,Clothing,439.0,3,Germany,2025-09-07
6222,286,31,Clothing,473.49,5,USA,2025-03-18
6223,1856,28,Clothing,422.15,2,Germany,2025-03-26
6224,1303,44,Beauty,439.29,4,Australia,2025-01-11
6225,714,59,Home,75.97,0,France,2025-02-05
6226,1809,21,Beauty,125.18,5,Canada,2025-08-07
6227,1638,80,Beauty,316.03,1,France,2025-09-01
6228,1419,53,Sports,347.72,5,USA,2025-10-07
6229,1637,6,Toys,70.14,5,Israel,2025-04-20
6230,1102,46,Gaming,103.11,1,France,2025-04-06
6231,1419,12,Clothing,404.91,2,Australia,2025-01-23
6232,1480,53,Sports,21.38,4,UK,2025-04-14
6233,1293,70,Books,413.68,3,Japan,2025-07-24
6234,1551,60,Gaming,248.33,5,USA,2025-01-18
6235,1084,43,Books,11.29,3,USA,2025-03-27
6236,589,7,Gaming,435.37,1,Israel,2025-12-13
6237,1535,7,Gaming,109.81,5,Canada,2025-05-06
6238,682,44,Beauty,343.52,2,Israel,2025-01-21
6239,235,47,Books,193.9,5,Australia,2025-03-27
6240,807,54,Gaming,157.37,5,Australia,2025-01-13
6241,1902,32,Gaming,496.92,1,Australia,2025-09-18
6242,55,54,Gaming,166.09,5,Japan,2025-10-14
6243,10,19,Books,284.27,2,Japan,2025-12-20
6244,1241,71,Clothing,468.59,3,France,2025-10-13
6245,1054,65,Sports,491.99,5,Australia,2025-11-06
6246,1394,60,Gaming,336.12,1,Germany,2025-05-09
6247,127,31,Clothing,149.18,5,UK,2025-11-16
6248,1366,55,Home,160.31,2,UK,2025-06-05
6249,1940,54,Gaming,223.28,4,USA,2025-10-10
6250,1189,25,Electronics,358.58,5,Germany,2025-06-28
6251,592,18,Beauty,214.91,4,Japan,2025-04-16
6252,435,33,Toys,15.13,1,Israel,2025-01-20
6253,1609,68,Home,166.9,3,USA,2025-10-09
6254,593,67,Gaming,14.65,5,Japan,2025-06-22
6255,246,22,Home,94.78,1,UK,2025-12-17
6256,1608,38,Clothing,385.47,5,Japan,2025-09-03
6257,1478,59,Home,62.69,5,Israel,2025-02-04
6258,1812,25,Electronics,236.78,1,USA,2025-11-21
6259,843,80,Beauty,351.73,1,Israel,2025-07-16
6260,509,19,Books,74.72,3,UK,2025-02-05
6261,86,18,Beauty,31.39,2,Australia,2025-07-23
6262,769,37,Gaming,450.14,5,Japan,2025-07-01
6263,1181,29,Toys,164.85,4,USA,2025-03-03
6264,830,78,Clothing,218.08,3,Germany,2025-10-03
6265,920,61,Sports,236.07,2,Canada,2025-03-19
6266,1676,59,Home,82.81,5,UK,2025-04-09
6267,874,69,Sports,364.04,3,Japan,2025-07-27
6268,1560,8,Gaming,17.76,5,Australia,2025-09-27
6269,284,58,Beauty,95.62,2,Canada,2025-06-25
6270,685,71,Clothing,101.72,4,Canada,2025-05-02
6271,1812,43,Books,84.37,1,Israel,2025-04-14
6272,764,28,Clothing,392.43,4,Japan,2025-12-15
6273,1139,15,Books,493.3,1,USA,2025-07-15
6274,234,51,Clothing,453.53,4,Israel,2025-11-12
6275,1420,10,Beauty,2.31,3,Japan,2025-03-12
6276,1481,30,Sports,69.24,1,Israel,2025-01-21
6277,1,45,Clothing,153.46,1,Japan,2025-08-27
6278,623,62,Toys,180.32,3,Israel,2025-05-07
6279,921,73,Electronics,441.34,2,Australia,2025-04-19
6280,1891,45,Clothing,128.64,4,France,2025-10-25
6281,972,64,Beauty,284.75,4,Israel,2025-05-05
6282,743,21,Beauty,296.72,3,USA,2025-08-07
6283,495,71,Clothing,390.37,1,Israel,2025-12-28
6284,785,1,Sports,264.2,5,USA,2025-01-23
6285,1244,12,Clothing,387.49,1,Japan,2025-05-25
6286,1506,77,Toys,227.24,4,Israel,2025-02-09
6287,426,32,Gaming,292.0,2,UK,2025-04-26
6288,360,44,Beauty,285.41,3,Japan,2025-10-12
6289,1018,16,Home,61.4,3,Canada,2025-12-24
6290,1711,6,Toys,144.28,2,Australia,2025-03-07
6291,338,38,Clothing,302.61,2,Israel,2025-03-12
6292,162,76,Clothing,398.96,3,UK,2025-04-10
6293,19,22,Home,460.28,2,UK,2025-09-02
6294,1248,42,Beauty,65.07,2,Canada,2025-10-01
6295,1366,72,Electronics,36.09,4,Israel,2025-03-28
6296,1355,71,Clothing,398.63,3,Germany,2025-06-15
6297,116,49,Beauty,71.97,5,UK,2025-02-22
6298,1659,44,Beauty,404.14,3,Israel,2025-08-24
6299,1363,45,Clothing,168.3,1,Canada,2025-12-12
6300,79,62,Toys,137.88,4,USA,2025-12-28
6301,781,61,Sports,259.55,4,Germany,2025-02-27
6302,613,25,Electronics,450.41,1,Japan,2025-01-12
6303,363,57,Beauty,161.15,3,Israel,2025-07-25
6304,1007,58,Beauty,55.78,4,UK,2025-07-23
6305,784,35,Sports,136.62,2,Japan,2025-01-15
6306,1782,25,Electronics,366.86,5,France,2025-05-26
6307,1024,7,Gaming,222.81,5,France,2025-07-04
6308,988,50,Clothing,57.44,3,Australia,2025-11-02
6309,1456,50,Clothing,100.37,3,Canada,2025-04-15
6310,697,78,Clothing,372.31,1,Japan,2025-12-24
6311,1176,13,Sports,52.53,1,UK,2025-07-15
6312,136,34,Beauty,210.46,5,USA,2025-08-28
6313,804,70,Books,9.17,2,Canada,2025-12-19
6314,1707,3,Gaming,174.07,1,Israel,2025-10-14
6315,809,43,Books,308.25,2,Canada,2025-10-14
6316,697,52,Sports,42.89,5,Israel,2025-04-17
6317,419,51,Clothing,308.41,1,Canada,2025-03-09
6318,873,13,Sports,42.42,4,Israel,2025-03-01
6319,76,12,Clothing,192.51,5,USA,2025-09-16
6320,791,26,Gaming,166.47,1,Japan,2025-06-23
6321,1959,58,Beauty,64.74,1,France,2025-10-27
6322,403,77,Toys,137.19,1,Canada,2025-11-06
6323,27,2,Sports,467.87,2,Japan,2025-04-17
6324,1082,18,Beauty,60.64,5,Israel,2025-02-05
6325,1516,19,Books,232.85,2,Canada,2025-03-11
6326,1917,28,Clothing,285.18,3,Germany,2025-10-12
6327,1348,13,Sports,218.7,4,Australia,2025-09-11
6328,1567,64,Beauty,57.32,4,USA,2025-09-28
6329,2000,1,Sports,178.46,1,UK,2025-04-16
6330,1163,78,Clothing,402.3,1,Japan,2025-01-23
6331,182,21,Beauty,106.15,3,France,2025-03-26
6332,481,23,Home,470.41,1,Australia,2025-01-10
6333,1858,34,Beauty,355.7,2,France,2025-02-28
6334,1954,31,Clothing,138.74,5,Germany,2025-03-09
6335,1840,43,Books,406.62,3,USA,2025-03-10
6336,914,32,Gaming,309.0,3,Japan,2025-11-25
6337,1621,11,Toys,274.52,4,Germany,2025-11-01
6338,1563,73,Electronics,89.77,3,USA,2025-08-13
6339,1303,59,Home,98.58,3,Australia,2025-01-22
6340,497,49,Beauty,163.54,4,France,2025-08-23
6341,667,63,Books,310.45,3,France,2025-11-14
6342,929,11,Toys,91.29,4,USA,2025-01-18
6343,798,60,Gaming,294.15,2,Israel,2025-08-16
6344,1203,71,Clothing,177.56,5,Australia,2025-04-20
6345,700,8,Gaming,161.79,5,Australia,2025-02-01
6346,1295,50,Clothing,-24.58,3,Japan,2025-12-15
6347,519,13,Sports,443.28,4,France,2025-05-04
6348,927,13,Sports,50.31,3,Israel,2025-08-26
6349,463,62,Toys,363.93,4,Canada,2025-04-21
6350,248,52,Sports,270.43,2,USA,2025-12-08
6351,346,76,Clothing,385.71,1,Israel,2025-11-17
6352,1905,5,Sports,80.45,2,USA,2025-04-08
6353,1603,60,Gaming,188.27,5,Japan,2025-10-13
6354,1380,17,Books,331.18,4,Germany,2025-08-02
6355,1912,39,Clothing,196.88,1,USA,2025-11-16
6356,465,22,Home,231.42,2,UK,2025-06-28
6357,1022,49,Beauty,28.66,1,Canada,2025-04-14
6358,1718,23,Home,74.54,2,UK,2025-04-14
6359,228,57,Beauty,67.87,2,Australia,2025-06-13
6360,910,26,Gaming,296.06,4,USA,2025-12-28
6361,1250,60,Gaming,270.84,5,Japan,2025-06-24
6362,1396,27,Beauty,30.25,3,Japan,2025-02-21
6363,1278,66,Clothing,54.54,3,Germany,2025-06-25
6364,1844,47,Books,54.95,3,Germany,2025-07-09
6365,1354,75,Sports,354.4,5,USA,2025-08-27
6366,590,52,Sports,414.44,2,USA,2025-07-03
6367,925,35,Sports,91.79,4,Germany,2025-08-18
6368,1448,20,Home,422.13,1,Israel,2025-01-09
6369,156,50,Clothing,481.17,4,Germany,2025-07-23
6370,1326,25,Electronics,254.29,2,UK,2025-07-05
6371,1348,79,Sports,30.11,3,France,2025-04-24
6372,569,74,Clothing,23.85,1,Australia,2025-09-21
6373,375,2,Sports,17.08,2,USA,2025-08-28
6374,1225,69,Sports,478.46,3,USA,2025-03-08
6375,1633,42,Beauty,73.52,1,Japan,2025-10-20
6376,1104,22,Home,195.29,5,Israel,2025-11-19
6377,1510,36,Gaming,281.82,1,Canada,2025-06-22
6378,844,20,Home,135.12,3,Israel,2025-05-03
6379,1321,43,Books,399.44,4,Germany,2025-05-04
6380,1440,27,Beauty,345.2,1,Japan,2025-06-06
6381,234,77,Toys,396.81,2,USA,2025-02-02
6382,1424,5,Sports,103.31,3,Australia,2025-04-04
6383,1052,42,Beauty,340.34,1,Australia,2025-12-12
6384,1158,50,Clothing,299.79,3,Germany,2025-12-04
6385,67,25,Electronics,202.33,5,Japan,2025-07-07
6386,1382,7,Gaming,53.01,2,UK,2025-06-20
6387,743,20,Home,306.4,1,UK,2025-06-06
6388,1738,36,Gaming,348.48,5,USA,2025-10-11
6389,1463,19,Books,147.13,2,USA,2025-03-02
6390,1210,46,Gaming,268.58,4,Australia,2025-04-25
6391,1644,68,Home,155.63,2,Canada,2025-11-06
6392,220,44,Beauty,80.14,1,France,2025-06-08
6393,328,72,Electronics,326.65,4,USA,2025-02-09
6394,916,45,Clothing,477.42,4,Germany,2025-02-15
6395,699,25,Electronics,404.11,5,France,2025-03-11
6396,295,23,Home,307.7,2,Canada,2025-06-20
6397,307,73,Electronics,98.0,1,USA,2025-12-07
6398,1121,75,Sports,368.08,4,Australia,2025-09-28
6399,1197,53,Sports,108.52,5,UK,2025-11-12
6400,945,69,Sports,446.14,5,Germany,2025-03-07
6401,731,7,Gaming,402.05,2,Australia,2025-01-05
6402,302,64,Beauty,139.2,3,Canada,2025-06-25
6403,131,9,Clothing,340.7,1,France,2025-12-19
6404,137,39,Clothing,47.87,5,Israel,2025-09-24
6405,209,22,Home,101.33,5,UK,2025-09-10
6406,189,39,Clothing,142.87,3,Japan,2025-09-15
6407,1178,44,Beauty,39.11,4,USA,2025-05-24
6408,454,80,Beauty,424.79,4,UK,2025-08-02
6409,1103,12,Clothing,207.14,2,UK,2025-02-04
6410,1230,59,Home,483.22,4,Germany,2025-09-20
6411,1002,51,Clothing,486.89,2,Canada,2025-06-11
6412,1630,5,Sports,317.91,1,Japan,2025-06-25
6413,551,1,Sports,491.2,2,Japan,2025-07-24
6414,647,59,Home,313.13,3,Australia,2025-04-21
6415,1698,39,Clothing,461.88,2,Australia,2025-05-13
6416,1020,15,Books,389.95,2,UK,2025-09-25
6417,968,78,Clothing,438.08,2,Canada,2025-04-10
6418,1147,55,Home,22.07,4,UK,2025-09-22
6419,813,67,Gaming,461.25,2,Australia,2025-11-18
6420,1688,70,Books,62.9,2,Canada,2025-07-21
6421,217,48,Books,496.15,4,Germany,2025-02-18
6422,1958,50,Clothing,63.12,4,France,2025-04-14
6423,1664,53,Sports,105.46,1,UK,2025-09-02
6424,195,53,Sports,174.63,4,Australia,2025-10-13
6425,1276,68,Home,not-a-price,5,Japan,2025-04-06
6426,432,47,Books,168.68,4,Japan,2025-09-09
6427,1866,50,Clothing,426.87,1,Japan,2025-12-28
6428,730,40,Clothing,197.21,3,Canada,2025-06-11
6429,970,2,Sports,123.88,2,Australia,2025-03-10
6430,72,54,Gaming,392.35,5,UK,2025-06-26
6431,1652,14,Clothing,212.35,2,Australia,2025-01-19
6432,1669,79,Sports,471.9,5,France,2025-02-16
6433,228,16,Home,32.88,4,UK,2025-05-01
6434,1217,18,Beauty,32.33,2,UK,2025-03-12
6435,1318,14,Clothing,196.13,4,Israel,2025-01-21
6436,390,3,Gaming,452.65,2,France,2025-04-12
6437,1541,11,Toys,116.21,2,Canada,2025-04-18
6438,1333,4,Gaming,102.06,4,Canada,2025-09-11
6439,4,41,Clothing,167.41,1,USA,2025-03-22
6440,880,18,Beauty,490.85,3,Israel,2025-01-27
6441,1540,12,Clothing,465.3,3,UK,2025-07-09
6442,1490,73,Electronics,476.28,3,Australia,2025-12-24
6443,949,29,Toys,429.71,2,Australia,2025-06-09
6444,250,37,Gaming,291.59,5,Australia,2025-04-20
6445,8,41,Clothing,469.93,2,UK,2025-07-27
6446,566,6,Toys,156.54,4,Japan,2025-05-08
6447,1042,54,Gaming,215.61,5,Australia,2025-11-24
6448,1947,62,Toys,404.31,1,Germany,2025-02-04
6449,1916,49,Beauty,433.86,1,Germany,2025-01-20
6450,1696,26,Gaming,186.49,1,Canada,2025-10-08
6451,1781,71,Clothing,7.32,2,Israel,2025-05-12
6452,1915,42,Beauty,444.01,3,Japan,2025-12-03
6453,1114,14,Clothing,388.75,4,Canada,2025-11-08
6454,1044,14,Clothing,391.33,5,Canada,2025-01-28
6455,156,30,Sports,149.63,3,France,2025-04-04
6456,1126,16,Home,289.64,4,Germany,2025-08-28
6457,1024,17,Books,425.71,1,France,2025-07-12
6458,1877,8,Gaming,68.34,5,UK,2025-12-17
6459,966,52,Sports,97.22,5,Israel,2025-05-11
6460,1849,47,Books,400.24,5,UK,2025-10-02
6461,176,9,Clothing,300.89,5,Israel,2025-09-28
6462,1433,67,Gaming,161.86,2,Israel,2025-02-24
6463,722,58,Beauty,137.67,1,Germany,2025-08-20
6464,324,67,Gaming,397.62,5,Israel,2025-05-11
6465,73,75,Sports,253.31,5,UK,2025-01-12
6466,346,8,Gaming,236.87,1,Israel,2025-12-07
6467,245,77,Toys,455.74,5,Australia,2025-10-27
6468,680,33,Toys,208.56,2,UK,2025-03-08
6469,785,59,Home,437.74,2,Germany,2025-11-05
6470,1953,40,Clothing,194.31,1,Canada,2025-12-17
6471,178,18,Beauty,414.6,3,Canada,2025-02-23
6472,328,37,Gaming,370.77,3,Canada,2025-08-28
6473,701,1,Sports,89.24,4,UK,2025-04-07
6474,747,15,Books,257.38,1,Canada,2025-10-24
6475,1409,58,Beauty,471.66,2,Israel,2025-08-28
6476,1482,26,Gaming,38.53,4,USA,2025-03-04
6477,532,52,Sports,17.58,4,Israel,2025-07-06
6478,774,18,Beauty,187.35,2,Japan,2025-05-24
6479,698,31,Clothing,222.13,5,Japan,2025-04-08
6480,1893,50,Clothing,282.83,4,Israel,2025-06-26
6481,609,67,Gaming,306.12,3,USA,2025-05-11
6482,1282,1,Sports,18.75,1,France,2025-05-15
6483,921,52,Sports,107.69,5,UK,2025-11-19
6484,402,58,Beauty,38.43,2,Australia,2025-02-16
6485,95,70,Books,77.24,3,Canada,2025-11-01
6486,610,37,Gaming,337.81,4,Japan,2025-12-20
6487,441,73,Electronics,444.08,5,USA,2025-06-08
6488,1965,7,Gaming,351.55,1,UK,2025-09-28
6489,477,16,Home,482.09,2,UK,2025-12-10
6490,234,34,Beauty,243.42,4,Israel,2025-04-21
6491,1947,52,Sports,8.05,1,USA,2025-04-03
6492,691,27,Beauty,145.51,3,UK,2025-05-07
6493,361,80,Beauty,145.07,2,UK,2025-07-13
6494,1776,70,Books,118.07,5,Israel,2025-10-19
6495,142,24,Beauty,36.7,4,Israel,2025-08-22
6496,258,31,Clothing,293.35,4,Germany,2025-11-23
6497,1815,75,Sports,53.32,2,Israel,2025-09-15
6498,1149,72,Electronics,265.63,4,Israel,2025-06-06
6499,1574,18,Beauty,165.96,4,Israel,2025-04-15
6500,254,58,Beauty,131.81,3,USA,2025-09-27
6501,137,67,Gaming,31.47,2,Germany,2025-12-16
6502,1130,41,Clothing,232.77,1,Canada,2025-04-07
6503,726,38,Clothing,430.78,2,USA,2025-11-26
6504,1768,24,Beauty,411.6,5,Canada,2025-10-19
6505,709,67,Gaming,225.63,3,Israel,2025-01-08
6506,213,6,Toys,315.48,5,USA,2025-03-12
6507,1863,54,Gaming,162.64,3,France,2025-11-24
6508,678,3,Gaming,292.82,4,USA,2025-01-10
6509,1300,16,Home,174.1,5,Canada,2025-07-13
6510,891,52,Sports,334.29,1,Germany,2025-05-04
6511,321,58,Beauty,270.81,3,Australia,2025-03-17
6512,1791,78,Clothing,147.53,4,Canada,2025-06-06
6513,607,25,Electronics,395.06,3,France,2025-04-17
6514,1373,65,Sports,201.92,3,UK,2025-05-26
6515,687,9,Clothing,122.05,3,Canada,2025-10-11
6516,1309,21,Beauty,317.26,3,Canada,2025-07-20
6517,1905,6,Toys,87.19,2,UK,2025-03-25
6518,1502,57,Beauty,170.76,5,Israel,2025-12-08
6519,157,14,Clothing,406.57,3,UK,2025-05-05
6520,1452,45,Clothing,427.03,4,Israel,2025-11-18
6521,1130,61,Sports,416.0,3,USA,2025-04-14
6522,1792,78,Clothing,384.68,1,UK,2025-12-17
6523,474,51,Clothing,153.42,3,Australia,2025-01-04
6524,759,73,Electronics,487.77,3,USA,2025-07-10
6525,1543,24,Beauty,78.83,5,Israel,2025-01-01
6526,1308,63,Books,488.81,4,Japan,2025-07-01
6527,1544,73,Electronics,254.81,2,USA,2025-02-10
6528,1648,67,Gaming,292.88,1,Germany,2025-11-14
6529,956,79,Sports,220.26,2,USA,2025-04-08
6530,296,49,Beauty,72.85,5,Japan,2025-12-09
6531,1464,45,Clothing,170.37,5,Japan,2025-12-23
6532,166,30,Sports,6.12,1,Australia,2025-01-20
6533,1533,20,Home,47.11,4,UK,2025-10-06
6534,800,24,Beauty,137.31,3,France,2025-12-14
6535,1377,5,Sports,206.95,3,France,2025-09-18
6536,1598,75,Sports,393.08,2,Germany,2025-02-16
6537,1470,33,Toys,391.15,4,Israel,2025-09-01
6538,1008,47,Books,86.46,2,Israel,2025-10-20
6539,1288,32,Gaming,104.21,4,Israel,2025-08-22
6540,1132,80,Beauty,335.41,4,USA,2025-06-03
6541,1496,12,Clothing,269.32,5,Australia,2025-02-10
6542,726,43,Books,414.64,5,UK,2025-11-05
6543,1238,73,Electronics,432.03,2,UK,2025-04-23
6544,1144,1,Sports,72.49,2,Germany,2025-08-12
6545,916,19,Books,435.43,5,Germany,2025-04-18
6546,290,60,Gaming,378.39,3,UK,2025-06-01
6547,1543,51,Clothing,154.63,2,Japan,2025-10-24
6548,716,59,Home,119.39,1,Japan,2025-03-02
6549,575,48,Books,240.88,2,USA,2025-10-05
6550,806,59,Home,381.45,1,Israel,2025-12-04
6551,1702,14,Clothing,22.17,4,Germany,2025-02-15
6552,1154,52,Sports,388.7,2,Canada,2025-05-22
6553,294,37,Gaming,103.79,4,Israel,2025-12-10
6554,536,60,Gaming,202.44,5,Germany,2025-01-17
6555,1012,16,Home,346.86,5,Japan,2025-07-14
6556,1639,28,Clothing,299.72,4,Australia,2025-07-16
6557,921,64,Beauty,228.35,3,Israel,2025-06-12
6558,557,29,Toys,418.78,5,Japan,2025-01-23
6559,528,29,Toys,53.41,5,Australia,2025-09-07
6560,188,62,Toys,49.13,2,Japan,2025-10-03
6561,1018,72,Electronics,253.12,4,Japan,2025-11-01
6562,1469,4,Gaming,56.4,2,Australia,2025-03-20
6563,1998,15,Books,286.18,3,Israel,2025-05-25
6564,1906,47,Books,252.81,4,USA,2025-12-19
6565,237,78,Clothing,346.05,4,Germany,2025-11-23
6566,179,69,Sports,498.05,3,Israel,2025-05-28
6567,273,46,Gaming,287.63,4,Australia,2025-05-03
6568,75,77,Toys,332.53,4,Canada,2025-05-24
6569,1879,12,Clothing,367.76,1,France,2025-05-20
6570,316,58,Beauty,162.38,2,USA,2025-09-28
6571,434,57,Beauty,125.06,4,Germany,2025-11-25
6572,398,32,Gaming,323.76,2,UK,2025-01-21
6573,1408,57,Beauty,73.92,1,Germany,2025-05-27
6574,1893,72,Electronics,213.41,5,Germany,2025-05-21
6575,1945,74,Clothing,324.0,1,UK,2025-10-22
6576,480,60,Gaming,253.51,1,Germany,2025-04-08
6577,888,994,Electronics,417.35,1,Japan,2025-02-25
6578,507,47,Books,367.69,1,Israel,2025-12-08
6579,1295,65,Sports,17.77,2,Japan,2025-10-12
6580,1540,13,Sports,494.07,5,Germany,2025-06-18
6581,1446,9,Clothing,482.36,4,Israel,2025-07-28
6582,1155,12,Clothing,6.55,4,Japan,2025-09-10
6583,976,70,Books,116.57,5,Canada,2025-11-18
6584,999,14,Clothing,439.04,1,Israel,2025-05-21
6585,1436,35,Sports,151.69,1,USA,2025-01-22
6586,162,16,Home,349.06,5,Australia,2025-05-14
6587,341,55,Home,11.23,5,Australia,2025-06-23
6588,326,18,Beauty,147.71,1,France,2025-07-21
6589,1078,47,Books,258.52,5,UK,2025-06-14
6590,490,3,Gaming,247.56,5,USA,2025-10-20
6591,248,38,Clothing,413.73,1,France,2025-04-11
6592,87,56,Gaming,370.85,2,Australia,2025-06-11
6593,393,48,Books,140.88,2,Canada,2025-01-05
6594,1827,11,Toys,408.13,1,Canada,2025-08-03
6595,1530,69,Sports,493.15,2,Australia,2025-03-17
6596,297,17,Books,52.9,1,UK,2025-08-18
6597,293,57,Beauty,270.36,5,Israel,2025-03-02
6598,753,68,Home,347.29,1,USA,2025-03-21
6599,713,72,Electronics,55.85,3,Canada,2025-09-16
6600,1155,32,Gaming,21.45,2,Israel,2025-02-25
6601,1587,80,Beauty,2.4,3,USA,2025-07-03
6602,628,73,Electronics,248.94,1,France,2025-05-04
6603,539,71,Clothing,309.62,4,Germany,2025-09-14
6604,1259,10,Beauty,254.24,5,France,2025-02-20
6605,1175,12,Clothing,291.18,5,France,2025-11-14
6606,1331,74,Clothing,65.07,3,Japan,2025-10-27
6607,1632,11,Toys,1.07,1,France,2025-10-16
6608,1692,56,Gaming,470.27,1,Israel,2025-10-08
6609,1455,8,Gaming,20.39,2,Germany,2025-01-28
6610,895,37,Gaming,386.56,1,USA,2025-07-05
6611,1411,61,Sports,362.27,5,Israel,2025-09-28
6612,302,65,Sports,252.19,3,Canada,2025-08-06
6613,786,79,Sports,269.36,2,Australia,2025-05-28
6614,182,47,Books,414.85,2,France,2025-01-08
6615,1561,76,Clothing,250.27,2,UK,2025-11-21
6616,1842,19,Books,159.46,5,France,2025-10-03
6617,482,80,Beauty,67.67,5,Israel,2025-12-12
6618,1917,42,Beauty,205.09,3,France,2025-02-07
6619,1936,37,Gaming,374.3,4,Australia,2025-02-27
6620,1218,41,Clothing,391.4,5,Israel,2025-09-10
6621,1145,74,Clothing,250.91,2,Germany,2025-08-18
6622,387,30,Sports,321.38,4,Canada,2025-12-16
6623,433,10,Beauty,365.37,1,Canada,2025-03-03
6624,1845,51,Clothing,464.23,2,Israel,2025-07-19
6625,975,78,Clothing,172.57,1,USA,2025-12-28
6626,1989,18,Beauty,48.7,1,Canada,2025-11-10
6627,1902,14,Clothing,379.91,1,Canada,2025-07-06
6628,1545,3,Gaming,119.08,4,Canada,2025-07-01
6629,1138,17,Books,2.58,1,Israel,2025-10-17
6630,1316,17,Books,394.23,1,Australia,2025-09-12
6631,1188,21,Beauty,162.28,3,Canada,2025-08-07
6632,102,11,Toys,255.59,4,Israel,2025-09-01
6633,764,41,Clothing,370.29,1,Canada,2025-12-21
6634,800,8,Gaming,322.47,4,Japan,2025-09-03
6635,538,70,Books,366.07,3,France,2025-06-03
6636,305,66,Clothing,93.7,5,Israel,2025-05-21
6637,1216,44,Beauty,29.4,1,Germany,2025-05-08
6638,1168,19,Books,371.54,5,USA,2025-10-08
6639,1439,58,Beauty,58.26,1,USA,2025-07-24
6640,582,62,Toys,469.86,3,Australia,2025-10-22
6641,620,54,Gaming,97.85,2,Australia,2025-04-15
6642,1879,21,Beauty,185.97,3,France,2025-03-19
6643,927,76,Clothing,103.59,4,Israel,2025-05-27
6644,301,41,Clothing,278.64,3,UK,2025-01-25
6645,1752,18,Beauty,316.37,2,Germany,2025-01-13
6646,1296,15,Books,363.96,1,Germany,2025-10-28
6647,398,24,Beauty,178.74,4,Japan,2025-09-20
6648,1637,14,Clothing,403.31,5,UK,2025-01-21
6649,837,29,Toys,11.75,1,Japan,2025-09-10
6650,161,5,Sports,43.97,5,Australia,2025-02-05
6651,219,61,Sports,331.33,2,Germany,2025-08-25
6652,1627,58,Beauty,252.8,5,Japan,2025-01-22
6653,1391,40,Clothing,234.49,1,Australia,2025-12-19
6654,1580,14,Clothing,185.37,3,UK,2025-03-02
6655,1134,45,Clothing,447.88,1,Germany,2025-11-02
6656,1604,61,Sports,9.92,4,UK,2025-11-23
6657,219,36,Gaming,250.0,2,Canada,2025-02-12
6658,1865,34,Beauty,187.32,1,UK,2025-10-23
6659,794,58,Beauty,94.83,2,Israel,2025-12-26
6660,1853,8,Gaming,110.27,4,USA,2025-01-17
6661,1464,21,Beauty,182.48,1,Canada,2025-04-12
6662,1101,12,Clothing,164.09,1,Canada,2025-04-01
6663,859,72,Electronics,19.58,1,Japan,2025-12-16
6664,18,30,Sports,150.08,4,Israel,2025-03-17
6665,34,50,Clothing,263.11,1,Germany,2025-09-28
6666,1190,39,Clothing,38.34,1,Japan,2025-06-09
6667,1960,47,Books,135.52,4,Japan,2025-04-27
6668,68,69,Sports,446.39,3,Canada,2025-06-01
6669,1258,49,Beauty,170.8,5,UK,2025-11-27
6670,492,66,Clothing,465.93,2,Canada,2025-03-02
6671,1730,71,Clothing,19.5,1,Canada,2025-06-18
6672,1153,35,Sports,347.75,2,Israel,2025-05-23
6673,382,76,Clothing,473.22,1,Australia,2025-06-19
6674,288,78,Clothing,84.01,3,France,2025-10-27
6675,1634,60,Gaming,395.65,5,USA,2025-03-16
6676,880,67,Gaming,52.02,5,UK,2025-11-28
6677,711,64,Beauty,160.84,3,USA,2025-05-22
6678,976,60,Gaming,77.05,4,Japan,2025-07-06
6679,1727,26,Gaming,220.4,3,Germany,2025-08-05
6680,801,64,Beauty,225.22,4,UK,2025-05-06
6681,1094,58,Beauty,157.34,5,USA,2025-01-17
6682,833,65,Sports,222.77,3,Japan,2025-07-17
6683,1653,47,Books,287.33,4,Canada,2025-06-26
6684,1040,38,Clothing,42.74,4,Germany,2025-07-26
6685,565,42,Beauty,110.48,5,France,2025-08-24
6686,1251,4,Gaming,212.63,1,Australia,2025-10-05
6687,1358,61,Sports,357.91,4,Japan,2025-12-04
6688,1395,38,Clothing,430.81,4,Germany,2025-12-18
6689,668,2,Sports,47.5,3,France,2025-07-12
6690,1680,28,Clothing,350.91,5,Australia,2025-06-22
6691,1389,55,Home,20.44,1,Israel,2025-06-01
6692,1319,80,Beauty,320.26,2,UK,2025-12-16
6693,153,38,Clothing,297.21,2,Japan,2025-05-03
6694,1613,52,Sports,75.81,3,USA,2025-03-19
6695,1677,1,Sports,451.44,4,Canada,2025-05-25
6696,1398,40,Clothing,495.91,5,Germany,2025-07-20
6697,1333,27,Beauty,301.38,5,UK,2025-05-15
6698,1863,24,Beauty,157.66,1,Germany,2025-10-12
6699,438,66,Clothing,410.24,2,Israel,2025-07-06
6700,1636,67,Gaming,336.38,4,Canada,2025-05-17
6701,1109,41,Clothing,119.73,3,France,2025-05-27
6702,214,6,Toys,461.32,3,Japan,2025-04-10
6703,120,35,Sports,108.92,2,Israel,2025-10-07
6704,828,8,Gaming,165.18,3,Israel,2025-09-20
6705,135,11,Toys,90.44,5,Israel,2025-10-27
6706,1085,80,Beauty,212.65,3,USA,2025-02-08
6707,1709,79,Sports,207.97,5,UK,2025-09-16
6708,1559,17,Books,286.22,3,Japan,2025-08-03
6709,576,27,Beauty,190.45,1,Germany,2025-04-27
6710,1127,38,Clothing,383.86,2,Israel,2025-12-13
6711,1723,50,Clothing,411.52,3,France,2025-12-28
6712,1366,25,Electronics,389.07,2,Japan,2025-01-23
6713,1828,24,Beauty,187.75,5,Australia,2025-05-09
6714,91,62,Toys,67.14,5,Israel,2025-08-27
6715,1967,27,Beauty,101.82,3,Australia,2025-02-10
6716,1298,78,Clothing,479.47,5,France,2025-07-18
6717,1166,65,Sports,181.59,5,Japan,2025-06-14
6718,1753,30,Sports,479.03,4,UK,2025-05-02
6719,51,44,Beauty,123.57,1,Canada,2025-02-28
6720,1794,78,Clothing,292.62,4,Israel,2025-12-13
6721,739,57,Beauty,82.24,2,Israel,2025-04-25
6722,906,62,Toys,193.34,5,France,2025-02-02
6723,280,39,Clothing,205.91,1,USA,2025-01-10
6724,1461,27,Beauty,256.03,2,Japan,2025-02-10
6725,18,67,Gaming,480.65,5,Australia,2025-10-23
6726,259,40,Clothing,103.52,2,Australia,2025-06-24
6727,379,80,Beauty,53.35,5,Israel,2025-04-12
6728,819,9,Clothing,32.49,3,France,2025-09-23
6729,231,4,Gaming,232.77,1,France,2025-12-19
6730,306,25,Electronics,239.74,4,Japan,2025-11-04
6731,660,79,Sports,434.36,5,France,2025-04-07
6732,1600,76,Clothing,432.21,4,Japan,2025-10-05
6733,291,38,Clothing,367.4,3,Australia,2025-05-07
6734,1807,47,Books,135.75,3,Japan,2025-09-16
6735,834,29,Toys,-8.04,5,UK,2025-04-06
6736,463,72,Electronics,49.41,1,USA,2025-01-26
6737,1246,4,Gaming,252.21,1,France,2025-12-05
6738,1086,44,Beauty,120.76,4,USA,2025-07-23
6739,1950,32,Gaming,493.17,4,Australia,2025-11-07
6740,1319,4,Gaming,398.56,2,Japan,2025-10-20
6741,947,19,Books,195.16,4,Israel,2025-02-05
6742,265,53,Sports,391.39,2,Japan,2025-02-05
6743,535,35,Sports,478.27,5,Canada,2025-11-08
6744,1310,35,Sports,5.88,4,UK,2025-12-28
6745,1963,16,Home,172.18,1,Canada,2025-01-13
6746,1064,16,Home,4.84,5,USA,2025-03-05
6747,1537,73,Electronics,313.97,5,Israel,2025-04-13
6748,731,65,Sports,183.14,3,Japan,2025-09-23
6749,1828,72,Electronics,191.82,4,Canada,2025-01-12
6750,323,29,Toys,32.68,3,Germany,2025-08-20
6751,1027,10,Beauty,185.87,4,UK,2025-11-28
6752,1749,51,Clothing,411.43,2,France,2025-03-13
6753,987,79,Sports,119.05,5,Germany,2025-06-10
6754,258,23,Home,240.33,4,Japan,2025-12-15
6755,883,58,Beauty,381.83,3,UK,2025-10-14
6756,1574,40,Clothing,262.44,4,Australia,2025-09-01
6757,801,38,Clothing,469.06,1,Australia,2025-08-27
6758,735,32,Gaming,332.26,2,France,2025-09-27
6759,1323,5,Sports,306.57,3,USA,2025-05-06
6760,1769,41,Clothing,293.96,2,Japan,2025-05-18
6761,1545,21,Beauty,282.3,5,Germany,2025-07-09
6762,1080,40,Clothing,107.52,4,Israel,2025-06-06
6763,1285,17,Books,331.35,2,Israel,2025-06-21
6764,1438,73,Electronics,437.69,5,Japan,2025-08-25
6765,1829,1,Sports,398.85,4,Germany,2025-12-12
6766,1371,39,Clothing,60.46,3,Israel,2025-07-21
6767,1041,16,Home,311.15,2,Japan,2025-09-09
6768,115,21,Beauty,310.12,2,Canada,2025-01-25
6769,1918,72,Electronics,371.73,5,Israel,2025-10-25
6770,505,30,Sports,463.15,2,Japan,2025-12-06
6771,715,26,Gaming,93.32,3,Israel,2025-04-15
6772,970,5,Sports,78.84,2,Australia,2025-12-17
6773,1738,47,Books,484.21,1,UK,2025-05-02
6774,1142,57,Beauty,469.45,4,Germany,2025-01-05
6775,1879,6,Toys,10.95,2,France,2025-08-23
6776,1080,41,Clothing,472.06,5,Japan,2025-08-02
6777,1461,58,Beauty,39.58,3,France,2025-10-21
6778,1845,15,Books,303.06,5,Germany,2025-12-21
6779,1319,66,Clothing,148.06,4,Germany,2025-01-12
6780,705,60,Gaming,241.17,3,Canada,2025-04-07
6781,1611,20,Home,110.68,3,Japan,2025-08-26
6782,1405,32,Gaming,152.8,5,Germany,2025-12-09
6783,81,54,Gaming,93.92,5,USA,2025-05-10
6784,542,4,Gaming,350.69,2,France,2025-10-14
6785,537,1,Sports,417.75,1,Australia,2025-08-04
6786,1144,54,Gaming,433.11,2,Germany,2025-11-13
6787,1996,4,Gaming,481.23,5,Israel,2025-09-26
6788,905,63,Books,470.25,3,Canada,2025-02-10
6789,1217,35,Sports,296.77,3,France,2025-01-24
6790,561,52,Sports,156.27,2,Canada,2025-09-24
6791,432,58,Beauty,334.9,3,Canada,2025-01-06
6792,925,23,Home,306.94,1,USA,2025-07-17
6793,1845,18,Beauty,472.15,1,Israel,2025-05-03
6794,659,41,Clothing,231.46,1,Germany,2025-02-04
6795,1883,14,Clothing,84.09,2,Australia,2025-01-19
6796,1176,14,Clothing,136.73,5,Japan,2025-11-01
6797,1401,50,Clothing,467.22,1,Canada,2025-09-26
6798,446,29,Toys,146.03,3,France,2025-11-15
6799,1112,17,Books,129.08,2,UK,2025-02-12
6800,1851,50,Clothing,431.72,5,Israel,2025-05-04
6801,706,17,Books,464.08,4,France,2025-12-13
6802,1699,50,Clothing,57.18,1,USA,2025-02-18
6803,1544,76,Clothing,462.02,4,UK,2025-04-02
6804,470,26,Gaming,295.45,4,Israel,2025-01-21
6805,43,37,Gaming,353.88,5,France,2025-05-27
6806,644,52,Sports,497.07,5,Japan,2025-05-18
6807,1035,53,Sports,134.19,5,Germany,2025-07-03
6808,254,39,Clothing,486.68,2,France,2025-12-15
6809,1052,65,Sports,482.23,5,France,2025-03-06
6810,535,57,Beauty,28.8,3,Canada,2025-02-05
6811,212,43,Books,272.74,3,Japan,2025-01-17
6812,1000,4,Gaming,191.86,5,Japan,2025-11-22
6813,371,17,Books,289.63,2,USA,2025-12-28
6814,194,18,Beauty,339.29,2,Germany,2025-01-12
6815,1514,5,Sports,438.86,2,Australia,2025-05-22
6816,76,5,Sports,270.76,2,Israel,2025-03-19
6817,1997,41,Clothing,97.48,4,UK,2025-03-10
6818,1837,55,Home,492.28,5,Japan,2025-08-08
6819,308,38,Clothing,276.63,5,Germany,2025-02-12
6820,1589,43,Books,128.66,4,Canada,2025-04-26
6821,683,26,Gaming,271.42,3,USA,2025-11-21
6822,277,62,Toys,186.63,5,USA,2025-02-17
6823,1610,11,Toys,280.31,5,Germany,2025-08-08
6824,1821,14,Clothing,461.28,2,Japan,2025-05-19
6825,1919,44,Beauty,327.8,5,Canada,2025-02-05
6826,1156,53,Sports,141.55,4,Japan,2025-04-28
6827,808,27,Beauty,480.94,1,Australia,2025-05-03
6828,1651,48,Books,75.23,5,Germany,2025-09-12
6829,1965,36,Gaming,289.61,3,Israel,2025-07-20
6830,396,66,Clothing,434.23,2,Israel,2025-06-02
6831,1259,37,Gaming,467.14,1,Australia,2025-06-05
6832,167,48,Books,111.14,1,France,2025-09-26
6833,1132,15,Books,242.87,3,Germany,2025-03-26
6834,1451,25,Electronics,354.49,3,UK,2025-10-24
6835,867,38,Clothing,426.9,3,Germany,2025-03-15
6836,697,37,Gaming,493.3,3,UK,2025-02-09
6837,773,5,Sports,54.06,2,UK,2025-09-24
6838,117,38,Clothing,107.44,4,USA,2025-11-13
6839,465,80,Beauty,307.01,3,France,2025-09-22
6840,1727,62,Toys,82.13,3,Germany,2025-11-10
6841,464,70,Books,124.07,5,Germany,2025-01-14
6842,1471,14,Clothing,480.12,4,Israel,2025-07-19
6843,1449,67,Gaming,220.03,1,Australia,2025-07-17
6844,1214,56,Gaming,499.79,1,Canada,2025-01-13
6845,140,32,Gaming,364.67,1,Japan,2025-04-18
6846,496,34,Beauty,371.23,2,Australia,2025-01-11
6847,95,39,Clothing,424.51,2,Japan,2025-04-25
6848,526,24,Beauty,362.64,5,Germany,2025-05-22
6849,1829,22,Home,266.23,1,USA,2025-02-12
6850,1872,44,Beauty,374.3,1,Canada,2025-11-12
6851,411,31,Clothing,29.07,5,UK,2025-06-19
6852,552,27,Beauty,89.91,4,UK,2025-01-06
6853,1837,10,Beauty,15.29,3,Germany,2025-10-22
6854,1915,15,Books,467.24,1,France,2025-04-16
6855,262,24,Beauty,25.33,2,Germany,2025-06-23
6856,489,61,Sports,300.15,4,Germany,2025-06-20
6857,1461,36,Gaming,101.11,1,Canada,2025-01-28
6858,460,10,Beauty,159.18,4,Canada,2025-07-16
6859,411,7,Gaming,394.43,4,UK,2025-01-26
6860,1646,47,Books,293.87,5,Canada,2025-11-22
6861,1619,72,Electronics,209.19,1,Israel,2025-06-22
6862,1779,22,Home,317.67,4,UK,2025-10-27
6863,633,14,Clothing,241.72,3,France,2025-04-25
6864,7,63,Books,425.37,1,Israel,2025-08-11
6865,1019,67,Gaming,451.46,3,Japan,2025-11-18
6866,1457,35,Sports,280.34,2,Germany,2025-07-19
6867,1006,71,Clothing,322.99,4,France,2025-04-02
6868,581,51,Clothing,255.77,3,USA,2025-03-04
6869,599,14,Clothing,145.71,2,Israel,2025-06-25
6870,1592,46,Gaming,207.49,1,Israel,2025-10-04
6871,1611,70,Books,368.75,4,Canada,2025-06-03
6872,397,62,Toys,177.87,4,Germany,2025-10-05
6873,1633,57,Beauty,372.3,2,Canada,2025-04-14
6874,1406,45,Clothing,70.15,1,Australia,2025-04-02
6875,132,59,Home,250.75,2,Israel,2025-04-26
6876,789,73,Electronics,327.66,1,USA,2025-07-10
6877,1766,80,Beauty,496.44,2,Canada,2025-05-28
6878,665,33,Toys,57.91,4,Australia,2025-02-28
6879,1038,29,Toys,372.87,5,USA,2025-01-21
6880,324,74,Clothing,439.47,3,Australia,2025-10-05
6881,531,25,Electronics,120.69,1,Japan,2025-10-23
6882,1489,19,Books,137.01,3,USA,2025-07-13
6883,993,64,Beauty,113.54,1,France,2025-01-17
6884,772,49,Beauty,436.62,3,USA,2025-10-24
6885,1048,68,Home,177.31,5,UK,2025-01-03
6886,979,23,Home,429.09,4,Israel,2025-05-12
6887,1077,48,Books,224.85,1,Australia,2025-10-06
6888,401,21,Beauty,445.04,3,Japan,2025-07-25
6889,57,57,Beauty,463.01,2,Israel,2025-12-22
6890,1178,59,Home,52.38,4,France,2025-07-13
6891,1606,67,Gaming,355.89,3,France,2025-11-18
6892,9,10,Beauty,73.57,5,Germany,2025-05-15
6893,601,29,Toys,390.35,2,Germany,2025-09-24
6894,1109,24,Beauty,30.25,2,UK,2025-12-12
6895,322,42,Beauty,206.94,5,USA,2025-12-10
6896,811,78,Clothing,222.05,2,Japan,2025-07-23
6897,1855,77,Toys,130.7,1,France,2025-03-19
6898,1045,47,Books,397.65,1,UK,2025-02-14
6899,1431,64,Beauty,359.72,5,Australia,2025-12-07
6900,233,55,Home,389.03,4,Japan,2025-04-18
6901,851,65,Sports,94.01,5,USA,2025-07-06
6902,1790,13,Sports,109.04,1,Australia,2025-11-17
6903,1160,56,Gaming,481.05,1,Germany,2025-05-26
6904,584,22,Home,374.36,3,France,2025-09-19
6905,1968,25,Electronics,345.97,3,Canada,2025-08-19
6906,1955,71,Clothing,393.6,2,France,2025-12-14
6907,1462,51,Clothing,376.48,2,Australia,2025-11-06
6908,1644,7,Gaming,24.02,3,Germany,2025-04-07
6909,1713,51,Clothing,119.31,1,Germany,2025-11-07
6910,1436,30,Sports,268.54,5,Israel,2025-08-02
6911,889,71,Clothing,325.11,5,USA,2025-09-12
6912,830,78,Clothing,131.95,1,Australia,2025-02-11
6913,1205,66,Clothing,14.74,3,France,2025-06-13
6914,1105,28,Clothing,423.61,2,France,2025-01-11
6915,614,73,Electronics,196.89,2,Japan,2025-06-02
6916,1512,58,Beauty,380.95,1,USA,2025-10-17
6917,765,72,Electronics,340.14,5,Japan,2025-09-01
6918,605,37,Gaming,325.37,2,Israel,2025-10-18
6919,1271,52,Sports,64.95,2,Canada,2025-05-26
6920,277,38,Clothing,202.59,1,Germany,2025-04-04
6921,10,12,Clothing,239.0,2,Japan,2025-11-17
6922,189,38,Clothing,424.08,5,Canada,2025-06-20
6923,1192,62,Toys,392.34,5,Germany,2025-08-09
6924,1028,34,Beauty,236.1,5,UK,2025-06-27
6925,1441,52,Sports,378.65,5,Canada,2025-09-11
6926,977,25,Electronics,491.82,2,Australia,2025-03-26
6927,38,10,Beauty,370.43,1,Japan,2025-08-22
6928,51,30,Sports,119.71,5,Canada,2025-05-27
6929,1880,29,Toys,498.36,4,UK,2025-04-11
6930,344,14,Clothing,209.8,5,USA,2025-03-15
6931,1520,80,Beauty,110.75,2,Israel,2025-06-18
6932,181,31,Clothing,138.95,3,Canada,2025-08-03
6933,1208,45,Clothing,479.29,4,Japan,2025-09-15
6934,1621,34,Beauty,273.89,4,Israel,2025-06-27
6935,1048,22,Home,196.63,3,France,2025-07-04
6936,678,567,Sports,44.44,5,USA,2025-08-03
6937,1782,59,Home,272.16,2,Canada,2025-07-12
6938,1927,14,Clothing,228.43,3,Canada,2025-11-16
6939,1241,48,Books,172.26,1,Canada,2025-08-23
6940,1083,51,Clothing,343.4,3,UK,2025-03-08
6941,1042,77,Toys,265.05,4,Japan,2025-01-26
6942,467,8,Gaming,416.52,5,UK,2025-09-05
6943,673,14,Clothing,418.71,5,USA,2025-01-18
6944,82,61,Sports,269.41,4,Japan,2025-04-03
6945,907,29,Toys,20.68,3,Japan,2025-08-05
6946,663,30,Sports,67.94,4,Germany,2025-02-07
6947,267,26,Gaming,149.05,1,UK,2025-08-17
6948,1481,68,Home,323.75,5,Australia,2025-10-11
6949,467,42,Beauty,220.97,4,Australia,2025-02-23
6950,734,73,Electronics,245.02,1,France,2025-12-18
6951,1166,77,Toys,422.43,5,Israel,2025-04-04
6952,1847,6,Toys,355.82,2,Australia,2025-07-05
6953,1396,72,Electronics,94.44,4,Australia,2025-11-15
6954,860,23,Home,129.64,1,Canada,2025-08-28
6955,651,50,Clothing,15.15,2,USA,2025-02-22
6956,415,63,Books,54.75,2,USA,2025-02-08
6957,1575,58,Beauty,11.73,2,USA,2025-09-11
6958,1199,39,Clothing,210.6,5,Japan,2025-02-26
6959,558,38,Clothing,275.39,5,USA,2025-08-10
6960,1819,31,Clothing,433.89,3,USA,2025-05-13
6961,1914,7,Gaming,409.17,1,Canada,2025-04-26
6962,1505,56,Gaming,173.72,5,Australia,2025-01-16
6963,251,24,Beauty,54.42,4,Canada,2025-07-26
6964,98,25,Electronics,423.33,3,UK,2025-07-11
6965,56,55,Home,91.27,3,Germany,2025-05-22
6966,1044,78,Clothing,383.03,3,France,2025-09-17
6967,1298,11,Toys,115.58,4,USA,2025-03-22
6968,1747,16,Home,307.14,2,Germany,2025-01-07
6969,1221,36,Gaming,179.82,2,Canada,2025-08-15
6970,1908,63,Books,193.81,2,Germany,2025-01-28
6971,1803,49,Beauty,194.62,1,Australia,2025-11-25
6972,215,58,Beauty,398.3,5,Australia,2025-02-04
6973,1742,27,Beauty,317.94,3,Israel,2025-08-17
6974,104,63,Books,334.01,2,Canada,2025-01-07
6975,1242,15,Books,355.69,3,Japan,2025-04-24
6976,1458,15,Books,373.63,5,Japan,2025-12-24
6977,1021,74,Clothing,64.06,1,France,2025-03-13
6978,1632,10,Beauty,350.15,5,France,2025-07-23
6979,1804,14,Clothing,179.6,2,Canada,2025-12-25
6980,1281,24,Beauty,215.72,1,Australia,2025-02-17
6981,1362,65,Sports,404.38,4,USA,2025-08-21
6982,1879,56,Gaming,8.3,4,Israel,2025-03-02
6983,1783,22,Home,482.65,4,Israel,2025-08-05
6984,1469,2,Sports,185.4,3,Canada,2025-09-09
6985,683,19,Books,347.98,2,USA,2025-02-11
6986,1490,7,Gaming,200.4,4,Canada,2025-04-15
6987,781,34,Beauty,300.51,5,Canada,2025-01-17
6988,102,58,Beauty,164.65,2,Israel,2025-09-17
6989,1293,36,Gaming,149.22,4,UK,2025-08-25
6990,1968,71,Clothing,240.44,5,France,2025-03-05
6991,41,80,Beauty,175.27,3,UK,2025-08-16
6992,104,16,Home,82.73,4,USA,2025-07-21
6993,1143,10,Beauty,438.73,2,Germany,2025-01-23
6994,968,23,Home,450.03,4,Germany,2025-08-20
6995,1360,31,Clothing,496.96,1,UK,2025-07-11
6996,473,69,Sports,472.1,3,Australia,2025-06-01
6997,309,46,Gaming,286.59,5,Israel,2025-11-11
6998,1533,42,Beauty,-6.17,5,USA,2025-02-12
6999,1509,49,Beauty,55.27,2,Australia,2025-07-19
7000,386,73,Electronics,349.74,4,France,2025-01-21
7001,128,43,Books,101.02,5,France,2025-11-24
7002,1116,60,Gaming,368.37,1,UK,2025-06-25
7003,1562,37,Gaming,404.91,1,Germany,2025-06-15
7004,1248,80,Beauty,73.79,4,Japan,2025-02-02
7005,1555,5,Sports,366.85,3,Australia,2025-10-20
7006,1363,12,Clothing,247.28,5,Israel,2025-12-08
7007,171,64,Beauty,199.74,4,Canada,2025-06-17
7008,167,3,Gaming,45.83,1,Israel,2025-10-16
7009,652,77,Toys,199.5,3,Germany,2025-07-27
7010,830,60,Gaming,485.22,3,USA,2025-06-24
7011,135,61,Sports,149.82,3,Israel,2025-04-22
7012,572,63,Books,335.86,3,USA,2025-11-02
7013,1579,37,Gaming,142.97,2,UK,2025-12-23
7014,1339,40,Clothing,24.67,0,Australia,2025-02-20
7015,1482,33,Toys,28.24,2,France,2025-02-23
7016,1740,73,Electronics,141.4,2,Australia,2025-03-11
7017,1735,3,Gaming,302.07,4,Germany,2025-12-28
7018,1425,13,Sports,359.13,2,France,2025-10-26
7019,934,27,Beauty,442.05,5,USA,2025-07-02
7020,13,39,Clothing,213.23,1,Germany,2025-10-15
7021,1100,73,Electronics,83.32,2,Israel,2025-04-15
7022,329,21,Beauty,103.26,4,UK,2025-04-02
7023,1241,13,Sports,37.31,0,Australia,2025-06-02
7024,1955,15,Books,34.55,5,Japan,2025-05-03
7025,138,9,Clothing,57.45,5,France,2025-07-19
7026,1466,10,Beauty,349.8,1,Canada,2025-07-01
7027,1065,7,Gaming,275.28,3,France,2025-07-18
7028,1162,57,Beauty,226.34,2,USA,2025-08-14
7029,85,30,Sports,204.47,2,Israel,2025-11-08
7030,1841,65,Sports,330.96,2,USA,2025-12-26
7031,913,29,Toys,489.18,2,Germany,2025-02-13
7032,460,79,Sports,288.65,4,Canada,2025-10-12
7033,1781,71,Clothing,30.99,3,Canada,2025-01-23
7034,578,71,Clothing,281.71,2,UK,2025-06-28
7035,650,20,Home,221.74,2,Israel,2025-12-09
7036,1501,11,Toys,317.81,1,France,2025-08-05
7037,793,23,Home,473.02,5,Japan,2025-03-12
7038,306,59,Home,69.19,5,UK,2025-11-14
7039,959,28,Clothing,356.99,4,France,2025-10-12
7040,1952,69,Sports,400.06,3,Australia,2025-01-11
7041,1479,77,Toys,386.29,2,Israel,2025-01-19
7042,599,73,Electronics,10.44,4,France,2025-11-22
7043,1978,18,Beauty,457.79,4,Japan,2025-08-05
7044,1071,76,Clothing,222.62,2,Germany,2025-10-18
7045,307,19,Books,199.99,3,Japan,2025-12-19
7046,1399,39,Clothing,364.57,2,Germany,2025-03-16
7047,1499,26,Gaming,478.59,3,Canada,2025-06-11
7048,431,74,Clothing,381.07,5,Germany,2025-05-13
7049,132,57,Beauty,493.83,1,Australia,2025-06-06
7050,846,34,Beauty,9.24,5,France,2025-04-08
7051,1825,37,Gaming,37.44,2,Australia,2025-09-17
7052,1774,36,Gaming,418.06,5,Germany,2025-12-07
7053,1060,61,Sports,70.2,5,Japan,2025-10-05
7054,1495,36,Gaming,450.39,4,UK,2025-05-02
7055,1200,11,Toys,323.26,5,Canada,2025-11-05
7056,1303,6,Toys,318.65,5,Japan,2025-07-24
7057,1853,38,Clothing,72.32,3,USA,2025-12-22
7058,1615,16,Home,264.87,1,France,2025-10-07
7059,1084,49,Beauty,481.76,2,USA,2025-10-10
7060,666,27,Beauty,440.0,2,Germany,2025-11-08
7061,1983,20,Home,363.62,2,Germany,2025-11-07
7062,631,68,Home,180.08,5,USA,2025-04-07
7063,1402,52,Sports,414.16,4,Germany,2025-05-08
7064,1286,50,Clothing,87.32,1,Germany,2025-03-08
7065,1479,17,Books,96.0,3,USA,2025-08-10
7066,960,22,Home,12.1,1,Israel,2025-07-10
7067,83,76,Clothing,488.22,2,USA,2025-04-24
7068,880,25,Electronics,197.52,4,UK,2025-06-06
7069,759,2,Sports,327.77,3,Israel,2025-05-17
7070,591,55,Home,326.68,2,Australia,2025-11-05
7071,1313,26,Gaming,50.45,5,USA,2025-01-15
7072,235,38,Clothing,398.74,3,Australia,2025-02-11
7073,1522,70,Books,110.34,4,UK,2025-12-09
7074,1768,50,Clothing,201.01,1,USA,2025-10-11
7075,1489,25,Electronics,424.26,1,Israel,2025-09-14
7076,1007,41,Clothing,465.39,5,UK,2025-10-28
7077,78,70,Books,103.38,3,Germany,2025-11-16
7078,900,61,Sports,166.1,4,Japan,2025-05-10
7079,418,16,Home,308.14,3,Australia,2025-06-08
7080,1029,43,Books,28.22,3,USA,2025-04-27
7081,17,51,Clothing,160.15,1,Germany,2025-06-20
7082,860,55,Home,449.77,4,Japan,2025-10-17
7083,1634,62,Toys,15.35,1,Canada,2025-04-04
7084,631,17,Books,201.76,3,France,2025-08-01
7085,198,42,Beauty,246.22,2,Canada,2025-08-24
7086,397,72,Electronics,376.67,3,USA,2025-02-14
7087,725,28,Clothing,33.62,1,France,2025-02-26
7088,1009,9,Clothing,151.45,3,USA,2025-10-15
7089,1208,35,Sports,190.16,3,Japan,2025-12-23
7090,884,51,Clothing,324.71,2,USA,2025-08-15
7091,976,14,Clothing,207.5,3,Germany,2025-01-23
7092,1076,75,Sports,438.85,4,UK,2025-11-03
7093,1811,45,Clothing,1.2,1,Israel,2025-05-25
7094,370,23,Home,450.68,4,UK,2025-08-10
7095,455,1,Sports,113.74,4,USA,2025-01-23
7096,1999,40,Clothing,402.26,5,Japan,2025-01-02
7097,1144,18,Beauty,381.94,4,Japan,2025-06-16
7098,1142,41,Clothing,442.82,5,Israel,2025-05-11
7099,116,78,Clothing,348.76,4,USA,2025-06-20
7100,1990,30,Sports,168.74,1,France,2025-10-16
7101,1207,41,Clothing,100.15,2,Japan,2025-07-05
7102,599,75,Sports,396.97,3,Israel,2025-03-06
7103,1153,5,Sports,492.92,4,Australia,2025-04-26
7104,1981,50,Clothing,329.23,1,France,2025-04-09
7105,820,15,Books,27.54,2,Germany,2025-05-21
7106,1353,24,Beauty,14.9,1,Germany,2025-04-11
7107,42,18,Beauty,422.37,1,Japan,2025-06-14
7108,859,4,Gaming,209.6,5,Israel,2025-07-19
7109,52,76,Clothing,11.94,1,Japan,2025-01-03
7110,164,53,Sports,171.6,4,Australia,2025-02-19
7111,1518,60,Gaming,480.86,2,Germany,2025-03-21
7112,1737,62,Toys,93.34,2,USA,2025-09-15
7113,958,68,Home,150.2,5,Australia,2025-05-21
7114,563,32,Gaming,47.27,2,UK,2025-11-26
7115,1180,64,Beauty,224.62,4,France,2025-07-24
7116,945,69,Sports,224.67,1,Australia,2025-08-11
7117,1596,67,Gaming,156.78,5,France,2025-09-08
7118,1792,4,Gaming,378.42,1,Japan,2025-04-17
7119,952,10,Beauty,44.55,3,Japan,2025-06-07
7120,81,70,Books,362.14,5,USA,2025-03-27
7121,1017,47,Books,237.09,1,Japan,2025-07-10
7122,1722,35,Sports,87.47,2,Germany,2025-06-23
7123,917,76,Clothing,479.42,5,Japan,2025-09-04
7124,1304,41,Clothing,139.15,3,Canada,2025-10-07
7125,371,41,Clothing,260.8,3,France,2025-10-22
7126,608,59,Home,420.89,1,Australia,2025-07-21
7127,1578,36,Gaming,402.79,1,UK,2025-02-26
7128,342,17,Books,481.99,5,Australia,2025-04-20
7129,120,12,Clothing,32.9,5,Israel,2025-02-11
7130,437,49,Beauty,476.54,1,Japan,2025-06-23
7131,1086,9,Clothing,28.27,1,France,2025-08-04
7132,1693,26,Gaming,358.67,2,UK,2025-07-07
7133,1738,12,Clothing,121.53,3,Japan,2025-07-14
7134,508,40,Clothing,391.41,2,Canada,2025-02-03
7135,734,78,Clothing,369.52,5,Canada,2025-08-13
7136,692,73,Electronics,123.38,5,UK,2025-08-27
7137,525,7,Gaming,2.65,2,Israel,2025-01-03
7138,122,74,Clothing,238.71,5,Israel,2025-02-22
7139,292,45,Clothing,325.08,2,Australia,2025-09-15
7140,944,46,Gaming,307.94,2,UK,2025-06-24
7141,293,71,Clothing,197.47,3,France,2025-10-12
7142,201,77,Toys,135.22,1,Canada,2025-03-28
7143,47,77,Toys,486.41,3,UK,2025-08-14
7144,618,37,Gaming,237.54,4,Canada,2025-11-20
7145,362,29,Toys,185.26,5,Canada,2025-11-15
7146,1,47,Books,325.62,1,USA,2025-12-14
7147,511,76,Clothing,147.04,1,Australia,2025-08-04
7148,110,16,Home,421.86,4,Germany,2025-07-19
7149,1413,71,Clothing,59.19,5,Israel,2025-12-11
7150,479,73,Electronics,28.56,1,UK,2025-01-15
7151,1735,69,Sports,163.71,4,Israel,2025-06-16
7152,744,62,Toys,285.53,5,USA,2025-10-16
7153,1938,11,Toys,277.52,1,USA,2025-04-15
7154,719,80,Beauty,100.52,1,Germany,2025-12-06
7155,555,43,Books,483.46,1,Israel,2025-05-09
7156,1974,71,Clothing,371.13,5,France,2025-01-27
7157,1261,57,Beauty,348.59,3,Australia,2025-02-04
7158,1619,31,Clothing,151.46,2,Canada,2025-06-23
7159,1489,11,Toys,119.34,5,Germany,2025-11-09
7160,1178,77,Toys,302.84,4,Israel,2025-10-15
7161,1463,13,Sports,420.56,2,Australia,2025-05-17
7162,1595,30,Sports,22.82,4,USA,2025-10-11
7163,1538,62,Toys,268.38,2,Japan,2025-07-08
7164,1943,12,Clothing,401.21,1,France,2025-11-19
7165,881,26,Gaming,46.1,2,Australia,2025-01-22
7166,188,77,Toys,149.61,4,Israel,2025-01-02
7167,744,20,Home,75.55,3,UK,2025-04-08
7168,1457,10,Beauty,19.99,5,Canada,2025-10-15
7169,445,15,Books,289.14,1,France,2025-03-19
7170,332,25,Electronics,165.14,3,France,2025-08-25
7171,1343,25,Electronics,174.25,2,Japan,2025-07-28
7172,303,71,Clothing,312.99,3,France,2025-11-01
7173,1041,37,Gaming,431.12,2,Japan,2025-01-16
7174,1394,53,Sports,208.08,5,USA,2025-12-27
7175,1285,36,Gaming,260.69,3,France,2025-05-27
7176,1978,77,Toys,358.8,5,France,2025-11-02
7177,1941,62,Toys,197.07,2,Canada,2025-03-16
7178,1400,66,Clothing,287.73,4,UK,2025-05-25
7179,699,2,Sports,371.97,5,UK,2025-05-20
7180,1533,33,Toys,219.77,1,Japan,2025-07-20
7181,241,55,Home,299.93,3,USA,2025-02-04
7182,185,39,Clothing,191.74,2,France,2025-01-24
7183,1188,30,Sports,418.06,3,Germany,2025-03-25
7184,1604,64,Beauty,273.15,3,Canada,2025-07-18
7185,1761,71,Clothing,72.78,3,France,2025-08-27
7186,1733,73,Electronics,333.73,1,UK,2025-09-11
7187,1346,76,Clothing,243.28,3,France,2025-07-06
7188,1519,19,Books,353.28,4,France,2025-03-22
7189,1539,13,Sports,63.86,2,France,2025-09-08
7190,378,52,Sports,119.83,4,Israel,2025-01-16
7191,1422,41,Clothing,128.69,5,Japan,2025-09-09
7192,1517,75,Sports,491.54,3,France,2025-12-28
7193,1030,5,Sports,267.78,4,Canada,2025-03-17
7194,474,63,Books,333.82,4,Japan,2025-07-01
7195,239,61,Sports,172.08,2,UK,2025-06-12
7196,1011,20,Home,310.74,3,France,2025-07-01
7197,298,19,Books,40.45,2,Israel,2025-10-16
7198,809,43,Books,276.91,4,USA,2025-11-13
7199,1263,8,Gaming,387.61,1,Australia,2025-05-27
7200,517,53,Sports,393.77,2,Japan,2025-01-11
7201,1556,22,Home,301.56,2,USA,2025-09-13
7202,62,20,Home,330.28,3,Germany,2025-01-26
7203,203,71,Clothing,177.21,2,Japan,2025-11-05
7204,9,30,Sports,255.39,3,UK,2025-05-12
7205,1768,38,Clothing,330.9,2,UK,2025-10-25
7206,943,30,Sports,385.16,2,Israel,2025-01-26
7207,2000,64,Beauty,10.92,2,USA,2025-11-09
7208,1656,9,Clothing,327.41,3,Australia,2025-01-17
7209,1311,6,Toys,254.18,3,Germany,2025-02-23
7210,1926,57,Beauty,57.17,3,Israel,2025-09-11
7211,1201,17,Books,253.89,1,France,2025-06-28
7212,622,9,Clothing,220.85,1,USA,2025-12-18
7213,656,66,Clothing,320.98,2,Germany,2025-10-22
7214,144,46,Gaming,381.77,4,France,2025-10-01
7215,1741,69,Sports,36.84,4,Japan,2025-12-03
7216,1271,77,Toys,337.07,4,Canada,2025-09-26
7217,1976,50,Clothing,161.48,2,Japan,2025-02-28
7218,971,31,Clothing,234.57,3,Australia,2025-02-20
7219,1467,63,Books,429.75,2,Israel,2025-08-11
7220,705,61,Sports,281.37,3,Germany,2025-10-01
7221,468,20,Home,458.35,5,Australia,2025-06-18
7222,981,9,Clothing,479.93,3,Germany,2025-03-16
7223,1920,44,Beauty,466.41,2,Canada,2025-04-28
7224,1966,59,Home,376.49,5,Japan,2025-09-21
7225,1347,69,Sports,377.85,2,France,2025-07-11
7226,1329,5,Sports,472.87,3,Israel,2025-03-15
7227,277,37,Gaming,163.14,2,Canada,2025-06-04
7228,929,19,Books,482.62,2,UK,2025-02-23
7229,503,25,Electronics,101.78,3,Israel,2025-10-24
7230,978,18,Beauty,312.57,4,Japan,2025-05-27
7231,1411,58,Beauty,261.49,4,UK,2025-11-07
7232,446,60,Gaming,212.03,3,UK,2025-06-05
7233,1314,45,Clothing,7.85,3,Australia,2025-08-06
7234,1647,12,Clothing,385.44,3,Australia,2025-06-06
7235,728,7,Gaming,329.15,1,France,2025-11-18
7236,684,52,Sports,51.75,3,Israel,2025-01-08
7237,1035,12,Clothing,332.83,3,UK,2025-03-17
7238,1680,72,Electronics,76.94,4,Japan,2025-09-07
7239,1761,66,Clothing,165.4,2,Australia,2025-02-06
7240,1236,23,Home,345.09,4,Australia,2025-08-01
7241,376,38,Clothing,114.14,5,USA,2025-03-12
7242,205,69,Sports,153.55,2,Canada,2025-04-21
7243,1759,74,Clothing,185.65,4,France,2025-12-28
7244,33,7,Gaming,20.91,3,USA,2025-04-17
7245,146,10,Beauty,286.02,5,USA,2025-05-07
7246,1635,13,Sports,235.63,5,France,2025-02-04
7247,1252,58,Beauty,52.3,4,Japan,2025-02-16
7248,639,53,Sports,415.46,1,USA,2025-04-22
7249,534,45,Clothing,70.63,5,Canada,2025-03-20
7250,1344,49,Beauty,404.94,3,UK,2025-07-12
7251,213,51,Clothing,299.15,1,Japan,2025-07-28
7252,94,38,Clothing,50.27,2,USA,2025-06-01
7253,1296,63,Books,129.35,2,France,2025-02-03
7254,1636,47,Books,446.66,2,Germany,2025-09-03
7255,1015,53,Sports,100.96,4,Canada,2025-11-03
7256,1102,46,Gaming,155.71,5,France,2025-03-28
7257,1232,45,Clothing,5.58,2,UK,2025-06-27
7258,1712,63,Books,394.63,5,UK,2025-06-24
7259,436,70,Books,-52.74,5,Germany,2025-06-17
7260,807,17,Books,218.84,3,Australia,2025-07-27
7261,1495,39,Clothing,359.68,4,France,2025-06-03
7262,1298,56,Gaming,198.83,3,Japan,2025-08-11
7263,559,36,Gaming,465.58,1,Israel,2025-02-03
7264,713,46,Gaming,261.77,4,Germany,2025-04-03
7265,1161,8,Gaming,195.93,3,UK,2025-01-05
7266,421,49,Beauty,113.48,5,Israel,2025-06-27
7267,603,38,Clothing,84.85,1,Australia,2025-12-10
7268,1633,58,Beauty,239.64,1,Canada,2025-09-24
7269,1148,56,Gaming,344.33,1,Canada,2025-06-19
7270,1282,69,Sports,274.62,1,UK,2025-12-05
7271,1735,55,Home,355.06,3,USA,2025-04-22
7272,833,31,Clothing,1.24,5,France,2025-06-23
7273,1837,16,Home,174.72,5,Canada,2025-07-09
7274,1783,12,Clothing,216.52,5,Israel,2025-05-23
7275,1702,54,Gaming,413.81,3,Canada,2025-05-13
7276,275,22,Home,335.74,5,Canada,2025-09-05
7277,1747,40,Clothing,179.49,5,Israel,2025-11-13
7278,1978,3,Gaming,236.43,5,Canada,2025-10-03
7279,1026,8,Gaming,71.73,4,Australia,2025-02-05
7280,683,78,Clothing,336.22,1,Canada,2025-12-12
7281,878,11,Toys,13.03,1,Germany,2025-01-05
7282,1598,38,Clothing,194.38,5,Australia,2025-04-10
7283,34,80,Beauty,446.3,4,Israel,2025-01-24
7284,601,53,Sports,448.61,3,Israel,2025-11-10
7285,394,71,Clothing,11.66,4,France,2025-06-11
7286,1663,71,Clothing,33.36,2,Germany,2025-10-12
7287,87,67,Gaming,94.59,5,USA,2025-03-26
7288,1156,75,Sports,231.41,1,Israel,2025-04-21
7289,1165,44,Beauty,208.22,1,Japan,2025-01-11
7290,33,39,Clothing,29.57,4,France,2025-08-26
7291,761,76,Clothing,295.9,3,Japan,2025-09-24
7292,1376,36,Gaming,303.3,1,USA,2025-12-13
7293,500,42,Beauty,83.48,1,Germany,2025-02-08
7294,308,73,Electronics,310.91,3,Israel,2025-04-10
7295,1390,19,Books,298.73,4,Australia,2025-02-19
7296,1817,68,Home,187.47,2,Israel,2025-08-07
7297,1929,68,Home,375.18,2,USA,2025-09-10
7298,627,51,Clothing,165.22,1,Canada,2025-05-18
7299,308,5,Sports,449.21,5,Israel,2025-01-11
7300,997,50,Clothing,127.08,5,UK,2025-11-02
7301,736,17,Books,184.61,5,USA,2025-06-12
7302,960,62,Toys,92.43,5,France,2025-04-09
7303,402,33,Toys,433.12,3,UK,2025-09-20
7304,549,23,Home,78.68,5,Israel,2025-01-04
7305,1412,39,Clothing,315.95,3,UK,2025-04-16
7306,1289,19,Books,464.39,4,Japan,2025-01-07
7307,1626,7,Gaming,156.29,2,Canada,2025-05-08
7308,83,14,Clothing,372.47,1,UK,2025-10-08
7309,846,32,Gaming,389.62,3,Canada,2025-08-26
7310,1621,46,Gaming,480.59,1,USA,2025-12-12
7311,1081,57,Beauty,219.36,1,Australia,2025-04-10
7312,21,67,Gaming,54.08,4,France,2025-06-03
7313,1918,55,Home,112.49,3,UK,2025-05-20
7314,135,60,Gaming,406.91,2,France,2025-02-22
7315,276,43,Books,429.11,4,Australia,2025-07-19
7316,1785,6,Toys,111.02,5,Australia,2025-01-26
7317,2000,10,Beauty,332.44,1,UK,2025-11-12
7318,1177,62,Toys,354.11,2,France,2025-07-10
7319,860,37,Gaming,-75.89,3,Israel,2025-10-15
7320,1137,38,Clothing,212.73,4,USA,2025-01-26
7321,1169,8,Gaming,442.15,3,Germany,2025-11-25
7322,1044,2,Sports,296.29,5,France,2025-06-18
7323,302,27,Beauty,55.49,5,UK,2025-10-28
7324,1524,65,Sports,304.16,1,France,2025-10-25
7325,1448,22,Home,283.23,1,Israel,2025-12-17
7326,145,16,Home,157.38,1,Australia,2025-02-27
7327,1992,69,Sports,251.95,1,Japan,2025-05-08
7328,666,36,Gaming,82.72,5,Canada,2025-10-10
7329,866,18,Beauty,41.06,3,Canada,2025-07-09
7330,1683,78,Clothing,4.44,5,Australia,2025-06-04
7331,1733,39,Clothing,214.69,5,France,2025-01-23
7332,1808,72,Electronics,235.54,3,Japan,2025-06-02
7333,1246,80,Beauty,178.29,2,France,2025-10-17
7334,1343,31,Clothing,138.46,5,Germany,2025-09-15
7335,517,74,Clothing,474.88,3,Japan,2025-07-27
7336,1955,13,Sports,196.97,5,Australia,2025-07-21
7337,1887,572,Sports,333.28,3,UK,2025-05-14
7338,1249,28,Clothing,137.72,5,Japan,2025-04-03
7339,1445,41,Clothing,243.74,1,France,2025-04-15
7340,553,50,Clothing,241.96,2,Israel,2025-06-17
7341,1064,25,Electronics,180.89,3,UK,2025-10-17
7342,164,17,Books,406.33,2,Canada,2025-01-13
7343,1970,3,Gaming,10.32,5,Canada,2025-09-03
7344,1002,63,Books,309.65,1,Germany,2025-08-11
7345,1526,63,Books,295.92,5,France,2025-01-16
7346,1421,41,Clothing,120.96,5,Australia,2025-11-26
7347,1104,73,Electronics,205.78,5,USA,2025-10-18
7348,910,12,Clothing,265.6,2,Australia,2025-01-18
7349,1844,65,Sports,116.82,5,Israel,2025-05-02
7350,1915,64,Beauty,38.45,4,Japan,2025-09-01
7351,901,65,Sports,50.66,5,Australia,2025-09-20
7352,1910,79,Sports,115.41,2,Japan,2025-11-26
7353,1412,40,Clothing,190.24,4,France,2025-10-02
7354,565,36,Gaming,484.56,5,France,2025-05-22
7355,1362,36,Gaming,58.29,2,Germany,2025-04-22
7356,529,16,Home,92.02,2,USA,2025-03-02
7357,1268,76,Clothing,396.81,3,USA,2025-02-03
7358,221,23,Home,452.67,5,France,2025-12-16
7359,386,28,Clothing,292.9,1,UK,2025-10-07
7360,549,72,Electronics,42.34,3,USA,2025-08-14
7361,1724,27,Beauty,376.27,2,UK,2025-12-03
7362,1536,57,Beauty,79.31,3,France,2025-10-13
7363,889,39,Clothing,36.94,4,Canada,2025-07-26
7364,1091,65,Sports,219.22,5,UK,2025-03-25
7365,1964,49,Beauty,55.39,4,Israel,2025-12-18
7366,68,32,Gaming,104.68,3,France,2025-05-22
7367,229,51,Clothing,488.51,3,France,2025-06-13
7368,695,58,Beauty,260.58,3,Canada,2025-02-06
7369,1122,14,Clothing,428.03,3,Israel,2025-12-08
7370,744,2,Sports,475.81,4,France,2025-05-18
7371,1008,66,Clothing,48.46,1,Germany,2025-06-08
7372,1589,50,Clothing,18.72,0,France,2025-04-28
7373,1754,33,Toys,211.78,1,France,2025-11-01
7374,1910,55,Home,150.64,2,Israel,2025-04-14
7375,1135,44,Beauty,362.47,4,France,2025-01-03
7376,1388,61,Sports,285.66,3,Canada,2025-04-21
7377,820,43,Books,151.38,3,UK,2025-05-25
7378,1921,53,Sports,72.67,5,Japan,2025-05-07
7379,260,5,Sports,428.1,2,Japan,2025-09-10
7380,378,7,Gaming,334.59,4,Japan,2025-04-04
7381,166,24,Beauty,276.32,2,Israel,2025-02-18
7382,1444,31,Clothing,443.81,2,France,2025-09-27
7383,1789,33,Toys,41.51,2,France,2025-10-24
7384,1421,39,Clothing,171.08,5,Japan,2025-12-06
7385,599,44,Beauty,124.25,5,Germany,2025-07-20
7386,814,63,Books,317.14,4,USA,2025-06-15
7387,1543,67,Gaming,279.71,2,France,2025-03-19
7388,1605,74,Clothing,125.69,2,Israel,2025-06-25
7389,540,68,Home,147.09,3,Japan,2025-05-09
7390,1023,37,Gaming,276.95,5,Israel,2025-06-21
7391,704,67,Gaming,199.59,4,USA,2025-06-14
7392,1972,70,Books,448.46,3,Germany,2025-07-09
7393,1054,25,Electronics,31.43,1,Israel,2025-06-18
7394,875,47,Books,336.86,5,Japan,2025-09-06
7395,1883,71,Clothing,195.68,3,USA,2025-09-18
7396,541,29,Toys,415.47,1,Canada,2025-12-18
7397,1686,43,Books,278.79,3,UK,2025-11-11
7398,1495,17,Books,328.17,2,UK,2025-04-28
7399,219,62,Toys,297.22,5,USA,2025-12-17
7400,1415,74,Clothing,456.05,2,Germany,2025-08-20
7401,1538,39,Clothing,236.08,5,Australia,2025-08-09
7402,1320,77,Toys,147.87,3,Germany,2025-08-16
7403,1285,79,Sports,396.36,4,UK,2025-11-21
7404,1961,34,Beauty,174.22,3,France,2025-12-25
7405,271,33,Toys,306.11,4,USA,2025-09-25
7406,1912,28,Clothing,411.5,3,France,2025-08-19
7407,1617,13,Sports,119.67,4,UK,2025-02-02
7408,1997,4,Gaming,485.02,2,USA,2025-05-19
7409,990,25,Electronics,59.49,2,UK,2025-10-23
7410,466,66,Clothing,261.29,3,Germany,2025-10-18
7411,647,53,Sports,388.63,5,USA,2025-04-05
7412,1551,42,Beauty,264.9,2,USA,2025-09-15
7413,161,26,Gaming,286.91,4,France,2025-12-25
7414,1971,78,Clothing,271.33,4,USA,2025-02-07
7415,547,46,Gaming,214.87,1,Canada,2025-02-05
7416,1917,53,Sports,279.27,4,Australia,2025-06-06
7417,1213,22,Home,304.72,2,Germany,2025-09-16
7418,41,55,Home,156.52,2,Japan,2025-12-23
7419,1171,55,Home,362.91,4,UK,2025-06-22
7420,1510,51,Clothing,378.44,5,Canada,2025-09-21
7421,695,58,Beauty,421.16,2,France,2025-11-11
7422,1333,80,Beauty,198.76,5,Canada,2025-01-24
7423,69,44,Beauty,328.25,5,UK,2025-08-28
7424,589,28,Clothing,343.97,2,Israel,2025-07-10
7425,1641,64,Beauty,31.12,3,France,2025-01-05
7426,522,36,Gaming,94.0,1,Israel,2025-10-18
7427,251,18,Beauty,432.12,2,Japan,2025-10-06
7428,452,64,Beauty,2.84,5,Germany,2025-07-15
7429,716,8,Gaming,183.44,1,Israel,2025-09-05
7430,1085,25,Electronics,177.74,2,France,2025-04-28
7431,521,21,Beauty,420.92,4,UK,2025-05-14
7432,1923,74,Clothing,185.97,4,Australia,2025-02-16
7433,812,77,Toys,306.25,5,Japan,2025-12-13
7434,180,1,Sports,296.82,3,Australia,2025-10-13
7435,979,33,Toys,115.87,2,Australia,2025-10-20
7436,112,48,Books,356.02,5,Australia,2025-01-18
7437,345,70,Books,426.11,3,UK,2025-12-13
7438,265,4,Gaming,385.35,4,France,2025-02-12
7439,1281,54,Gaming,not-a-price,2,Germany,2025-10-13
7440,145,73,Electronics,36.42,4,Germany,2025-01-14
7441,1281,18,Beauty,474.21,1,Germany,2025-07-04
7442,1703,34,Beauty,480.39,1,Germany,2025-09-12
7443,513,6,Toys,453.83,4,USA,2025-09-05
7444,1268,75,Sports,108.14,3,USA,2025-03-18
7445,521,31,Clothing,20.49,1,Australia,2025-03-02
7446,247,35,Sports,49.6,5,USA,2025-01-08
7447,537,44,Beauty,3.88,4,Germany,2025-09-21
7448,1199,43,Books,37.2,4,Australia,2025-02-04
7449,641,67,Gaming,170.69,5,USA,2025-08-07
7450,1118,50,Clothing,469.57,2,Japan,2025-10-15
7451,1791,24,Beauty,164.64,1,USA,2025-05-15
7452,157,80,Beauty,488.9,3,Australia,2025-03-27
7453,1414,41,Clothing,484.67,5,USA,2025-06-02
7454,1501,46,Gaming,180.96,5,Japan,2025-01-22
7455,29,6,Toys,401.46,4,USA,2025-08-01
7456,38,3,Gaming,219.99,2,Germany,2025-12-20
7457,1985,76,Clothing,27.35,5,France,2025-11-22
7458,447,10,Beauty,482.07,1,UK,2025-11-01
7459,1239,33,Toys,276.98,3,France,2025-09-23
7460,1467,16,Home,424.83,2,Canada,2025-06-14
7461,306,11,Toys,125.77,1,Germany,2025-05-11
7462,1548,58,Beauty,436.42,1,Canada,2025-02-10
7463,1629,42,Beauty,301.38,4,UK,2025-12-14
7464,759,3,Gaming,109.74,2,USA,2025-09-15
7465,181,36,Gaming,257.78,2,Canada,2025-02-08
7466,1987,68,Home,486.89,2,Japan,2025-04-19
7467,1350,64,Beauty,280.27,1,Israel,2025-11-15
7468,1983,29,Toys,259.36,3,USA,2025-12-21
7469,1584,58,Beauty,223.43,5,USA,2025-06-07
7470,1038,16,Home,30.67,4,Japan,2025-08-06
7471,1366,38,Clothing,68.56,4,UK,2025-11-11
7472,1169,30,Sports,373.21,5,Canada,2025-02-18
7473,387,1,Sports,325.08,2,France,2025-01-27
7474,1730,74,Clothing,255.84,2,UK,2025-02-19
7475,665,34,Beauty,348.77,1,France,2025-02-16
7476,776,42,Beauty,466.68,3,Israel,2025-01-26
7477,390,47,Books,25.51,0,UK,2025-11-02
7478,1075,12,Clothing,11.74,3,UK,2025-08-04
7479,101,37,Gaming,252.87,1,France,2025-11-27
7480,142,70,Books,237.22,4,Japan,2025-05-28
7481,108,62,Toys,265.4,3,Canada,2025-02-03
7482,1405,4,Gaming,82.91,1,Canada,2025-04-04
7483,813,59,Home,215.68,1,Germany,2025-12-02
7484,437,72,Electronics,341.91,3,Australia,2025-06-01
7485,1677,24,Beauty,5.23,4,France,2025-02-03
7486,1690,60,Gaming,233.05,2,Australia,2025-09-01
7487,124,53,Sports,335.39,3,Germany,2025-12-15
7488,599,5,Sports,426.92,1,Israel,2025-12-10
7489,1195,11,Toys,168.35,2,France,2025-03-10
7490,845,18,Beauty,326.71,3,USA,2025-10-13
7491,1509,57,Beauty,467.01,4,France,2025-05-18
7492,616,31,Clothing,88.26,2,Australia,2025-12-03
7493,782,73,Electronics,352.29,5,USA,2025-06-09
7494,1419,42,Beauty,381.31,1,Canada,2025-09-13
7495,1690,52,Sports,302.04,3,USA,2025-09-06
7496,1996,80,Beauty,1.28,3,UK,2025-08-09
7497,1461,63,Books,448.86,3,USA,2025-05-28
7498,618,68,Home,315.12,1,Canada,2025-01-11
7499,864,48,Books,458.41,3,France,2025-02-03
7500,428,77,Toys,3.78,3,Australia,2025-09-25
7501,1500,80,Beauty,466.63,2,Israel,2025-07-05
7502,324,43,Books,473.72,5,USA,2025-07-19
7503,1312,46,Gaming,323.41,1,France,2025-08-17
7504,385,55,Home,340.01,2,UK,2025-10-06
7505,549,14,Clothing,130.48,3,Israel,2025-06-12
7506,883,67,Gaming,118.25,1,UK,2025-01-15
7507,577,28,Clothing,86.82,3,Japan,2025-06-08
7508,504,52,Sports,78.93,3,Israel,2025-02-25
7509,1777,64,Beauty,398.3,4,UK,2025-07-05
7510,1156,10,Beauty,128.8,2,UK,2025-02-20
7511,1825,64,Beauty,287.73,2,Australia,2025-07-28
7512,286,57,Beauty,475.84,1,Canada,2025-01-22
7513,1718,12,Clothing,169.25,3,France,2025-02-03
7514,1014,24,Beauty,312.37,4,USA,2025-03-28
7515,603,42,Beauty,180.98,3,Germany,2025-02-11
7516,1619,19,Books,137.78,5,Canada,2025-04-02
7517,1832,46,Gaming,425.63,2,France,2025-02-05
7518,362,15,Books,286.94,4,UK,2025-05-16
7519,639,21,Beauty,360.22,2,Canada,2025-06-12
7520,473,57,Beauty,105.62,2,UK,2025-12-08
7521,225,63,Books,3.94,5,Israel,2025-09-21
7522,146,59,Home,74.33,5,Australia,2025-08-24
7523,1646,70,Books,383.55,5,Germany,2025-07-20
7524,1955,11,Toys,119.87,3,UK,2025-02-22
7525,619,47,Books,411.74,4,Germany,2025-09-27
7526,1011,18,Beauty,178.13,1,Israel,2025-09-12
7527,1757,75,Sports,32.45,2,UK,2025-02-09
7528,1720,38,Clothing,117.95,5,USA,2025-09-15
7529,1603,42,Beauty,358.58,5,Japan,2025-07-12
7530,917,52,Sports,90.97,3,Canada,2025-12-07
7531,608,77,Toys,420.69,4,Australia,2025-04-05
7532,1167,13,Sports,164.17,1,Canada,2025-05-16
7533,101,6,Toys,159.17,3,Canada,2025-12-17
7534,927,59,Home,345.38,4,USA,2025-03-28
7535,1182,14,Clothing,372.86,1,USA,2025-03-21
7536,931,48,Books,374.33,2,Canada,2025-09-20
7537,1380,50,Clothing,198.47,4,Canada,2025-06-07
7538,1517,60,Gaming,445.76,2,Canada,2025-04-02
7539,656,11,Toys,301.17,4,Canada,2025-11-23
7540,798,41,Clothing,44.77,1,France,2025-10-01
7541,1633,25,Electronics,452.7,5,Israel,2025-07-17
7542,956,4,Gaming,201.85,1,Germany,2025-02-21
7543,643,10,Beauty,342.69,1,UK,2025-10-26
7544,1711,57,Beauty,94.33,5,Canada,2025-10-07
7545,736,28,Clothing,316.61,5,Australia,2025-02-15
7546,778,27,Beauty,236.8,4,UK,2025-08-21
7547,803,45,Clothing,101.92,3,Japan,2025-12-27
7548,1845,47,Books,127.92,3,Germany,2025-05-18
7549,744,27,Beauty,114.33,2,UK,2025-07-23
7550,600,36,Gaming,181.88,2,Germany,2025-07-11
7551,880,45,Clothing,121.83,4,UK,2025-07-19
7552,1779,33,Toys,332.23,5,Germany,2025-11-10
7553,257,76,Clothing,204.22,4,France,2025-03-04
7554,41,74,Clothing,315.88,5,Israel,2025-08-09
7555,459,63,Books,121.66,2,USA,2025-03-13
7556,1915,16,Home,156.49,5,Israel,2025-03-28
7557,1253,50,Clothing,486.72,2,USA,2025-09-01
7558,2,20,Home,207.25,1,Israel,2025-04-24
7559,1447,49,Beauty,63.26,5,USA,2025-06-26
7560,725,72,Electronics,173.14,3,Germany,2025-01-07
7561,2,55,Home,432.87,1,Australia,2025-02-28
7562,1081,2,Sports,184.19,4,Israel,2025-01-05
7563,1194,77,Toys,312.93,5,France,2025-09-05
7564,359,29,Toys,276.99,5,Japan,2025-12-17
7565,1188,17,Books,443.77,4,Israel,2025-01-21
7566,1704,13,Sports,287.35,1,Israel,2025-03-02
7567,1643,53,Sports,486.3,4,Australia,2025-05-07
7568,460,79,Sports,357.51,5,Australia,2025-12-05
7569,1516,65,Sports,445.34,2,UK,2025-11-06
7570,601,43,Books,164.9,5,USA,2025-04-03
7571,1507,69,Sports,23.75,4,Israel,2025-11-09
7572,800,6,Toys,365.75,5,Australia,2025-05-13
7573,317,62,Toys,81.06,5,Australia,2025-12-14
7574,969,8,Gaming,214.32,3,Australia,2025-11-04
7575,765,68,Home,158.64,5,Germany,2025-08-06
7576,1215,70,Books,223.68,1,Australia,2025-06-19
7577,1116,30,Sports,240.23,1,USA,2025-03-27
7578,727,61,Sports,137.84,3,Japan,2025-02-07
7579,1783,19,Books,202.8,4,UK,2025-04-16
7580,1419,12,Clothing,322.84,5,Canada,2025-10-21
7581,77,45,Clothing,426.24,3,France,2025-05-10
7582,1444,12,Clothing,429.05,1,France,2025-11-16
7583,225,28,Clothing,423.97,2,Australia,2025-10-28
7584,324,46,Gaming,429.66,4,Germany,2025-10-22
7585,1674,4,Gaming,88.96,2,Germany,2025-02-07
7586,1730,17,Books,217.83,2,Israel,2025-05-26
7587,171,19,Books,366.62,2,Canada,2025-10-24
7588,927,30,Sports,134.88,2,Canada,2025-12-13
7589,1037,2,Sports,106.8,5,Canada,2025-02-20
7590,1142,66,Clothing,270.84,3,Israel,2025-03-09
7591,1561,39,Clothing,100.71,3,France,2025-09-18
7592,818,23,Home,88.5,5,Japan,2025-01-22
7593,514,70,Books,33.64,2,France,2025-09-04
7594,1064,31,Clothing,400.39,3,France,2025-12-16
7595,223,34,Beauty,217.36,1,Japan,2025-01-12
7596,51,30,Sports,129.76,2,Australia,2025-07-14
7597,1335,50,Clothing,17.58,4,Israel,2025-03-02
7598,1695,34,Beauty,426.92,2,Canada,2025-10-21
7599,1751,4,Gaming,334.05,4,Canada,2025-02-19
7600,1710,50,Clothing,29.82,3,Israel,2025-07-21
7601,718,41,Clothing,41.03,4,Germany,2025-04-25
7602,1351,48,Books,314.98,5,France,2025-11-13
7603,1704,27,Beauty,455.21,2,Israel,2025-01-01
7604,1950,76,Clothing,474.05,4,Germany,2025-12-27
7605,599,34,Beauty,209.12,1,USA,2025-05-14
7606,1197,38,Clothing,56.24,2,UK,2025-01-15
7607,1934,14,Clothing,285.42,1,Japan,2025-04-05
7608,480,31,Clothing,73.38,2,Germany,2025-09-10
7609,1848,33,Toys,315.46,5,Canada,2025-12-24
7610,1343,13,Sports,351.0,2,Australia,2025-01-02
7611,1590,45,Clothing,448.27,3,Australia,2025-07-16
7612,1189,57,Beauty,86.44,2,Germany,2025-07-11
7613,1639,37,Gaming,288.65,3,Australia,2025-07-12
7614,830,70,Books,144.3,1,Canada,2025-04-06
7615,1473,2,Sports,97.0,1,Australia,2025-04-19
7616,158,48,Books,280.82,3,Germany,2025-12-10
7617,1116,20,Home,400.53,5,Israel,2025-09-19
7618,893,13,Sports,57.11,1,Japan,2025-12-13
7619,350,51,Clothing,28.63,2,UK,2025-11-17
7620,1599,20,Home,255.6,3,Japan,2025-09-01
7621,1921,1,Sports,279.31,5,USA,2025-11-14
7622,1425,58,Beauty,319.65,1,France,2025-05-19
7623,1857,61,Sports,248.93,3,Japan,2025-07-23
7624,1455,35,Sports,308.78,1,France,2025-04-13
7625,1859,22,Home,314.93,2,UK,2025-08-25
7626,1344,10,Beauty,318.6,2,Canada,2025-01-27
7627,128,57,Beauty,333.0,5,USA,2025-03-12
7628,1396,48,Books,411.33,2,Canada,2025-02-25
7629,208,41,Clothing,5.87,1,USA,2025-02-22
7630,1492,74,Clothing,439.69,4,Germany,2025-09-05
7631,354,27,Beauty,24.41,4,France,2025-09-17
7632,1464,26,Gaming,93.32,4,Canada,2025-01-25
7633,424,10,Beauty,106.58,5,Israel,2025-06-28
7634,519,44,Beauty,473.04,2,USA,2025-07-05
7635,1632,13,Sports,228.03,2,Japan,2025-05-12
7636,1816,27,Beauty,69.8,2,UK,2025-07-05
7637,1742,51,Clothing,190.11,3,UK,2025-02-11
7638,583,47,Books,413.64,1,Israel,2025-02-16
7639,1942,72,Electronics,417.65,4,Germany,2025-06-10
7640,977,53,Sports,230.07,1,Germany,2025-01-08
7641,982,6,Toys,322.23,4,Japan,2025-02-20
7642,145,76,Clothing,112.19,4,UK,2025-07-11
7643,289,43,Books,454.13,2,UK,2025-08-21
7644,563,71,Clothing,140.29,2,USA,2025-08-25
7645,1766,19,Books,80.64,4,Japan,2025-02-23
7646,1574,19,Books,338.91,2,France,2025-07-12
7647,543,49,Beauty,477.59,3,Australia,2025-08-16
7648,208,22,Home,40.64,3,France,2025-06-09
7649,1639,47,Books,25.86,3,Germany,2025-05-22
7650,10,17,Books,473.07,3,Germany,2025-01-25
7651,1796,46,Gaming,301.62,2,USA,2025-11-24
7652,700,3,Gaming,398.73,3,Japan,2025-05-24
7653,98,45,Clothing,39.69,2,France,2025-09-09
7654,978,60,Gaming,157.23,3,USA,2025-08-10
7655,657,66,Clothing,156.71,4,Israel,2025-03-27
7656,1756,43,Books,422.29,5,Germany,2025-03-11
7657,1445,8,Gaming,102.72,3,Japan,2025-01-05
7658,627,69,Sports,445.7,3,France,2025-03-24
7659,444,69,Sports,200.37,1,Canada,2025-11-07
7660,696,34,Beauty,37.99,5,UK,2025-08-08
7661,638,21,Beauty,169.32,3,Israel,2025-09-27
7662,920,68,Home,158.26,4,France,2025-07-11
7663,1484,41,Clothing,404.34,5,Australia,2025-07-01
7664,1594,54,Gaming,239.74,3,Germany,2025-11-15
7665,668,70,Books,248.94,3,France,2025-12-16
7666,650,47,Books,313.71,3,France,2025-04-13
7667,1532,75,Sports,276.2,4,Israel,2025-05-08
7668,1406,18,Beauty,345.64,2,Canada,2025-09-25
7669,1138,50,Clothing,155.97,4,USA,2025-09-16
7670,1479,67,Gaming,289.57,4,Japan,2025-04-13
7671,1445,33,Toys,350.39,3,Japan,2025-08-24
7672,1794,72,Electronics,92.76,1,Canada,2025-11-01
7673,1621,77,Toys,127.74,3,France,2025-09-04
7674,381,57,Beauty,22.02,5,Israel,2025-05-16
7675,1910,60,Gaming,21.97,3,UK,2025-12-17
7676,310,53,Sports,201.65,1,Australia,2025-12-01
7677,970,6,Toys,148.24,4,France,2025-09-18
7678,1805,18,Beauty,349.13,2,Germany,2025-11-20
7679,861,39,Clothing,33.35,5,Australia,2025-03-28
7680,186,48,Books,471.83,5,France,2025-12-23
7681,379,67,Gaming,328.01,2,Australia,2025-10-02
7682,1594,11,Toys,347.27,4,USA,2025-11-01
7683,45,38,Clothing,363.76,3,Canada,2025-10-22
7684,388,27,Beauty,163.34,5,Canada,2025-09-02
7685,1793,54,Gaming,112.61,1,USA,2025-08-04
7686,1929,41,Clothing,266.85,3,UK,2025-05-10
7687,887,71,Clothing,284.95,2,Australia,2025-02-13
7688,1433,16,Home,401.06,4,Australia,2025-02-28
7689,1529,75,Sports,382.56,2,Japan,2025-02-02
7690,688,61,Sports,2.55,3,Germany,2025-11-19
7691,1331,20,Home,46.91,4,UK,2025-11-08
7692,1088,5,Sports,91.44,3,Australia,2025-02-02
7693,433,23,Home,226.1,4,Israel,2025-08-08
7694,1625,33,Toys,305.6,4,France,2025-10-21
7695,1718,47,Books,490.87,3,USA,2025-11-07
7696,1476,23,Home,297.13,3,UK,2025-09-13
7697,713,74,Clothing,210.42,1,Germany,2025-11-27
7698,174,56,Gaming,295.81,3,UK,2025-03-26
7699,810,36,Gaming,346.63,4,USA,2025-07-14
7700,1985,18,Beauty,346.12,5,Israel,2025-11-25
7701,1667,14,Clothing,499.32,4,Germany,2025-03-25
7702,1965,2,Sports,138.94,3,Australia,2025-11-04
7703,59,41,Clothing,61.43,2,Australia,2025-12-05
7704,19,7,Gaming,422.97,4,France,2025-02-02
7705,117,21,Beauty,493.95,3,France,2025-08-25
7706,499,53,Sports,143.87,1,Australia,2025-06-19
7707,1206,49,Beauty,297.41,4,Japan,2025-11-19
7708,1340,36,Gaming,239.3,4,Germany,2025-07-21
7709,1332,62,Toys,442.44,2,France,2025-02-25
7710,65,68,Home,378.44,2,Israel,2025-09-21
7711,1930,4,Gaming,90.03,3,Germany,2025-05-13
7712,349,16,Home,411.35,5,France,2025-10-25
7713,888,16,Home,121.64,1,France,2025-08-25
7714,219,60,Gaming,296.91,3,Canada,2025-11-11
7715,729,56,Gaming,188.7,1,Australia,2025-11-17
7716,489,75,Sports,29.7,5,Australia,2025-05-15
7717,1021,29,Toys,210.85,5,Japan,2025-03-22
7718,646,33,Toys,268.22,5,Canada,2025-07-16
7719,1045,60,Gaming,304.88,1,France,2025-03-13
7720,38,34,Beauty,468.78,5,Australia,2025-12-28
7721,749,32,Gaming,428.87,1,Canada,2025-11-10
7722,951,37,Gaming,323.98,1,Australia,2025-04-26
7723,1429,23,Home,261.23,5,USA,2025-12-27
7724,1357,24,Beauty,396.4,2,France,2025-08-20
7725,985,79,Sports,300.64,2,France,2025-09-17
7726,937,80,Beauty,359.19,1,Australia,2025-07-05
7727,1743,60,Gaming,17.29,1,Germany,2025-02-04
7728,1559,13,Sports,4.22,5,USA,2025-06-22
7729,975,73,Electronics,146.04,4,Japan,2025-03-11
7730,1253,57,Beauty,477.76,3,UK,2025-08-21
7731,508,24,Beauty,126.22,5,Germany,2025-03-11
7732,1615,11,Toys,437.73,4,Israel,2025-12-12
7733,562,24,Beauty,482.25,5,USA,2025-03-26
7734,841,59,Home,138.14,5,Israel,2025-09-20
7735,537,66,Clothing,417.47,4,Canada,2025-03-28
7736,389,19,Books,31.51,1,Israel,2025-04-01
7737,6,63,Books,17.77,3,USA,2025-04-18
7738,419,64,Beauty,222.67,4,France,2025-08-11
7739,1074,41,Clothing,63.26,2,USA,2025-12-15
7740,1687,4,Gaming,357.0,2,Japan,2025-11-15
7741,1378,29,Toys,281.8,4,Israel,2025-06-16
7742,980,25,Electronics,172.57,2,Germany,2025-08-16
7743,7,74,Clothing,204.65,3,Japan,2025-09-17
7744,1223,68,Home,349.72,5,Australia,2025-03-13
7745,1679,40,Clothing,254.12,1,Germany,2025-10-09
7746,1231,3,Gaming,305.12,4,Japan,2025-05-19
7747,552,71,Clothing,487.58,3,USA,2025-07-15
7748,1321,20,Home,151.26,1,UK,2025-04-24
7749,1558,18,Beauty,450.91,1,Australia,2025-11-18
7750,1369,68,Home,492.98,3,Israel,2025-11-10
7751,586,48,Books,116.09,4,Israel,2025-11-11
7752,660,64,Beauty,95.52,3,Australia,2025-10-19
7753,339,23,Home,47.04,1,Israel,2025-09-11
7754,1865,27,Beauty,399.42,2,USA,2025-03-22
7755,1442,13,Sports,493.0,2,France,2025-09-16
7756,1198,44,Beauty,215.02,2,USA,2025-01-24
7757,86,60,Gaming,499.23,3,Canada,2025-06-14
7758,743,3,Gaming,32.96,1,Germany,2025-05-26
7759,486,65,Sports,108.03,1,Australia,2025-04-19
7760,785,71,Clothing,406.52,4,Australia,2025-03-22
7761,782,49,Beauty,27.51,1,Canada,2025-03-19
7762,1934,31,Clothing,455.63,2,Japan,2025-06-17
7763,81,8,Gaming,493.79,1,UK,2025-02-14
7764,1450,76,Clothing,414.81,1,Canada,2025-01-18
7765,829,79,Sports,462.78,3,USA,2025-07-15
7766,1659,79,Sports,76.34,3,USA,2025-07-17
7767,1853,58,Beauty,12.89,1,UK,2025-08-06
7768,550,28,Clothing,75.06,1,Australia,2025-06-20
7769,856,11,Toys,180.04,2,Israel,2025-12-07
7770,717,41,Clothing,28.45,4,USA,2025-08-24
7771,1001,54,Gaming,141.26,3,Israel,2025-04-10
7772,517,4,Gaming,302.87,5,Canada,2025-10-05
7773,358,1,Sports,235.9,2,Israel,2025-08-23
7774,1125,17,Books,314.26,5,Australia,2025-06-03
7775,626,22,Home,150.25,5,Japan,2025-08-22
7776,953,44,Beauty,146.95,2,Israel,2025-03-20
7777,974,41,Clothing,327.45,4,Canada,2025-12-05
7778,709,17,Books,469.9,1,Canada,2025-08-03
7779,235,17,Books,280.82,5,France,2025-09-15
7780,22,5,Sports,269.39,1,Japan,2025-07-27
7781,876,20,Home,398.4,5,France,2025-07-13
7782,1810,49,Beauty,191.84,1,Israel,2025-05-22
7783,1302,4,Gaming,490.2,1,Canada,2025-09-11
7784,1345,42,Beauty,111.15,4,Germany,2025-12-09
7785,314,79,Sports,443.28,5,UK,2025-08-24
7786,596,63,Books,23.33,2,Israel,2025-07-24
7787,282,7,Gaming,374.71,5,Canada,2025-12-07
7788,802,48,Books,64.1,2,USA,2025-10-11
7789,824,31,Clothing,111.32,4,UK,2025-11-07
7790,706,39,Clothing,384.84,2,Australia,2025-05-12
7791,861,30,Sports,86.34,4,Germany,2025-12-03
7792,452,38,Clothing,387.25,5,France,2025-11-01
7793,1286,67,Gaming,170.04,5,Japan,2025-12-07
7794,169,12,Clothing,424.04,2,France,2025-06-25
7795,745,20,Home,405.71,5,Canada,2025-04-02
7796,689,69,Sports,225.11,2,France,2025-02-23
7797,1590,5,Sports,254.13,3,France,2025-12-20
7798,3,29,Toys,369.55,4,USA,2025-12-19
7799,745,65,Sports,117.42,4,Israel,2025-08-21
7800,1832,65,Sports,493.47,1,Canada,2025-03-06
7801,1548,24,Beauty,40.23,2,UK,2025-05-04
7802,1073,49,Beauty,323.65,2,France,2025-05-14
7803,1146,53,Sports,433.71,1,Germany,2025-02-22
7804,1880,21,Beauty,101.33,3,France,2025-04-10
7805,1183,58,Beauty,141.53,3,USA,2025-10-02
7806,1220,11,Toys,149.79,3,Israel,2025-05-19
7807,1564,27,Beauty,29.4,2,Germany,2025-06-02
7808,388,74,Clothing,366.37,5,UK,2025-07-27
7809,1783,51,Clothing,35.92,1,Japan,2025-04-09
7810,941,70,Books,380.89,1,Canada,2025-01-28
7811,608,71,Clothing,83.59,1,Japan,2025-03-20
7812,495,80,Beauty,251.8,2,USA,2025-05-26
7813,1935,52,Sports,234.14,3,Canada,2025-05-20
7814,834,56,Gaming,357.6,5,UK,2025-04-14
7815,1130,55,Home,346.37,2,Israel,2025-03-10
7816,975,50,Clothing,452.53,2,Japan,2025-09-07
7817,210,25,Electronics,229.2,5,Israel,2025-12-09
7818,1529,19,Books,76.38,5,Germany,2025-06-22
7819,717,53,Sports,368.04,4,Japan,2025-10-13
7820,1243,54,Gaming,163.91,4,Australia,2025-06-06
7821,1631,71,Clothing,428.53,1,Israel,2025-02-24
7822,1324,47,Books,59.26,5,Germany,2025-11-11
7823,771,2,Sports,394.72,3,France,2025-07-10
7824,862,58,Beauty,308.96,2,UK,2025-11-11
7825,1287,62,Toys,386.83,3,France,2025-02-11
7826,1910,64,Beauty,365.76,1,USA,2025-08-07
7827,788,76,Clothing,393.3,2,Japan,2025-01-01
7828,212,72,Electronics,321.14,3,France,2025-02-24
7829,1083,71,Clothing,103.68,2,Japan,2025-05-25
7830,1346,70,Books,205.52,5,Germany,2025-06-23
7831,1676,25,Electronics,267.48,1,France,2025-06-18
7832,330,18,Beauty,64.84,1,France,2025-12-07
7833,480,39,Clothing,37.92,3,Australia,2025-03-21
7834,336,40,Clothing,462.17,2,Canada,2025-08-01
7835,615,25,Electronics,83.78,2,Australia,2025-07-12
7836,895,23,Home,310.94,1,Israel,2025-02-02
7837,1341,57,Beauty,237.65,1,Australia,2025-12-01
7838,1825,39,Clothing,331.23,2,Germany,2025-05-25
7839,1894,23,Home,13.56,3,USA,2025-02-20
7840,711,11,Toys,240.06,3,Germany,2025-03-01
7841,1177,55,Home,129.49,5,Israel,2025-07-13
7842,919,1,Sports,117.85,2,France,2025-11-27
7843,329,8,Gaming,226.11,2,Australia,2025-10-08
7844,1796,50,Clothing,256.84,3,USA,2025-12-20
7845,1999,18,Beauty,49.04,4,Canada,2025-02-27
7846,823,11,Toys,185.82,3,France,2025-09-12
7847,164,26,Gaming,139.54,4,UK,2025-02-26
7848,1564,6,Toys,31.45,3,Japan,2025-06-11
7849,1563,37,Gaming,34.16,2,France,2025-04-26
7850,1897,20,Home,436.4,1,Germany,2025-06-26
7851,44,22,Home,240.14,3,Japan,2025-10-08
7852,696,60,Gaming,9.93,2,USA,2025-02-27
7853,1836,69,Sports,203.54,2,UK,2025-05-06
7854,1429,25,Electronics,137.21,1,UK,2025-10-19
7855,1976,46,Gaming,151.1,2,Japan,2025-08-03
7856,1841,34,Beauty,290.85,5,Japan,2025-03-20
7857,1617,19,Books,266.38,1,Canada,2025-04-27
7858,837,43,Books,364.1,2,Japan,2025-03-14
7859,1683,79,Sports,196.92,4,Japan,2025-08-22
7860,899,3,Gaming,140.29,2,Japan,2025-10-03
7861,1886,72,Electronics,299.77,4,Australia,2025-03-15
7862,391,74,Clothing,304.24,2,USA,2025-02-23
7863,1606,15,Books,469.26,3,Australia,2025-03-22
7864,1963,17,Books,78.34,5,Germany,2025-05-03
7865,1734,23,Home,430.01,2,France,2025-01-14
7866,201,29,Toys,105.16,2,Australia,2025-09-02
7867,175,80,Beauty,255.55,5,France,2025-07-13
7868,26,41,Clothing,410.92,4,Israel,2025-12-13
7869,1200,14,Clothing,429.02,5,Japan,2025-07-13
7870,1708,6,Toys,493.48,2,USA,2025-07-12
7871,1711,75,Sports,207.09,1,USA,2025-01-16
7872,1650,34,Beauty,250.15,2,Germany,2025-07-22
7873,244,53,Sports,8.94,2,Canada,2025-12-17
7874,339,3,Gaming,375.87,4,UK,2025-11-14
7875,1557,53,Sports,296.62,4,UK,2025-01-03
7876,1317,30,Sports,24.38,5,Germany,2025-01-21
7877,492,61,Sports,261.69,4,UK,2025-05-27
7878,1427,55,Home,147.27,5,Australia,2025-04-23
7879,885,29,Toys,383.38,5,UK,2025-05-25
7880,1258,71,Clothing,220.33,5,UK,2025-10-23
7881,709,50,Clothing,256.32,3,France,2025-04-08
7882,1747,21,Beauty,10.0,5,Australia,2025-07-11
7883,1558,11,Toys,159.53,1,USA,2025-05-18
7884,1241,66,Clothing,65.19,2,Japan,2025-06-08
7885,1293,57,Beauty,215.57,1,UK,2025-08-27
7886,603,53,Sports,129.2,5,Israel,2025-07-16
7887,925,18,Beauty,318.69,5,USA,2025-08-15
7888,1324,79,Sports,107.98,5,Japan,2025-03-05
7889,901,18,Beauty,73.51,1,Canada,2025-11-08
7890,1334,60,Gaming,41.96,5,Japan,2025-12-03
7891,1924,46,Gaming,17.9,4,Australia,2025-05-17
7892,382,54,Gaming,202.64,3,UK,2025-02-02
7893,574,22,Home,404.12,5,Japan,2025-10-28
7894,1569,56,Gaming,314.33,5,Germany,2025-03-13
7895,375,54,Gaming,33.6,5,Japan,2025-07-04
7896,573,12,Clothing,147.75,1,Japan,2025-09-10
7897,1565,41,Clothing,351.67,1,USA,2025-04-23
7898,283,33,Toys,63.58,3,Canada,2025-11-07
7899,595,11,Toys,52.9,5,USA,2025-01-24
7900,746,27,Beauty,306.43,2,Israel,2025-02-20
7901,1800,57,Beauty,173.66,2,UK,2025-11-05
7902,1717,56,Gaming,50.05,3,USA,2025-07-16
7903,1366,22,Home,-42.41,4,USA,2025-12-05
7904,1588,5,Sports,220.28,5,UK,2025-06-24
7905,811,40,Clothing,499.0,1,Australia,2025-06-19
7906,1016,17,Books,156.71,3,Japan,2025-03-22
7907,161,68,Home,17.6,1,Canada,2025-11-06
7908,1085,18,Beauty,178.54,4,Australia,2025-05-14
7909,1986,71,Clothing,421.13,3,Israel,2025-07-07
7910,1502,69,Sports,53.99,1,USA,2025-11-06
7911,1775,78,Clothing,171.58,2,France,2025-02-14
7912,1889,24,Beauty,318.23,4,USA,2025-06-23
7913,489,65,Sports,36.85,3,Canada,2025-09-24
7914,1064,55,Home,99.73,4,UK,2025-05-02
7915,1903,58,Beauty,114.81,1,Israel,2025-06-10
7916,99,47,Books,240.56,1,France,2025-08-03
7917,1528,36,Gaming,80.02,4,Israel,2025-01-15
7918,1237,79,Sports,282.09,5,USA,2025-07-26
7919,1293,64,Beauty,78.89,5,Germany,2025-08-27
7920,1682,63,Books,452.36,4,UK,2025-08-15
7921,1954,66,Clothing,375.47,5,Israel,2025-08-28
7922,1409,57,Beauty,387.03,2,Japan,2025-12-07
7923,209,72,Electronics,48.72,1,Canada,2025-07-23
7924,1476,53,Sports,117.16,4,Australia,2025-03-22
7925,914,11,Toys,495.89,4,UK,2025-10-11
7926,1473,50,Clothing,400.21,3,France,2025-07-27
7927,1595,79,Sports,409.79,4,France,2025-11-10
7928,123,15,Books,346.27,2,France,2025-05-01
7929,1535,53,Sports,307.08,5,Israel,2025-01-26
7930,1425,72,Electronics,4.54,3,Canada,2025-02-08
7931,422,65,Sports,177.24,2,Japan,2025-04-12
7932,1043,13,Sports,174.29,4,Japan,2025-05-23
7933,1977,70,Books,282.43,3,Germany,2025-12-21
7934,477,13,Sports,174.69,3,Israel,2025-01-20
7935,327,77,Toys,328.88,5,UK,2025-07-13
7936,1777,48,Books,11.39,1,Australia,2025-05-09
7937,73,21,Beauty,115.59,1,Israel,2025-02-24
7938,821,66,Clothing,7.39,3,USA,2025-09-27
7939,94,70,Books,175.37,3,Australia,2025-01-15
7940,1157,12,Clothing,76.36,5,Israel,2025-12-10
7941,116,46,Gaming,370.67,5,Israel,2025-06-12
7942,486,61,Sports,210.68,1,Germany,2025-05-01
7943,676,14,Clothing,348.78,2,Japan,2025-01-03
7944,1032,7,Gaming,385.82,4,USA,2025-07-19
7945,824,61,Sports,234.2,2,Canada,2025-07-22
7946,711,5,Sports,247.64,1,UK,2025-12-26
7947,267,10,Beauty,70.85,1,France,2025-08-04
7948,62,24,Beauty,455.04,5,Canada,2025-07-23
7949,29,32,Gaming,280.56,2,Canada,2025-03-10
7950,105,2,Sports,309.43,3,UK,2025-02-21
7951,321,19,Books,170.15,2,Germany,2025-11-01
7952,1621,74,Clothing,374.84,3,Japan,2025-07-04
7953,1061,55,Home,158.37,5,France,2025-01-17
7954,1014,79,Sports,260.11,4,Germany,2025-06-02
7955,237,16,Home,48.5,3,Japan,2025-10-15
7956,1508,73,Electronics,407.35,3,Israel,2025-08-24
7957,428,53,Sports,102.69,4,UK,2025-12-18
7958,1474,9,Clothing,304.24,4,Germany,2025-07-13
7959,1488,78,Clothing,261.71,3,Germany,2025-05-25
7960,653,2,Sports,157.83,4,Canada,2025-02-13
7961,456,14,Clothing,321.61,1,Japan,2025-11-20
7962,973,63,Books,479.76,3,Germany,2025-01-02
7963,1860,58,Beauty,264.77,4,UK,2025-07-05
7964,1434,20,Home,251.68,2,France,2025-06-05
7965,1433,24,Beauty,481.21,5,Australia,2025-12-09
7966,782,2,Sports,110.17,2,Japan,2025-03-07
7967,1695,51,Clothing,1.44,2,Japan,2025-09-21
7968,1155,67,Gaming,292.53,2,Germany,2025-11-10
7969,1529,76,Clothing,285.36,3,Germany,2025-03-28
7970,457,20,Home,89.23,2,Australia,2025-08-23
7971,1329,27,Beauty,42.99,2,UK,2025-06-19
7972,1702,49,Beauty,132.65,2,France,2025-03-18
7973,1309,67,Gaming,498.38,4,Israel,2025-02-16
7974,1241,27,Beauty,338.36,1,Japan,2025-03-18
7975,513,69,Sports,294.7,4,UK,2025-10-19
7976,1533,5,Sports,244.08,3,Japan,2025-08-07
7977,1186,59,Home,191.85,5,Japan,2025-04-14
7978,198,13,Sports,394.51,3,Australia,2025-09-02
7979,1380,69,Sports,435.46,2,France,2025-04-16
7980,1499,70,Books,160.83,3,UK,2025-05-08
7981,720,1,Sports,472.25,3,USA,2025-05-27
7982,352,18,Beauty,459.46,2,Canada,2025-03-11
7983,790,20,Home,246.69,3,Israel,2025-01-19
7984,1278,30,Sports,90.97,1,Israel,2025-09-18
7985,1738,6,Toys,78.75,4,Israel,2025-01-11
7986,1938,71,Clothing,296.96,2,UK,2025-06-27
7987,1070,75,Sports,291.18,2,Israel,2025-04-11
7988,1742,41,Clothing,412.79,1,Canada,2025-04-03
7989,908,12,Clothing,336.32,4,UK,2025-06-06
7990,1823,70,Books,108.48,2,Germany,2025-08-22
7991,685,53,Sports,46.68,1,USA,2025-01-06
7992,124,36,Gaming,303.15,5,UK,2025-11-10
7993,1195,24,Beauty,262.0,3,Australia,2025-12-14
7994,136,65,Sports,494.09,5,Canada,2025-06-11
7995,47,79,Sports,45.03,2,France,2025-12-10
7996,1412,32,Gaming,240.06,4,Israel,2025-10-20
7997,1656,16,Home,363.32,2,Israel,2025-12-03
7998,3,38,Clothing,266.18,2,Canada,2025-10-04
7999,328,73,Electronics,389.98,4,Germany,2025-06-17
8000,1435,62,Toys,100.76,4,France,2025-04-12
8001,236,43,Books,130.02,1,UK,2025-08-13
8002,389,41,Clothing,232.66,2,Canada,2025-04-09
8003,1448,19,Books,123.72,3,France,2025-08-02
8004,961,67,Gaming,451.88,2,UK,2025-04-19
8005,1868,69,Sports,141.45,5,Israel,2025-10-05
8006,1272,15,Books,178.76,3,UK,2025-11-14
8007,1815,67,Gaming,365.36,2,Canada,2025-01-19
8008,1199,35,Sports,17.19,3,Australia,2025-01-04
8009,1222,42,Beauty,302.36,3,Canada,2025-02-28
8010,741,79,Sports,3.36,1,UK,2025-06-28
8011,1097,75,Sports,449.6,3,Australia,2025-10-25
8012,729,23,Home,85.82,4,Israel,2025-11-17
8013,1154,55,Home,319.54,3,Canada,2025-11-17
8014,1947,49,Beauty,473.36,3,USA,2025-08-03
8015,571,21,Beauty,351.57,4,France,2025-12-17
8016,317,57,Beauty,442.61,5,Japan,2025-06-24
8017,722,62,Toys,256.41,3,Japan,2025-10-23
8018,21,64,Beauty,237.8,3,France,2025-02-07
8019,515,73,Electronics,163.38,4,UK,2025-03-26
8020,626,20,Home,63.74,5,France,2025-11-02
8021,706,65,Sports,285.19,2,USA,2025-08-12
8022,264,26,Gaming,97.8,2,Japan,2025-06-05
8023,1203,18,Beauty,124.09,5,Japan,2025-11-16
8024,1353,23,Home,25.03,2,France,2025-02-07
8025,1913,51,Clothing,117.71,2,USA,2025-02-11
8026,1106,28,Clothing,165.69,4,USA,2025-12-10
8027,1334,31,Clothing,304.32,1,Israel,2025-08-18
8028,1775,16,Home,207.57,5,Israel,2025-04-16
8029,1813,44,Beauty,34.78,4,Australia,2025-08-10
8030,652,72,Electronics,286.57,4,Australia,2025-06-28
8031,609,77,Toys,462.33,4,Germany,2025-04-04
8032,808,2,Sports,425.53,1,Germany,2025-05-06
8033,145,4,Gaming,463.98,3,Australia,2025-05-24
8034,1896,64,Beauty,116.53,4,USA,2025-01-18
8035,820,79,Sports,335.24,1,Australia,2025-01-14
8036,1749,17,Books,165.97,3,USA,2025-05-17
8037,1410,4,Gaming,147.81,1,UK,2025-07-16
8038,835,10,Beauty,436.74,2,France,2025-03-12
8039,1318,24,Beauty,204.86,2,Canada,2025-10-14
8040,1903,34,Beauty,97.26,2,USA,2025-04-06
8041,1765,73,Electronics,105.92,3,Canada,2025-12-27
8042,1363,43,Books,196.06,3,Germany,2025-08-17
8043,1083,29,Toys,482.62,4,Japan,2025-02-09
8044,601,13,Sports,456.7,1,USA,2025-11-11
8045,611,18,Beauty,390.08,2,Japan,2025-09-09
8046,1242,30,Sports,343.63,3,Germany,2025-07-11
8047,224,5,Sports,286.31,5,Germany,2025-06-18
8048,865,61,Sports,301.47,1,Canada,2025-02-26
8049,1149,79,Sports,415.5,4,Australia,2025-07-05
8050,1281,28,Clothing,368.3,2,Germany,2025-12-25
8051,1629,58,Beauty,30.68,4,UK,2025-05-05
8052,1023,12,Clothing,453.5,4,Israel,2025-01-03
8053,1536,66,Clothing,89.67,3,UK,2025-02-24
8054,829,3,Gaming,416.26,1,Israel,2025-05-23
8055,1410,39,Clothing,466.18,4,France,2025-12-25
8056,1556,73,Electronics,291.47,2,France,2025-05-17
8057,1889,64,Beauty,446.09,3,Japan,2025-04-05
8058,828,49,Beauty,113.02,2,UK,2025-07-24
8059,1307,57,Beauty,295.94,5,Canada,2025-05-22
8060,860,36,Gaming,250.59,2,France,2025-06-08
8061,1873,14,Clothing,61.58,5,France,2025-01-15
8062,744,40,Clothing,100.85,5,UK,2025-12-03
8063,1195,16,Home,33.67,5,USA,2025-01-07
8064,155,14,Clothing,137.28,5,Canada,2025-12-25
8065,1162,69,Sports,147.85,5,France,2025-06-24
8066,1555,9,Clothing,443.94,1,Canada,2025-04-02
8067,516,30,Sports,175.88,2,UK,2025-12-24
8068,67,59,Home,489.16,3,Germany,2025-01-11
8069,1951,32,Gaming,492.74,2,UK,2025-11-12
8070,233,10,Beauty,354.05,2,France,2025-05-06
8071,1373,68,Home,424.12,2,Canada,2025-01-25
8072,364,64,Beauty,347.58,4,France,2025-06-12
8073,1471,10,Beauty,164.05,2,Australia,2025-06-16
8074,1953,34,Beauty,219.89,4,Japan,2025-08-24
8075,1593,57,Beauty,233.71,3,Australia,2025-12-05
8076,27,39,Clothing,342.52,1,Japan,2025-11-18
8077,1938,3,Gaming,301.53,3,Japan,2025-11-27
8078,1324,73,Electronics,164.51,5,USA,2025-07-12
8079,103,52,Sports,322.8,5,Israel,2025-06-03
8080,1003,40,Clothing,45.07,5,Australia,2025-01-14
8081,539,58,Beauty,292.38,2,Israel,2025-12-04
8082,1667,74,Clothing,262.88,2,UK,2025-11-18
8083,380,78,Clothing,468.13,4,USA,2025-05-20
8084,566,80,Beauty,468.69,4,Germany,2025-11-07
8085,1892,1,Sports,118.03,5,Canada,2025-01-17
8086,173,3,Gaming,200.15,1,Australia,2025-02-16
8087,954,19,Books,403.18,1,UK,2025-02-02
8088,1228,76,Clothing,67.31,4,Japan,2025-11-11
8089,516,29,Toys,316.43,4,Australia,2025-02-08
8090,1686,17,Books,478.76,2,Germany,2025-07-04
8091,491,31,Clothing,494.93,4,USA,2025-08-09
8092,298,60,Gaming,398.69,4,UK,2025-11-21
8093,668,53,Sports,177.89,2,UK,2025-09-14
8094,840,70,Books,336.01,5,Germany,2025-02-20
8095,934,19,Books,41.79,2,USA,2025-08-26
8096,1204,49,Beauty,24.79,5,USA,2025-07-21
8097,644,48,Books,51.68,4,USA,2025-03-14
8098,150,52,Sports,250.85,4,Japan,2025-03-24
8099,425,79,Sports,13.53,4,UK,2025-09-27
8100,731,1,Sports,412.73,2,Japan,2025-07-02
8101,962,41,Clothing,16.21,4,Australia,2025-03-14
8102,1787,49,Beauty,397.75,1,UK,2025-08-09
8103,973,71,Clothing,412.39,3,Germany,2025-07-20
8104,1368,15,Books,428.65,3,UK,2025-04-15
8105,1316,45,Clothing,66.01,4,Canada,2025-12-14
8106,527,50,Clothing,26.82,3,France,2025-09-14
8107,116,32,Gaming,51.91,4,Germany,2025-09-20
8108,318,69,Sports,117.07,2,Canada,2025-01-25
8109,784,8,Gaming,486.02,3,UK,2025-06-27
8110,1154,34,Beauty,107.12,1,Japan,2025-01-25
8111,606,34,Beauty,44.03,1,France,2025-04-08
8112,203,76,Clothing,167.42,3,Israel,2025-07-22
8113,1931,77,Toys,168.3,3,Canada,2025-05-21
8114,318,26,Gaming,147.66,5,Australia,2025-11-01
8115,687,21,Beauty,118.61,2,Japan,2025-11-14
8116,102,64,Beauty,31.32,5,Japan,2025-11-16
8117,1038,61,Sports,267.2,1,Israel,2025-11-12
8118,472,72,Electronics,328.86,2,Germany,2025-03-15
8119,1658,22,Home,489.2,3,Japan,2025-07-03
8120,1122,31,Clothing,195.62,4,Canada,2025-12-10
8121,354,44,Beauty,368.75,1,USA,2025-01-26
8122,399,42,Beauty,78.45,2,Canada,2025-01-20
8123,873,48,Books,487.59,4,Canada,2025-02-05
8124,746,24,Beauty,145.39,3,USA,2025-04-06
8125,517,33,Toys,114.92,2,Canada,2025-02-26
8126,1756,50,Clothing,358.01,4,Japan,2025-10-04
8127,1217,5,Sports,452.23,5,Germany,2025-09-21
8128,1379,45,Clothing,470.18,3,UK,2025-01-21
8129,1474,4,Gaming,156.97,3,USA,2025-12-14
8130,624,65,Sports,327.47,4,Japan,2025-12-13
8131,1106,36,Gaming,4.29,1,UK,2025-12-05
8132,44,67,Gaming,9.36,4,USA,2025-01-10
8133,636,32,Gaming,276.97,5,France,2025-12-10
8134,601,45,Clothing,83.45,3,UK,2025-08-28
8135,1573,34,Beauty,265.56,4,UK,2025-10-26
8136,1776,30,Sports,248.91,4,Australia,2025-08-10
8137,3,16,Home,52.99,2,Australia,2025-03-22
8138,1164,13,Sports,482.6,5,USA,2025-11-18
8139,572,35,Sports,385.05,4,Germany,2025-12-03
8140,194,23,Home,53.96,2,Germany,2025-07-04
8141,1613,3,Gaming,87.52,5,Germany,2025-08-08
8142,795,57,Beauty,20.33,4,Israel,2025-03-28
8143,405,63,Books,303.53,4,Israel,2025-08-12
8144,1104,56,Gaming,14.47,1,France,2025-05-22
8145,285,26,Gaming,29.71,2,Israel,2025-11-19
8146,784,29,Toys,392.19,5,Israel,2025-04-16
8147,1559,48,Books,162.8,2,USA,2025-03-28
8148,577,44,Beauty,471.55,5,Germany,2025-11-10
8149,256,6,Toys,386.22,3,Israel,2025-10-16
8150,64,4,Gaming,312.47,4,Israel,2025-02-05
8151,1202,16,Home,1.88,5,Germany,2025-05-11
8152,358,2,Sports,417.83,1,Canada,2025-08-18
8153,298,28,Clothing,9.41,5,Canada,2025-11-21
8154,1592,78,Clothing,164.97,1,Germany,2025-07-01
8155,835,61,Sports,478.66,3,France,2025-10-19
8156,763,40,Clothing,99.62,5,USA,2025-07-12
8157,1117,66,Clothing,55.62,5,UK,2025-02-24
8158,1427,60,Gaming,430.06,2,Israel,2025-11-26
8159,429,54,Gaming,284.07,5,Germany,2025-09-07
8160,1911,65,Sports,246.79,1,Germany,2025-02-26
8161,194,65,Sports,276.43,5,Canada,2025-10-23
8162,818,33,Toys,277.35,1,Israel,2025-01-13
8163,321,28,Clothing,133.9,2,Canada,2025-05-03
8164,1367,17,Books,369.32,5,UK,2025-07-14
8165,765,35,Sports,50.39,2,Canada,2025-09-23
8166,242,64,Beauty,414.27,3,Germany,2025-09-05
8167,998,35,Sports,344.12,4,Germany,2025-08-28
8168,871,13,Sports,41.23,4,USA,2025-12-06
8169,1692,52,Sports,272.09,1,USA,2025-01-28
8170,1097,66,Clothing,207.51,4,USA,2025-10-13
8171,129,49,Beauty,355.32,4,Japan,2025-08-10
8172,1241,46,Gaming,44.5,5,Australia,2025-04-05
8173,168,35,Sports,472.81,1,Australia,2025-03-18
8174,616,63,Books,154.44,3,Canada,2025-06-02
8175,525,76,Clothing,319.58,2,Germany,2025-10-16
8176,1019,44,Beauty,137.33,4,UK,2025-01-11
8177,850,79,Sports,350.43,5,USA,2025-12-27
8178,1754,49,Beauty,128.01,3,Japan,2025-11-28
8179,899,29,Toys,431.05,4,Germany,2025-10-25
8180,1300,69,Sports,35.24,4,UK,2025-01-21
8181,1943,60,Gaming,325.46,1,USA,2025-04-22
8182,627,70,Books,294.04,5,USA,2025-05-05
8183,1380,17,Books,55.77,4,France,2025-06-18
8184,39,21,Beauty,11.61,4,Germany,2025-08-26
8185,1405,45,Clothing,220.39,1,Israel,2025-09-21
8186,161,12,Clothing,333.68,3,Canada,2025-07-26
8187,1497,36,Gaming,428.36,1,Germany,2025-03-22
8188,607,76,Clothing,268.96,1,Australia,2025-02-03
8189,1043,73,Electronics,216.06,3,Australia,2025-07-03
8190,798,53,Sports,3.65,3,UK,2025-05-03
8191,1066,6,Toys,255.51,5,Australia,2025-06-20
8192,1680,61,Sports,431.7,4,France,2025-06-07
8193,548,39,Clothing,399.44,3,Germany,2025-07-14
8194,1355,18,Beauty,192.28,2,France,2025-12-27
8195,707,55,Home,383.93,2,Australia,2025-08-20
8196,1964,59,Home,168.39,2,USA,2025-07-11
8197,1828,4,Gaming,430.07,2,Japan,2025-05-10
8198,1798,25,Electronics,456.53,4,Canada,2025-11-05
8199,1440,44,Beauty,456.96,5,Germany,2025-08-26
8200,891,44,Beauty,65.23,2,Israel,2025-03-03
8201,1936,42,Beauty,154.93,4,Israel,2025-12-11
8202,469,49,Beauty,26.99,5,USA,2025-02-07
8203,226,10,Beauty,451.62,1,UK,2025-11-04
8204,1793,24,Beauty,438.27,1,Germany,2025-04-10
8205,1554,40,Clothing,384.28,3,Germany,2025-06-23
8206,105,18,Beauty,13.57,3,Germany,2025-03-06
8207,1798,39,Clothing,55.87,0,USA,2025-09-18
8208,707,59,Home,36.34,2,USA,2025-05-19
8209,466,42,Beauty,395.44,3,UK,2025-05-20
8210,1572,11,Toys,134.35,2,Israel,2025-12-01
8211,1036,36,Gaming,110.51,2,Israel,2025-10-04
8212,126,50,Clothing,193.58,5,UK,2025-12-10
8213,1640,22,Home,126.97,3,Israel,2025-10-15
8214,457,65,Sports,443.64,5,Germany,2025-04-03
8215,1663,30,Sports,46.76,4,UK,2025-10-08
8216,817,6,Toys,344.19,2,USA,2025-07-21
8217,1662,74,Clothing,106.41,4,Canada,2025-11-27
8218,1251,57,Beauty,430.98,5,Israel,2025-01-24
8219,611,45,Clothing,436.16,4,USA,2025-04-04
8220,182,35,Sports,10.95,5,Canada,2025-02-17
8221,377,8,Gaming,79.26,2,France,2025-08-08
8222,663,44,Beauty,113.22,1,Israel,2025-11-14
8223,1263,55,Home,123.37,2,UK,2025-09-10
8224,878,48,Books,36.77,1,Canada,2025-01-03
8225,1987,25,Electronics,51.21,5,France,2025-03-01
8226,316,13,Sports,279.91,3,Canada,2025-03-17
8227,237,11,Toys,439.41,2,Canada,2025-05-02
8228,855,26,Gaming,112.26,3,Israel,2025-08-20
8229,1271,50,Clothing,135.67,3,Israel,2025-10-19
8230,1341,71,Clothing,265.0,2,Germany,2025-07-26
8231,873,2,Sports,499.76,4,Japan,2025-03-13
8232,468,28,Clothing,446.45,3,Australia,2025-12-07
8233,162,15,Books,336.75,3,France,2025-12-02
8234,1443,17,Books,387.47,1,USA,2025-12-12
8235,545,63,Books,356.66,5,Germany,2025-10-26
8236,10,58,Beauty,390.59,1,Germany,2025-07-16
8237,1474,26,Gaming,453.57,1,Japan,2025-05-24
8238,348,61,Sports,234.8,5,Australia,2025-09-07
8239,148,48,Books,491.61,2,USA,2025-10-06
8240,94,17,Books,429.19,2,Australia,2025-12-21
8241,1416,53,Sports,37.12,5,UK,2025-04-23
8242,1481,68,Home,194.81,5,Israel,2025-02-23
8243,1221,10,Beauty,46.49,2,France,2025-11-06
8244,905,41,Clothing,2.39,2,Japan,2025-12-01
8245,1367,27,Beauty,87.69,5,UK,2025-07-11
8246,1833,11,Toys,73.58,2,UK,2025-10-08
8247,86,48,Books,388.22,1,Israel,2025-01-09
8248,950,66,Clothing,3.62,2,Canada,2025-05-15
8249,1476,51,Clothing,471.97,3,UK,2025-07-10
8250,753,17,Books,159.14,2,Canada,2025-03-13
8251,1583,77,Toys,114.93,3,Germany,2025-10-16
8252,1393,42,Beauty,136.89,2,Canada,2025-06-25
8253,1781,60,Gaming,304.08,1,USA,2025-03-17
8254,1877,14,Clothing,296.68,1,Japan,2025-09-17
8255,1030,52,Sports,282.26,4,USA,2025-02-07
8256,312,52,Sports,473.79,5,France,2025-04-07
8257,1140,65,Sports,358.16,3,France,2025-09-19
8258,1085,21,Beauty,351.6,5,Canada,2025-03-11
8259,1718,23,Home,208.33,4,UK,2025-02-19
8260,570,2,Sports,167.29,4,UK,2025-10-14
8261,1435,22,Home,415.37,1,Japan,2025-09-15
8262,1330,19,Books,414.54,2,France,2025-08-24
8263,75,29,Toys,411.07,2,UK,2025-04-12
8264,1436,60,Gaming,226.87,1,Israel,2025-02-11
8265,615,25,Electronics,254.64,3,France,2025-07-16
8266,1808,45,Clothing,207.77,3,UK,2025-11-12
8267,1073,73,Electronics,76.63,0,UK,2025-03-03
8268,1779,33,Toys,468.24,1,Australia,2025-04-07
8269,951,7,Gaming,50.7,3,Japan,2025-05-13
8270,909,20,Home,195.35,2,UK,2025-12-19
8271,1805,58,Beauty,392.17,2,Israel,2025-09-09
8272,429,62,Toys,450.59,5,UK,2025-07-07
8273,1783,11,Toys,396.87,5,Canada,2025-07-07
8274,749,13,Sports,283.66,2,Israel,2025-08-10
8275,256,22,Home,161.75,1,Japan,2025-06-23
8276,62,78,Clothing,-72.91,1,Germany,2025-08-20
8277,1413,57,Beauty,374.4,3,Japan,2025-04-28
8278,614,75,Sports,493.18,2,Israel,2025-02-07
8279,1462,54,Gaming,366.76,1,Japan,2025-12-03
8280,1094,59,Home,160.34,4,Japan,2025-04-10
8281,1460,40,Clothing,286.55,2,UK,2025-03-11
8282,118,80,Beauty,13.13,4,Germany,2025-01-01
8283,1876,8,Gaming,227.77,1,Australia,2025-02-10
8284,1782,80,Beauty,327.17,4,Japan,2025-05-14
8285,813,12,Clothing,400.67,4,UK,2025-08-15
8286,1893,16,Home,237.6,5,Japan,2025-09-20
8287,1710,25,Electronics,85.78,2,Israel,2025-11-02
8288,671,8,Gaming,40.46,5,UK,2025-04-05
8289,957,4,Gaming,88.88,5,Israel,2025-10-07
8290,676,70,Books,25.66,3,USA,2025-07-19
8291,315,71,Clothing,406.14,4,Australia,2025-02-27
8292,243,34,Beauty,393.43,2,Germany,2025-03-20
8293,1812,13,Sports,289.45,1,Israel,2025-06-05
8294,1412,27,Beauty,205.96,1,Canada,2025-05-13
8295,1972,57,Beauty,99.7,2,Germany,2025-08-23
8296,1316,12,Clothing,224.61,3,Israel,2025-01-25
8297,899,73,Electronics,not-a-price,1,UK,2025-07-11
8298,815,69,Sports,288.72,5,Japan,2025-10-20
8299,466,18,Beauty,386.25,5,Australia,2025-12-11
8300,1388,73,Electronics,48.24,1,Japan,2025-07-16
8301,472,70,Books,100.71,4,Japan,2025-04-04
8302,1726,38,Clothing,471.37,2,Australia,2025-03-10
8303,957,35,Sports,58.71,3,Canada,2025-11-26
8304,1778,20,Home,210.7,3,Australia,2025-05-07
8305,146,77,Toys,183.24,3,Canada,2025-08-02
8306,556,48,Books,126.52,3,Israel,2025-06-07
8307,1502,79,Sports,5.44,3,Canada,2025-05-27
8308,983,27,Beauty,4.71,2,Japan,2025-06-20
8309,138,10,Beauty,123.17,1,Australia,2025-02-12
8310,1688,19,Books,418.32,2,Canada,2025-03-20
8311,791,26,Gaming,146.63,1,France,2025-09-27
8312,1792,9,Clothing,352.97,1,Japan,2025-07-23
8313,1485,66,Clothing,268.9,1,Japan,2025-12-01
8314,556,49,Beauty,285.82,4,Israel,2025-01-11
8315,208,56,Gaming,254.4,2,Israel,2025-09-01
8316,619,73,Electronics,79.01,5,Japan,2025-04-24
8317,1808,59,Home,430.6,4,Japan,2025-11-04
8318,155,66,Clothing,80.7,2,Japan,2025-12-12
8319,717,66,Clothing,331.96,5,Australia,2025-07-19
8320,1968,11,Toys,65.44,2,UK,2025-11-05
8321,501,31,Clothing,46.92,2,Australia,2025-09-12
8322,609,11,Toys,98.06,1,France,2025-08-23
8323,651,1,Sports,5.69,5,Canada,2025-10-02
8324,1952,45,Clothing,307.2,3,USA,2025-12-09
8325,518,24,Beauty,74.92,4,Australia,2025-03-04
8326,438,23,Home,172.22,2,Canada,2025-01-22
8327,1491,2,Sports,130.96,2,Japan,2025-07-25
8328,1513,52,Sports,394.06,5,Israel,2025-03-21
8329,440,35,Sports,72.29,1,USA,2025-11-24
8330,1163,48,Books,284.11,5,Canada,2025-03-19
8331,821,2,Sports,4.84,4,UK,2025-02-14
8332,1568,50,Clothing,348.31,2,UK,2025-07-18
8333,1753,15,Books,493.53,3,Japan,2025-12-25
8334,1563,4,Gaming,221.01,4,Australia,2025-04-04
8335,1326,17,Books,170.68,4,Germany,2025-04-04
8336,613,47,Books,181.86,2,Germany,2025-07-20
8337,1457,77,Toys,52.17,5,Australia,2025-02-28
8338,1371,50,Clothing,240.0,1,Israel,2025-03-09
8339,66,49,Beauty,419.37,5,USA,2025-12-27
8340,578,50,Clothing,50.49,2,France,2025-01-01
8341,1572,31,Clothing,448.8,4,Japan,2025-01-07
8342,1738,12,Clothing,441.48,2,Israel,2025-05-05
8343,1,21,Beauty,88.51,3,Japan,2025-07-19
8344,1724,6,Toys,485.65,5,Germany,2025-05-12
8345,606,10,Beauty,21.73,2,Canada,2025-07-26
8346,1505,37,Gaming,127.02,4,UK,2025-08-20
8347,262,20,Home,260.77,5,UK,2025-02-04
8348,320,23,Home,364.23,2,Israel,2025-08-14
8349,1605,6,Toys,191.59,2,Japan,2025-04-11
8350,1427,65,Sports,314.28,4,France,2025-02-14
8351,1715,6,Toys,414.7,1,UK,2025-01-26
8352,1062,36,Gaming,11.65,4,USA,2025-03-07
8353,1898,74,Clothing,269.98,5,USA,2025-10-25
8354,573,41,Clothing,337.71,5,Australia,2025-08-06
8355,1334,35,Sports,435.73,3,Germany,2025-08-06
8356,1953,61,Sports,199.26,2,Australia,2025-11-25
8357,343,66,Clothing,418.57,2,France,2025-11-04
8358,966,38,Clothing,480.57,4,France,2025-05-03
8359,70,72,Electronics,276.53,2,Japan,2025-03-27
8360,1245,35,Sports,183.25,3,Germany,2025-12-19
8361,1186,59,Home,118.69,4,Australia,2025-04-11
8362,1920,51,Clothing,16.0,2,UK,2025-01-22
8363,1958,3,Gaming,331.63,5,Canada,2025-02-14
8364,942,29,Toys,415.6,5,Japan,2025-11-18
8365,1689,3,Gaming,181.24,1,UK,2025-05-17
8366,197,61,Sports,210.15,5,Australia,2025-04-14
8367,48,67,Gaming,352.48,5,Japan,2025-03-18
8368,1095,63,Books,155.73,2,Canada,2025-09-19
8369,1251,75,Sports,273.52,5,Israel,2025-10-16
8370,987,4,Gaming,426.57,3,France,2025-02-14
8371,1547,75,Sports,420.9,3,Australia,2025-01-20
8372,865,50,Clothing,316.06,4,UK,2025-04-19
8373,1541,70,Books,24.96,5,Canada,2025-09-20
8374,272,41,Clothing,292.71,3,Australia,2025-02-10
8375,438,45,Clothing,170.57,5,Australia,2025-05-23
8376,1887,48,Books,141.43,5,France,2025-03-02
8377,1290,57,Beauty,118.18,3,USA,2025-10-17
8378,1854,47,Books,131.19,2,Israel,2025-05-21
8379,1353,49,Beauty,40.98,3,Australia,2025-03-20
8380,272,38,Clothing,76.01,3,Canada,2025-12-28
8381,377,26,Gaming,294.13,4,Canada,2025-09-20
8382,247,76,Clothing,368.6,1,Japan,2025-02-16
8383,554,13,Sports,426.61,4,Australia,2025-07-23
8384,668,34,Beauty,96.89,2,USA,2025-07-27
8385,146,67,Gaming,409.24,5,France,2025-08-09
8386,1721,22,Home,491.56,2,UK,2025-06-09
8387,1190,44,Beauty,89.91,4,Japan,2025-09-04
8388,1845,69,Sports,216.3,4,Australia,2025-10-10
8389,896,30,Sports,133.55,4,Australia,2025-08-11
8390,1371,24,Beauty,298.82,4,Germany,2025-06-08
8391,1619,10,Beauty,165.17,2,Israel,2025-02-02
8392,710,32,Gaming,408.82,2,France,2025-12-14
8393,1528,24,Beauty,496.69,2,Australia,2025-10-02
8394,382,77,Toys,222.92,4,Canada,2025-05-25
8395,20,3,Gaming,43.66,2,Germany,2025-06-15
8396,312,40,Clothing,327.61,1,Israel,2025-11-24
8397,1464,80,Beauty,345.68,4,Israel,2025-08-15
8398,1036,17,Books,329.04,3,Australia,2025-09-23
8399,1141,25,Electronics,247.47,1,Canada,2025-11-25
8400,24,67,Gaming,363.0,4,Germany,2025-08-24
8401,1689,71,Clothing,278.64,3,France,2025-10-24
8402,1660,68,Home,262.47,1,UK,2025-03-03
8403,1098,60,Gaming,282.93,1,Japan,2025-02-10
8404,1377,10,Beauty,377.65,4,France,2025-11-12
8405,830,79,Sports,414.03,5,Canada,2025-03-01
8406,187,56,Gaming,415.88,4,Germany,2025-09-26
8407,1683,17,Books,204.43,1,Canada,2025-06-08
8408,1912,7,Gaming,284.43,3,Germany,2025-06-26
8409,674,45,Clothing,256.59,2,Canada,2025-11-15
8410,852,80,Beauty,not-a-price,1,UK,2025-03-27
8411,1790,10,Beauty,102.98,3,UK,2025-04-06
8412,534,34,Beauty,300.26,1,Australia,2025-07-24
8413,1673,26,Gaming,221.77,1,Australia,2025-05-04
8414,1377,31,Clothing,445.05,5,Canada,2025-12-13
8415,1865,51,Clothing,372.86,2,Canada,2025-09-11
8416,1782,17,Books,322.42,1,Australia,2025-03-28
8417,1642,32,Gaming,402.56,4,Germany,2025-12-12
8418,1266,68,Home,105.71,5,Germany,2025-07-22
8419,1262,24,Beauty,77.61,1,Israel,2025-11-01
8420,1302,10,Beauty,483.44,4,Israel,2025-06-05
8421,1132,79,Sports,376.5,4,Germany,2025-04-10
8422,45,61,Sports,356.34,5,Australia,2025-12-06
8423,776,53,Sports,424.06,4,Israel,2025-06-17
8424,138,21,Beauty,197.43,4,UK,2025-05-12
8425,892,8,Gaming,171.26,1,Australia,2025-08-26
8426,1197,18,Beauty,21.62,3,Japan,2025-01-04
8427,164,42,Beauty,177.08,4,Japan,2025-09-13
8428,661,54,Gaming,454.35,4,France,2025-06-16
8429,1544,48,Books,140.29,1,Japan,2025-06-19
8430,1056,51,Clothing,1.96,2,UK,2025-10-05
8431,1523,69,Sports,432.95,1,USA,2025-01-17
8432,462,60,Gaming,48.95,5,Japan,2025-07-22
8433,193,11,Toys,273.26,4,Japan,2025-03-16
8434,1700,10,Beauty,198.46,5,Japan,2025-09-18
8435,230,46,Gaming,110.76,3,UK,2025-08-22
8436,1964,77,Toys,257.12,4,USA,2025-04-19
8437,314,53,Sports,239.97,5,Germany,2025-09-25
8438,747,13,Sports,397.61,5,Japan,2025-11-18
8439,593,53,Sports,475.99,2,Canada,2025-11-26
8440,1788,27,Beauty,36.79,5,France,2025-12-28
8441,1560,35,Sports,251.87,4,Japan,2025-04-21
8442,1097,73,Electronics,51.14,4,Germany,2025-04-15
8443,1339,37,Gaming,305.07,5,Canada,2025-12-09
8444,1624,35,Sports,310.87,2,USA,2025-11-25
8445,786,54,Gaming,371.95,2,UK,2025-06-04
8446,706,39,Clothing,305.51,1,UK,2025-02-13
8447,170,4,Gaming,212.43,3,USA,2025-04-07
8448,1278,24,Beauty,404.29,1,Australia,2025-02-24
8449,543,7,Gaming,451.52,5,France,2025-04-16
8450,206,74,Clothing,235.38,1,USA,2025-02-24
8451,1144,16,Home,482.69,5,Canada,2025-05-12
8452,1377,75,Sports,480.4,1,USA,2025-04-28
8453,1997,12,Clothing,450.14,2,UK,2025-11-05
8454,902,47,Books,409.85,4,Germany,2025-09-05
8455,1938,3,Gaming,221.45,3,UK,2025-01-26
8456,545,22,Home,94.29,2,Israel,2025-07-21
8457,1062,1,Sports,484.2,3,Israel,2025-09-26
8458,662,11,Toys,331.78,3,USA,2025-04-25
8459,389,32,Gaming,432.58,3,France,2025-12-16
8460,707,27,Beauty,62.35,1,Germany,2025-12-24
8461,618,63,Books,53.28,3,UK,2025-11-27
8462,1994,32,Gaming,240.76,5,Australia,2025-07-07
8463,1937,67,Gaming,205.69,2,UK,2025-01-26
8464,1725,41,Clothing,382.56,3,France,2025-06-09
8465,1977,56,Gaming,5.08,5,Australia,2025-09-23
8466,1587,57,Beauty,444.54,3,Japan,2025-02-07
8467,392,68,Home,462.23,4,Australia,2025-06-09
8468,807,8,Gaming,310.27,3,Germany,2025-04-02
8469,1415,24,Beauty,455.32,1,USA,2025-10-21
8470,321,40,Clothing,105.46,5,USA,2025-11-18
8471,1454,68,Home,347.7,1,Japan,2025-11-17
8472,1677,71,Clothing,494.19,5,Australia,2025-02-03
8473,1337,5,Sports,6.04,3,France,2025-07-20
8474,888,46,Gaming,323.48,1,Japan,2025-12-18
8475,1416,45,Clothing,146.19,5,Germany,2025-07-06
8476,1914,52,Sports,269.2,5,Canada,2025-11-09
8477,1956,16,Home,274.47,5,Japan,2025-08-13
8478,1421,3,Gaming,450.05,3,UK,2025-07-28
8479,1534,6,Toys,254.0,3,Israel,2025-10-26
8480,972,68,Home,not-a-price,2,France,2025-03-04
8481,1377,74,Clothing,478.68,4,France,2025-06-06
8482,1641,63,Books,423.3,5,Israel,2025-05-24
8483,189,24,Beauty,109.37,2,Japan,2025-02-23
8484,742,27,Beauty,483.39,2,Japan,2025-10-27
8485,1326,56,Gaming,94.8,5,Canada,2025-06-21
8486,1436,77,Toys,309.62,2,Canada,2025-10-28
8487,666,11,Toys,103.43,4,France,2025-06-23
8488,628,10,Beauty,308.6,4,Japan,2025-02-09
8489,1317,14,Clothing,260.25,2,Canada,2025-04-11
8490,1381,47,Books,65.78,5,Canada,2025-06-09
8491,610,46,Gaming,not-a-price,2,UK,2025-12-18
8492,1840,36,Gaming,98.75,4,UK,2025-03-05
8493,58,43,Books,427.63,2,Israel,2025-02-05
8494,1741,39,Clothing,101.7,5,UK,2025-02-10
8495,439,30,Sports,370.94,3,Japan,2025-05-02
8496,1764,17,Books,197.26,2,USA,2025-11-23
8497,1598,44,Beauty,46.7,5,Canada,2025-04-06
8498,1714,77,Toys,375.48,5,France,2025-09-24
8499,832,23,Home,471.53,1,USA,2025-08-13
8500,1123,18,Beauty,88.51,1,Israel,2025-02-16
8501,458,13,Sports,292.32,3,USA,2025-12-03
8502,1930,73,Electronics,495.27,2,Israel,2025-09-28
8503,372,25,Electronics,163.53,5,Japan,2025-10-19
8504,1051,27,Beauty,353.52,1,Canada,2025-06-09
8505,980,36,Gaming,499.34,4,France,2025-12-05
8506,1716,36,Gaming,7.43,1,Israel,2025-07-24
8507,1297,70,Books,88.98,5,Israel,2025-09-11
8508,395,39,Clothing,346.2,1,UK,2025-06-02
8509,1154,76,Clothing,151.46,2,UK,2025-11-22
8510,1234,47,Books,298.26,1,USA,2025-07-19
8511,549,7,Gaming,442.85,2,USA,2025-12-08
8512,1509,79,Sports,332.09,3,UK,2025-07-15
8513,235,30,Sports,38.98,4,France,2025-10-13
8514,1397,23,Home,429.63,4,USA,2025-10-11
8515,306,1,Sports,284.21,4,Japan,2025-08-07
8516,1454,51,Clothing,440.93,5,Germany,2025-09-05
8517,1708,43,Books,431.62,2,USA,2025-07-24
8518,884,1,Sports,497.23,2,Canada,2025-07-20
8519,107,35,Sports,385.16,2,Australia,2025-09-24
8520,1387,31,Clothing,294.41,5,Germany,2025-04-12
8521,894,79,Sports,25.27,5,UK,2025-05-04
8522,228,62,Toys,208.61,4,Australia,2025-02-21
8523,1062,5,Sports,419.0,1,Israel,2025-09-13
8524,1283,55,Home,162.7,1,Germany,2025-07-04
8525,1970,47,Books,363.33,3,Japan,2025-06-25
8526,110,40,Clothing,395.65,2,France,2025-03-14
8527,938,26,Gaming,328.03,3,UK,2025-02-24
8528,1041,42,Beauty,264.82,5,USA,2025-11-13
8529,920,11,Toys,308.37,4,Japan,2025-07-13
8530,1869,35,Sports,278.24,4,USA,2025-03-18
8531,1312,14,Clothing,458.66,1,Japan,2025-07-15
8532,1889,2,Sports,334.62,3,France,2025-06-21
8533,176,76,Clothing,294.29,5,Canada,2025-03-15
8534,1999,76,Clothing,350.58,1,France,2025-11-24
8535,1028,40,Clothing,399.38,3,Israel,2025-10-03
8536,1727,66,Clothing,360.23,1,USA,2025-03-15
8537,1073,6,Toys,276.82,3,UK,2025-04-21
8538,418,60,Gaming,406.12,5,Australia,2025-10-04
8539,1155,25,Electronics,447.07,3,USA,2025-08-20
8540,653,7,Gaming,460.53,1,Australia,2025-04-07
8541,800,23,Home,256.25,2,Australia,2025-11-08
8542,934,6,Toys,300.33,3,Australia,2025-07-05
8543,747,75,Sports,285.4,5,UK,2025-10-05
8544,379,71,Clothing,171.69,1,USA,2025-06-26
8545,854,70,Books,167.85,1,Japan,2025-03-12
8546,1566,4,Gaming,208.02,2,UK,2025-08-22
8547,1535,2,Sports,217.19,4,Germany,2025-01-06
8548,558,52,Sports,492.15,3,Japan,2025-07-04
8549,1597,4,Gaming,214.19,5,Germany,2025-11-18
8550,224,29,Toys,275.89,3,Canada,2025-04-06
8551,1426,46,Gaming,233.0,5,Israel,2025-03-07
8552,411,57,Beauty,403.12,3,Canada,2025-04-21
8553,16,62,Toys,396.36,1,Germany,2025-07-24
8554,690,66,Clothing,236.67,4,Germany,2025-05-10
8555,1162,70,Books,243.51,2,Israel,2025-08-27
8556,459,58,Beauty,152.82,4,Germany,2025-11-06
8557,976,25,Electronics,66.23,2,Germany,2025-02-21
8558,317,28,Clothing,231.55,1,UK,2025-02-23
8559,1388,46,Gaming,14.03,2,Australia,2025-01-24
8560,1079,72,Electronics,17.03,2,Australia,2025-06-15
8561,203,51,Clothing,276.9,4,Israel,2025-07-28
8562,1403,63,Books,293.38,5,Australia,2025-06-10
8563,115,49,Beauty,176.53,5,USA,2025-03-19
8564,106,75,Sports,357.54,4,Australia,2025-01-13
8565,1908,40,Clothing,82.25,3,UK,2025-10-27
8566,1658,25,Electronics,147.71,3,Israel,2025-02-02
8567,939,71,Clothing,188.24,2,Canada,2025-01-22
8568,516,54,Gaming,225.73,3,Germany,2025-12-19
8569,1840,74,Clothing,132.67,3,Japan,2025-04-01
8570,153,3,Gaming,219.44,4,UK,2025-03-18
8571,1599,48,Books,207.17,1,Canada,2025-05-07
8572,34,71,Clothing,415.74,4,Australia,2025-05-15
8573,1460,40,Clothing,99.0,5,Germany,2025-12-22
8574,1688,79,Sports,486.06,1,Germany,2025-01-08
8575,273,6,Toys,146.8,3,Canada,2025-11-24
8576,1433,67,Gaming,344.5,2,USA,2025-02-15
8577,746,55,Home,430.93,2,UK,2025-10-03
8578,1897,55,Home,66.07,1,Japan,2025-12-22
8579,1088,15,Books,54.73,5,Japan,2025-09-26
8580,154,77,Toys,297.15,2,UK,2025-04-18
8581,187,43,Books,405.4,3,Canada,2025-03-25
8582,370,52,Sports,207.53,1,Japan,2025-06-02
8583,193,72,Electronics,17.85,5,Canada,2025-07-20
8584,172,15,Books,88.8,2,Israel,2025-09-25
8585,1203,15,Books,192.73,2,Australia,2025-02-16
8586,1658,20,Home,159.62,1,Australia,2025-02-23
8587,1208,11,Toys,476.86,1,Japan,2025-12-28
8588,23,47,Books,399.52,3,USA,2025-07-08
8589,1746,72,Electronics,390.25,1,Australia,2025-12-02
8590,1898,50,Clothing,167.67,3,Japan,2025-03-25
8591,1421,41,Clothing,167.34,2,Germany,2025-07-13
8592,612,27,Beauty,68.33,2,Australia,2025-01-17
8593,1767,6,Toys,42.67,4,Germany,2025-08-03
8594,1403,34,Beauty,206.09,5,Canada,2025-06-23
8595,1097,48,Books,348.56,1,Israel,2025-11-05
8596,1056,29,Toys,364.17,2,Canada,2025-05-05
8597,1957,18,Beauty,131.51,1,France,2025-03-15
8598,908,1,Sports,367.43,3,Australia,2025-03-08
8599,360,53,Sports,137.22,2,USA,2025-10-06
8600,1704,71,Clothing,339.6,3,Israel,2025-12-27
8601,1898,416,Gaming,408.62,5,Germany,2025-09-16
8602,127,10,Beauty,313.26,5,France,2025-04-19
8603,909,7,Gaming,338.19,2,Germany,2025-05-07
8604,556,12,Clothing,175.58,4,Canada,2025-06-18
8605,1163,61,Sports,298.99,2,Japan,2025-12-08
8606,1125,40,Clothing,277.04,1,Japan,2025-01-11
8607,1749,37,Gaming,298.28,2,Australia,2025-05-03
8608,797,30,Sports,384.47,3,Germany,2025-12-20
8609,1077,23,Home,454.02,2,Israel,2025-10-20
8610,430,22,Home,422.96,1,UK,2025-12-25
8611,333,68,Home,405.97,2,Israel,2025-05-03
8612,1267,18,Beauty,162.8,1,Israel,2025-02-11
8613,1900,54,Gaming,267.12,3,UK,2025-11-03
8614,1894,75,Sports,25.87,2,Japan,2025-07-08
8615,1710,54,Gaming,488.8,5,USA,2025-08-12
8616,1335,29,Toys,-14.47,4,USA,2025-11-16
8617,1762,46,Gaming,117.81,1,Canada,2025-11-26
8618,153,21,Beauty,438.33,1,Israel,2025-01-12
8619,1692,75,Sports,145.78,4,Israel,2025-03-06
8620,216,13,Sports,54.04,5,Japan,2025-04-08
8621,794,20,Home,474.47,2,Germany,2025-06-19
8622,1348,27,Beauty,113.48,2,Australia,2025-02-11
8623,358,33,Toys,454.09,2,Israel,2025-06-28
8624,1766,33,Toys,312.36,1,Israel,2025-02-28
8625,1367,80,Beauty,186.38,1,France,2025-07-10
8626,80,51,Clothing,346.22,4,UK,2025-07-13
8627,460,8,Gaming,366.73,2,USA,2025-07-19
8628,1736,44,Beauty,449.84,4,Germany,2025-10-01
8629,314,61,Sports,197.57,2,France,2025-10-21
8630,750,48,Books,435.58,5,Germany,2025-02-18
8631,977,80,Beauty,265.53,1,France,2025-03-20
8632,89,79,Sports,415.89,2,Canada,2025-01-10
8633,1289,2,Sports,404.68,3,Canada,2025-11-13
8634,993,67,Gaming,103.6,1,France,2025-08-21
8635,1387,4,Gaming,159.8,1,Japan,2025-01-10
8636,1815,6,Toys,119.28,1,Australia,2025-10-01
8637,1531,30,Sports,20.28,4,Australia,2025-02-19
8638,1775,50,Clothing,148.17,2,Canada,2025-09-02
8639,929,74,Clothing,61.6,1,Israel,2025-04-23
8640,1998,6,Toys,199.08,5,USA,2025-06-02
8641,1623,28,Clothing,277.29,5,USA,2025-02-09
8642,1471,18,Beauty,220.31,2,Canada,2025-04-25
8643,1502,48,Books,410.46,2,UK,2025-03-27
8644,1856,47,Books,296.97,2,Canada,2025-04-07
8645,1963,48,Books,116.0,2,USA,2025-09-04
8646,890,30,Sports,173.1,5,USA,2025-04-26
8647,1198,48,Books,123.72,1,Australia,2025-04-25
8648,1358,42,Beauty,98.07,5,UK,2025-06-23
8649,1761,55,Home,284.26,1,Australia,2025-05-17
8650,1435,44,Beauty,59.92,4,Germany,2025-12-05
8651,734,29,Toys,361.32,3,Australia,2025-08-19
8652,1517,43,Books,289.18,5,UK,2025-05-09
8653,665,43,Books,197.48,5,Australia,2025-01-10
8654,1505,79,Sports,95.78,4,Germany,2025-07-13
8655,445,51,Clothing,436.92,4,France,2025-04-04
8656,1187,32,Gaming,340.46,2,Germany,2025-12-28
8657,1124,13,Sports,217.96,1,USA,2025-08-12
8658,1065,79,Sports,288.05,3,UK,2025-03-07
8659,1487,10,Beauty,315.46,1,France,2025-07-20
8660,890,80,Beauty,142.97,3,USA,2025-06-09
8661,724,72,Electronics,441.75,3,Israel,2025-08-07
8662,1751,50,Clothing,470.29,3,UK,2025-10-26
8663,1670,67,Gaming,16.8,3,France,2025-05-22
8664,1690,13,Sports,97.29,3,Japan,2025-11-18
8665,95,20,Home,455.0,5,Israel,2025-12-19
8666,411,54,Gaming,146.28,4,Australia,2025-08-01
8667,505,56,Gaming,312.59,4,Canada,2025-09-15
8668,1104,49,Beauty,164.5,3,France,2025-02-14
8669,522,32,Gaming,446.79,2,Canada,2025-10-23
8670,1550,36,Gaming,356.55,4,Canada,2025-02-17
8671,590,32,Gaming,482.83,1,Israel,2025-12-21
8672,1562,36,Gaming,206.28,2,Israel,2025-09-16
8673,656,6,Toys,5.43,2,Germany,2025-01-13
8674,308,46,Gaming,250.65,5,Australia,2025-09-10
8675,1569,8,Gaming,3.88,5,Germany,2025-11-16
8676,234,4,Gaming,157.82,3,Germany,2025-02-03
8677,1466,26,Gaming,354.12,3,Australia,2025-12-15
8678,712,1,Sports,102.27,1,France,2025-03-15
8679,589,43,Books,453.6,5,Germany,2025-04-05
8680,337,59,Home,174.13,4,UK,2025-12-17
8681,502,11,Toys,276.51,5,USA,2025-04-06
8682,1141,51,Clothing,282.0,1,UK,2025-01-21
8683,47,43,Books,86.09,2,Germany,2025-05-03
8684,3,60,Gaming,382.05,3,Australia,2025-12-26
8685,1490,64,Beauty,412.42,1,Australia,2025-10-02
8686,745,6,Toys,47.04,3,Canada,2025-02-26
8687,1624,21,Beauty,398.65,5,Germany,2025-02-15
8688,1159,5,Sports,250.98,5,Japan,2025-12-27
8689,911,12,Clothing,159.92,5,Japan,2025-06-06
8690,354,35,Sports,21.75,4,Israel,2025-02-27
8691,122,32,Gaming,291.31,3,Israel,2025-03-01
8692,1509,30,Sports,361.63,5,France,2025-06-13
8693,1872,58,Beauty,372.01,2,Japan,2025-08-27
8694,1442,47,Books,420.75,1,Israel,2025-04-28
8695,1879,46,Gaming,280.93,1,USA,2025-03-23
8696,759,40,Clothing,33.38,4,USA,2025-09-09
8697,1370,17,Books,112.07,4,Japan,2025-02-02
8698,1197,9,Clothing,335.75,4,Australia,2025-06-16
8699,1190,25,Electronics,31.45,4,Germany,2025-02-02
8700,1306,15,Books,292.12,2,UK,2025-03-20
8701,1892,48,Books,224.62,1,USA,2025-08-04
8702,1511,73,Electronics,349.05,2,Japan,2025-05-03
8703,544,38,Clothing,393.03,2,USA,2025-07-18
8704,220,40,Clothing,147.15,3,Australia,2025-04-05
8705,1286,34,Beauty,87.97,3,Germany,2025-02-27
8706,1320,65,Sports,334.29,4,UK,2025-06-06
8707,220,5,Sports,436.36,4,USA,2025-02-24
8708,941,50,Clothing,427.72,5,Israel,2025-01-12
8709,459,75,Sports,434.9,5,Japan,2025-09-03
8710,202,16,Home,489.86,3,France,2025-09-06
8711,1992,31,Clothing,445.84,2,Japan,2025-03-27
8712,1680,25,Electronics,213.33,1,UK,2025-02-18
8713,1616,73,Electronics,265.81,3,France,2025-06-15
8714,1990,74,Clothing,35.56,5,USA,2025-04-23
8715,1409,22,Home,162.13,4,Canada,2025-05-26
8716,393,14,Clothing,448.5,5,Canada,2025-03-03
8717,1780,4,Gaming,433.5,1,UK,2025-12-04
8718,572,32,Gaming,476.77,2,Japan,2025-05-13
8719,856,56,Gaming,77.05,3,USA,2025-12-17
8720,1599,15,Books,396.87,5,Israel,2025-07-07
8721,1640,30,Sports,151.1,5,Japan,2025-02-22
8722,1306,14,Clothing,19.98,2,Israel,2025-08-01
8723,957,27,Beauty,424.92,1,France,2025-06-05
8724,457,53,Sports,430.99,5,USA,2025-11-22
8725,479,34,Beauty,254.75,3,Israel,2025-06-04
8726,129,39,Clothing,434.09,2,Canada,2025-09-04
8727,1124,2,Sports,79.92,3,Australia,2025-04-19
8728,705,49,Beauty,489.73,4,Australia,2025-08-09
8729,1612,8,Gaming,257.17,2,France,2025-03-14
8730,1190,11,Toys,167.23,2,Australia,2025-11-09
8731,1396,38,Clothing,409.57,3,UK,2025-06-25
8732,229,61,Sports,180.62,2,Japan,2025-04-21
8733,1176,31,Clothing,346.31,3,USA,2025-07-10
8734,1740,65,Sports,483.84,5,Germany,2025-02-19
8735,1685,77,Toys,284.05,1,Israel,2025-07-14
8736,1219,49,Beauty,85.68,4,Canada,2025-05-19
8737,378,66,Clothing,204.34,1,Australia,2025-01-01
8738,1004,77,Toys,191.02,2,Israel,2025-04-23
8739,895,71,Clothing,254.57,2,Germany,2025-01-16
8740,1514,75,Sports,296.18,1,Germany,2025-05-24
8741,126,19,Books,192.15,5,USA,2025-03-20
8742,878,26,Gaming,273.8,4,Germany,2025-05-04
8743,1712,11,Toys,125.09,4,UK,2025-02-21
8744,798,68,Home,35.95,5,UK,2025-10-08
8745,625,50,Clothing,178.97,4,Canada,2025-09-06
8746,1039,32,Gaming,320.7,4,Israel,2025-11-14
8747,1204,62,Toys,497.28,1,Japan,2025-05-08
8748,1153,1,Sports,477.29,2,France,2025-02-13
8749,337,70,Books,7.89,3,Australia,2025-08-26
8750,1434,47,Books,181.65,5,Japan,2025-02-05
8751,363,27,Beauty,80.76,4,Japan,2025-05-27
8752,92,32,Gaming,10.42,4,Germany,2025-12-22
8753,1952,50,Clothing,343.33,2,Germany,2025-07-19
8754,1249,1,Sports,104.5,3,USA,2025-04-22
8755,1592,43,Books,460.61,4,Israel,2025-05-16
8756,1894,6,Toys,191.51,5,Australia,2025-01-14
8757,863,2,Sports,411.35,5,USA,2025-09-17
8758,1875,59,Home,485.68,4,Israel,2025-05-02
8759,638,46,Gaming,279.42,2,USA,2025-09-10
8760,1097,55,Home,88.01,3,Germany,2025-04-17
8761,1204,74,Clothing,396.84,4,Canada,2025-08-11
8762,69,61,Sports,419.81,4,Japan,2025-03-16
8763,419,48,Books,183.24,3,UK,2025-06-27
8764,866,14,Clothing,455.62,1,USA,2025-06-27
8765,838,77,Toys,85.68,5,UK,2025-08-01
8766,972,13,Sports,406.49,2,France,2025-03-21
8767,1998,69,Sports,1.04,0,USA,2025-05-13
8768,432,79,Sports,154.34,3,Canada,2025-01-11
8769,1535,45,Clothing,472.74,2,Japan,2025-09-28
8770,334,46,Gaming,210.3,5,Japan,2025-06-15
8771,1292,26,Gaming,148.04,2,Australia,2025-03-20
8772,1882,16,Home,260.57,4,Germany,2025-01-03
8773,493,52,Sports,470.7,4,Australia,2025-03-11
8774,1227,54,Gaming,444.97,2,Germany,2025-07-19
8775,349,35,Sports,3.45,4,France,2025-10-27
8776,323,72,Electronics,413.98,1,UK,2025-06-15
8777,492,72,Electronics,244.48,5,Israel,2025-10-13
8778,912,78,Clothing,254.32,4,Japan,2025-04-22
8779,807,6,Toys,138.7,3,Japan,2025-02-13
8780,721,58,Beauty,280.31,5,UK,2025-03-18
8781,1641,24,Beauty,274.16,2,UK,2025-06-07
8782,1830,68,Home,61.59,1,USA,2025-08-09
8783,1927,3,Gaming,48.8,1,Japan,2025-07-11
8784,324,63,Books,154.28,3,UK,2025-06-26
8785,796,21,Beauty,379.61,2,Japan,2025-01-22
8786,1988,55,Home,465.67,4,Australia,2025-12-27
8787,1602,43,Books,404.64,3,Japan,2025-07-18
8788,102,76,Clothing,165.71,5,Canada,2025-11-19
8789,649,18,Beauty,183.13,4,Japan,2025-04-04
8790,1671,9,Clothing,16.0,4,USA,2025-03-15
8791,951,3,Gaming,76.48,2,UK,2025-04-12
8792,1212,78,Clothing,68.81,5,France,2025-12-25
8793,1179,18,Beauty,498.99,2,Canada,2025-02-01
8794,1914,76,Clothing,427.95,2,Japan,2025-01-05
8795,1311,65,Sports,257.93,5,Japan,2025-12-03
8796,323,31,Clothing,385.89,5,UK,2025-12-09
8797,906,62,Toys,134.35,1,Japan,2025-09-27
8798,1790,23,Home,448.23,2,USA,2025-09-24
8799,1744,12,Clothing,189.36,1,USA,2025-11-22
8800,1908,16,Home,192.48,2,France,2025-07-08
8801,1350,29,Toys,402.87,2,Australia,2025-01-18
8802,978,64,Beauty,478.36,1,UK,2025-04-25
8803,1461,62,Toys,58.99,4,Canada,2025-12-18
8804,1584,63,Books,385.62,4,UK,2025-09-06
8805,57,28,Clothing,266.22,4,Germany,2025-10-04
8806,1404,64,Beauty,453.07,5,Canada,2025-05-22
8807,871,67,Gaming,306.49,3,Japan,2025-06-25
8808,387,31,Clothing,480.04,4,France,2025-08-15
8809,505,37,Gaming,206.18,4,UK,2025-07-13
8810,477,36,Gaming,54.09,5,France,2025-04-08
8811,1975,40,Clothing,74.53,3,France,2025-10-10
8812,84,37,Gaming,168.83,3,Australia,2025-08-25
8813,1139,26,Gaming,457.15,3,Israel,2025-11-16
8814,737,56,Gaming,325.51,4,UK,2025-01-14
8815,1185,46,Gaming,48.99,2,Japan,2025-03-06
8816,883,6,Toys,235.47,3,France,2025-06-08
8817,1425,25,Electronics,350.41,5,Australia,2025-01-24
8818,524,28,Clothing,61.53,1,Australia,2025-01-03
8819,170,70,Books,411.34,5,Japan,2025-12-20
8820,681,12,Clothing,293.63,3,France,2025-04-12
8821,1716,38,Clothing,400.08,5,Canada,2025-09-07
8822,1438,17,Books,418.88,2,UK,2025-01-02
8823,1073,5,Sports,2.76,5,USA,2025-10-26
8824,1308,80,Beauty,284.98,2,Canada,2025-05-14
8825,1754,22,Home,347.74,3,Australia,2025-09-05
8826,159,74,Clothing,217.92,5,Canada,2025-08-01
8827,1586,31,Clothing,164.28,1,USA,2025-08-16
8828,1592,46,Gaming,241.61,2,Germany,2025-06-07
8829,137,48,Books,129.63,5,Japan,2025-11-05
8830,931,13,Sports,102.88,3,Israel,2025-03-13
8831,1998,29,Toys,64.14,4,Germany,2025-12-08
8832,774,38,Clothing,433.89,2,France,2025-05-10
8833,513,44,Beauty,228.06,5,Australia,2025-11-11
8834,1623,33,Toys,404.05,5,Japan,2025-11-07
8835,1748,9,Clothing,29.78,2,France,2025-05-28
8836,600,71,Clothing,239.3,4,Germany,2025-06-22
8837,1181,21,Beauty,44.58,4,Australia,2025-03-20
8838,705,78,Clothing,433.54,4,Japan,2025-08-02
8839,603,78,Clothing,179.74,4,France,2025-01-13
8840,1210,19,Books,341.5,2,Australia,2025-02-17
8841,674,9,Clothing,301.14,3,Australia,2025-01-05
8842,900,18,Beauty,221.29,4,Germany,2025-03-26
8843,1700,59,Home,285.85,2,Canada,2025-06-15
8844,210,16,Home,257.16,5,USA,2025-02-02
8845,1454,37,Gaming,92.47,2,Germany,2025-05-23
8846,121,72,Electronics,299.59,1,Israel,2025-01-02
8847,1724,14,Clothing,434.27,3,USA,2025-06-02
8848,272,19,Books,96.8,4,Australia,2025-03-27
8849,1914,11,Toys,460.06,2,Germany,2025-09-16
8850,342,33,Toys,52.93,5,Israel,2025-12-10
8851,1991,10,Beauty,136.34,1,Canada,2025-04-02
8852,431,20,Home,16.36,4,France,2025-05-07
8853,840,77,Toys,402.82,2,Israel,2025-02-24
8854,26,77,Toys,385.73,5,Australia,2025-02-17
8855,1926,67,Gaming,59.1,5,Germany,2025-06-27
8856,114,63,Books,395.52,4,Germany,2025-01-13
8857,325,33,Toys,376.7,4,Australia,2025-06-08
8858,574,31,Clothing,68.69,5,USA,2025-01-28
8859,354,62,Toys,50.87,1,Germany,2025-11-22
8860,919,78,Clothing,465.33,3,USA,2025-12-02
8861,1383,12,Clothing,291.01,5,Australia,2025-09-10
8862,549,14,Clothing,475.93,4,France,2025-07-21
8863,1134,3,Gaming,49.7,3,Canada,2025-05-25
8864,1478,33,Toys,348.07,2,UK,2025-11-10
8865,767,9,Clothing,68.73,3,Israel,2025-02-18
8866,861,32,Gaming,222.84,3,UK,2025-09-20
8867,1944,61,Sports,373.8,4,Australia,2025-01-19
8868,658,8,Gaming,326.68,1,Canada,2025-11-15
8869,1976,1,Sports,164.79,5,Israel,2025-09-14
8870,795,63,Books,195.71,5,Canada,2025-02-05
8871,392,22,Home,232.35,1,Japan,2025-07-17
8872,1047,53,Sports,54.17,3,France,2025-04-05
8873,1062,18,Beauty,442.65,3,Germany,2025-12-11
8874,610,70,Books,429.19,2,France,2025-07-11
8875,623,77,Toys,79.2,2,Israel,2025-01-25
8876,1530,44,Beauty,402.14,3,Australia,2025-04-24
8877,264,42,Beauty,12.26,3,Israel,2025-12-25
8878,77,3,Gaming,442.97,1,Germany,2025-10-18
8879,1624,50,Clothing,208.73,3,Canada,2025-04-22
8880,268,21,Beauty,235.31,1,Japan,2025-07-16
8881,486,27,Beauty,48.69,2,Israel,2025-02-26
8882,1360,68,Home,221.15,5,Japan,2025-08-05
8883,186,38,Clothing,172.46,2,Germany,2025-04-01
8884,839,54,Gaming,4.61,4,UK,2025-02-11
8885,915,54,Gaming,250.47,5,UK,2025-08-23
8886,458,59,Home,386.82,5,Australia,2025-01-28
8887,308,29,Toys,258.31,4,Israel,2025-02-18
8888,1774,75,Sports,322.36,1,UK,2025-09-13
8889,1691,33,Toys,376.55,5,France,2025-04-01
8890,1973,12,Clothing,323.41,2,UK,2025-04-19
8891,1279,29,Toys,396.21,1,France,2025-02-08
8892,1457,63,Books,450.23,1,UK,2025-06-23
8893,1029,51,Clothing,360.1,1,Canada,2025-01-09
8894,1700,43,Books,8.56,4,Japan,2025-05-09
8895,623,77,Toys,399.5,2,USA,2025-12-12
8896,614,1,Sports,13.9,1,Israel,2025-01-24
8897,1986,20,Home,-68.47,2,Canada,2025-04-26
8898,805,67,Gaming,493.14,3,Israel,2025-01-26
8899,431,34,Beauty,27.21,2,Canada,2025-06-08
8900,1293,80,Beauty,443.88,1,Australia,2025-03-18
8901,75,27,Beauty,470.89,2,Japan,2025-03-28
8902,256,58,Beauty,474.0,1,Australia,2025-03-27
8903,1325,79,Sports,288.17,1,UK,2025-05-09
8904,801,43,Books,394.01,4,Japan,2025-06-11
8905,1525,38,Clothing,480.63,1,Japan,2025-03-08
8906,1261,58,Beauty,188.14,1,Australia,2025-08-16
8907,1096,7,Gaming,235.46,2,France,2025-07-21
8908,298,77,Toys,253.15,3,Canada,2025-11-20
8909,171,66,Clothing,439.36,3,USA,2025-06-09
8910,1312,14,Clothing,63.45,2,Israel,2025-05-07
8911,1340,55,Home,377.78,1,Australia,2025-03-12
8912,15,39,Clothing,210.98,1,Germany,2025-07-24
8913,1392,38,Clothing,452.5,3,UK,2025-11-20
8914,1057,58,Beauty,326.72,5,Australia,2025-04-27
8915,312,19,Books,46.97,1,UK,2025-05-19
8916,1450,2,Sports,53.08,3,Germany,2025-09-01
8917,1565,53,Sports,72.86,3,USA,2025-02-08
8918,1466,47,Books,136.43,3,Canada,2025-11-06
8919,91,28,Clothing,241.28,1,Australia,2025-01-22
8920,1044,50,Clothing,316.02,4,UK,2025-11-01
8921,491,77,Toys,461.84,4,UK,2025-09-15
8922,1415,69,Sports,168.38,1,Canada,2025-10-03
8923,1641,10,Beauty,225.86,4,Japan,2025-03-23
8924,1402,37,Gaming,410.55,5,Australia,2025-09-12
8925,1364,51,Clothing,171.01,2,Australia,2025-07-21
8926,1077,47,Books,131.53,3,Canada,2025-12-03
8927,453,18,Beauty,208.19,5,Australia,2025-11-15
8928,1532,52,Sports,308.07,3,France,2025-07-13
8929,968,7,Gaming,465.06,5,France,2025-08-22
8930,1574,10,Beauty,331.01,3,Israel,2025-10-25
8931,6,50,Clothing,82.3,1,UK,2025-02-21
8932,1610,16,Home,154.46,1,Canada,2025-03-04
8933,1779,22,Home,443.12,3,Canada,2025-11-14
8934,1625,13,Sports,366.66,4,Israel,2025-10-23
8935,1588,63,Books,225.92,4,USA,2025-03-04
8936,1335,38,Clothing,419.4,5,France,2025-05-10
8937,1097,2,Sports,44.23,1,Australia,2025-02-24
8938,1780,58,Beauty,237.27,5,UK,2025-04-16
8939,1449,77,Toys,95.55,0,Israel,2025-12-24
8940,319,24,Beauty,361.92,5,Canada,2025-10-28
8941,431,28,Clothing,454.44,5,Australia,2025-01-28
8942,141,75,Sports,200.03,3,USA,2025-02-01
8943,445,50,Clothing,476.48,1,UK,2025-03-22
8944,610,19,Books,90.24,2,Israel,2025-12-12
8945,783,50,Clothing,190.19,3,UK,2025-08-11
8946,1553,24,Beauty,173.9,4,Canada,2025-03-27
8947,718,45,Clothing,161.31,3,France,2025-06-19
8948,892,66,Clothing,276.18,4,USA,2025-06-19
8949,757,1,Sports,457.69,4,Japan,2025-09-09
8950,1466,66,Clothing,301.28,5,France,2025-02-27
8951,1800,75,Sports,305.31,2,Germany,2025-09-20
8952,1943,15,Books,492.48,4,UK,2025-05-19
8953,1846,20,Home,166.59,4,Australia,2025-08-28
8954,1330,72,Electronics,404.11,4,France,2025-09-21
8955,1144,29,Toys,476.62,3,USA,2025-11-03
8956,951,23,Home,55.38,1,Japan,2025-06-19
8957,404,53,Sports,395.51,3,Australia,2025-08-10
8958,490,5,Sports,333.86,3,UK,2025-06-17
8959,1794,24,Beauty,87.69,4,Australia,2025-06-15
8960,780,24,Beauty,381.45,3,UK,2025-02-10
8961,26,66,Clothing,200.59,3,Australia,2025-02-28
8962,988,27,Beauty,29.08,4,USA,2025-07-06
8963,856,50,Clothing,97.14,5,Japan,2025-06-10
8964,1933,21,Beauty,126.22,2,Canada,2025-12-15
8965,1757,75,Sports,220.97,3,Germany,2025-06-28
8966,1824,26,Gaming,176.8,3,France,2025-11-18
8967,386,4,Gaming,488.56,5,Japan,2025-06-23
8968,173,79,Sports,370.79,3,USA,2025-03-14
8969,1035,48,Books,100.24,2,France,2025-06-04
8970,308,23,Home,201.74,1,Japan,2025-08-12
8971,886,71,Clothing,405.93,2,USA,2025-08-08
8972,1530,59,Home,142.76,1,UK,2025-10-01
8973,1071,52,Sports,18.76,1,France,2025-11-08
8974,1586,23,Home,22.22,1,Japan,2025-09-05
8975,994,41,Clothing,266.79,1,UK,2025-02-26
8976,1001,65,Sports,131.14,3,Israel,2025-10-19
8977,43,62,Toys,317.46,5,Australia,2025-09-07
8978,1341,51,Clothing,223.45,2,UK,2025-07-23
8979,589,72,Electronics,188.74,5,Japan,2025-06-19
8980,1739,40,Clothing,371.38,2,UK,2025-12-17
8981,1229,68,Home,160.52,1,USA,2025-12-14
8982,931,19,Books,429.92,3,Israel,2025-06-12
8983,1977,51,Clothing,125.1,1,France,2025-11-02
8984,890,76,Clothing,186.83,5,Germany,2025-06-27
8985,1482,64,Beauty,485.04,3,Australia,2025-11-27
8986,1772,21,Beauty,243.21,2,Japan,2025-10-27
8987,3,62,Toys,279.95,4,Japan,2025-06-14
8988,508,9,Clothing,447.53,2,Australia,2025-04-15
8989,1237,45,Clothing,155.57,5,UK,2025-10-27
8990,457,53,Sports,173.22,4,UK,2025-12-05
8991,1697,75,Sports,112.06,1,Canada,2025-05-13
8992,142,63,Books,184.77,3,Canada,2025-12-18
8993,344,9,Clothing,154.74,4,Australia,2025-01-24
8994,85,36,Gaming,490.11,4,Germany,2025-12-05
8995,930,19,Books,42.4,2,Australia,2025-08-07
8996,1081,30,Sports,223.33,3,UK,2025-12-16
8997,777,18,Beauty,495.3,4,UK,2025-04-24
8998,23,35,Sports,368.92,5,Australia,2025-10-08
8999,673,61,Sports,394.32,3,Germany,2025-04-12
9000,1297,41,Clothing,412.85,2,USA,2025-05-19
9001,1830,74,Clothing,109.03,3,France,2025-06-15
9002,1822,54,Gaming,104.93,3,UK,2025-07-17
9003,1009,67,Gaming,52.49,1,Germany,2025-01-01
9004,1376,21,Beauty,64.74,5,USA,2025-11-08
9005,1097,68,Home,436.81,5,Japan,2025-08-07
9006,1123,35,Sports,55.76,5,Japan,2025-03-25
9007,1378,18,Beauty,371.99,4,Israel,2025-02-03
9008,1839,8,Gaming,496.31,5,Germany,2025-05-13
9009,1476,6,Toys,248.58,3,Israel,2025-09-11
9010,1434,34,Beauty,258.8,5,Canada,2025-10-12
9011,1834,55,Home,38.05,1,Australia,2025-01-17
9012,1165,28,Clothing,77.91,2,Australia,2025-08-13
9013,165,55,Home,265.4,2,Germany,2025-09-24
9014,1617,60,Gaming,446.79,3,Australia,2025-04-06
9015,1725,37,Gaming,216.97,2,UK,2025-05-10
9016,1589,75,Sports,302.69,5,France,2025-04-02
9017,1747,80,Beauty,162.32,3,France,2025-04-10
9018,831,46,Gaming,403.68,4,UK,2025-11-10
9019,405,11,Toys,202.99,5,USA,2025-02-16
9020,1468,18,Beauty,364.05,4,Germany,2025-08-10
9021,1311,44,Beauty,233.2,2,Canada,2025-10-20
9022,1525,69,Sports,275.42,2,USA,2025-01-06
9023,1322,32,Gaming,56.65,1,USA,2025-12-25
9024,1376,16,Home,227.31,5,Israel,2025-08-09
9025,1395,42,Beauty,128.91,2,UK,2025-02-20
9026,128,1,Sports,76.82,1,USA,2025-12-04
9027,1483,57,Beauty,225.57,3,UK,2025-05-14
9028,826,21,Beauty,35.82,4,Japan,2025-06-23
9029,1078,23,Home,471.99,1,Canada,2025-08-19
9030,1172,36,Gaming,209.14,5,UK,2025-04-14
9031,498,79,Sports,134.16,4,Germany,2025-10-06
9032,604,53,Sports,151.6,5,UK,2025-03-16
9033,1877,6,Toys,422.79,5,Japan,2025-12-02
9034,930,49,Beauty,343.48,1,Israel,2025-09-14
9035,1731,43,Books,321.96,5,UK,2025-11-03
9036,1123,37,Gaming,338.08,3,Canada,2025-05-15
9037,1019,26,Gaming,314.86,4,UK,2025-03-22
9038,1379,47,Books,497.22,4,Canada,2025-03-26
9039,973,11,Toys,411.25,4,Australia,2025-09-21
9040,965,58,Beauty,483.36,5,USA,2025-01-09
9041,346,8,Gaming,416.16,2,Canada,2025-11-07
9042,1482,69,Sports,84.71,4,UK,2025-04-25
9043,1271,60,Gaming,408.25,4,Canada,2025-01-05
9044,771,30,Sports,374.56,5,France,2025-12-28
9045,958,56,Gaming,77.42,5,UK,2025-12-20
9046,581,61,Sports,95.72,5,UK,2025-06-08
9047,1555,31,Clothing,200.34,4,USA,2025-04-07
9048,72,44,Beauty,330.16,2,USA,2025-07-24
9049,1345,34,Beauty,90.68,5,Australia,2025-03-13
9050,1484,3,Gaming,425.87,2,USA,2025-11-01
9051,302,54,Gaming,6.25,5,Australia,2025-09-03
9052,1272,33,Toys,14.73,3,Israel,2025-04-19
9053,273,18,Beauty,489.69,5,France,2025-12-21
9054,48,37,Gaming,148.81,2,France,2025-01-11
9055,846,54,Gaming,34.39,1,Japan,2025-04-15
9056,322,27,Beauty,456.24,5,Israel,2025-12-18
9057,1611,54,Gaming,210.58,2,Canada,2025-04-20
9058,444,2,Sports,287.14,5,Japan,2025-04-19
9059,578,5,Sports,165.71,1,Israel,2025-03-22
9060,1022,43,Books,228.99,5,Australia,2025-09-25
9061,1491,44,Beauty,84.75,4,Canada,2025-06-21
9062,359,61,Sports,359.07,2,USA,2025-09-20
9063,501,10,Beauty,123.7,2,France,2025-05-06
9064,958,20,Home,335.64,5,Israel,2025-07-11
9065,1801,7,Gaming,28.56,4,Canada,2025-09-04
9066,128,73,Electronics,94.31,3,France,2025-07-16
9067,1115,1,Sports,317.62,2,Canada,2025-09-23
9068,1968,27,Beauty,206.91,5,Australia,2025-01-03
9069,1765,72,Electronics,455.97,3,Australia,2025-04-17
9070,1920,43,Books,357.42,5,Germany,2025-03-24
9071,642,54,Gaming,352.56,1,Japan,2025-09-02
9072,1866,54,Gaming,195.48,2,Australia,2025-02-28
9073,1499,38,Clothing,3.71,3,UK,2025-11-10
9074,315,29,Toys,373.55,2,USA,2025-09-23
9075,785,22,Home,63.98,1,Israel,2025-01-02
9076,1869,79,Sports,219.12,5,Australia,2025-02-01
9077,1624,40,Clothing,477.28,4,France,2025-06-25
9078,366,70,Books,343.72,1,Canada,2025-10-15
9079,1820,67,Gaming,406.59,5,Israel,2025-10-09
9080,1586,64,Beauty,106.52,4,Germany,2025-04-25
9081,675,72,Electronics,169.2,4,France,2025-09-07
9082,34,21,Beauty,42.94,1,Germany,2025-05-21
9083,1134,47,Books,66.1,3,France,2025-05-28
9084,1104,22,Home,346.17,5,UK,2025-02-03
9085,972,16,Home,126.76,2,Japan,2025-03-02
9086,1463,53,Sports,384.22,3,UK,2025-05-13
9087,620,29,Toys,243.2,3,Germany,2025-08-02
9088,163,64,Beauty,278.6,1,Japan,2025-06-02
9089,831,13,Sports,381.54,1,Germany,2025-05-23
9090,714,40,Clothing,335.98,4,France,2025-11-20
9091,1528,37,Gaming,310.16,2,Israel,2025-01-28
9092,277,30,Sports,292.44,1,Israel,2025-05-02
9093,753,48,Books,247.66,2,Canada,2025-11-11
9094,767,46,Gaming,371.52,1,Japan,2025-05-27
9095,1003,14,Clothing,244.28,1,USA,2025-08-12
9096,72,52,Sports,356.41,1,France,2025-12-17
9097,481,26,Gaming,324.78,1,Canada,2025-11-14
9098,1223,12,Clothing,457.35,1,Japan,2025-11-26
9099,506,68,Home,141.81,4,USA,2025-07-01
9100,426,71,Clothing,138.76,5,USA,2025-05-23
9101,1945,29,Toys,174.51,3,Japan,2025-07-11
9102,714,7,Gaming,282.51,1,Germany,2025-02-22
9103,1586,65,Sports,16.18,3,UK,2025-08-24
9104,703,76,Clothing,126.73,2,Israel,2025-04-09
9105,602,63,Books,261.71,3,France,2025-01-21
9106,157,24,Beauty,137.67,5,Australia,2025-01-06
9107,1739,53,Sports,95.05,2,Japan,2025-05-17
9108,1674,77,Toys,16.57,5,UK,2025-08-21
9109,1763,8,Gaming,266.95,3,Germany,2025-09-21
9110,1630,72,Electronics,494.63,3,USA,2025-02-14
9111,440,16,Home,415.76,2,France,2025-01-18
9112,1380,6,Toys,181.17,3,USA,2025-05-20
9113,761,33,Toys,156.08,3,Germany,2025-12-17
9114,1378,50,Clothing,426.9,3,Japan,2025-11-02
9115,1700,52,Sports,176.42,1,Germany,2025-05-18
9116,323,65,Sports,303.62,3,Japan,2025-01-22
9117,464,36,Gaming,51.48,2,Japan,2025-10-05
9118,1037,6,Toys,49.3,4,UK,2025-07-07
9119,838,37,Gaming,32.76,5,France,2025-07-11
9120,1380,63,Books,204.99,2,Australia,2025-09-25
9121,576,32,Gaming,403.42,1,Australia,2025-04-25
9122,1049,17,Books,178.89,4,Germany,2025-04-01
9123,925,27,Beauty,368.48,1,Canada,2025-11-08
9124,608,16,Home,74.5,3,France,2025-06-05
9125,1504,20,Home,261.22,3,Australia,2025-05-25
9126,1821,7,Gaming,357.51,2,UK,2025-05-07
9127,532,28,Clothing,437.95,4,Australia,2025-10-07
9128,1626,23,Home,172.47,1,Israel,2025-06-25
9129,783,64,Beauty,47.93,5,France,2025-12-16
9130,1656,44,Beauty,274.92,1,Australia,2025-06-25
9131,1087,35,Sports,259.07,5,UK,2025-05-24
9132,975,73,Electronics,146.75,5,Canada,2025-07-20
9133,133,41,Clothing,222.4,2,Germany,2025-12-17
9134,1203,4,Gaming,10.7,5,France,2025-12-09
9135,156,30,Sports,199.86,1,Germany,2025-04-27
9136,724,28,Clothing,373.12,5,France,2025-12-01
9137,389,3,Gaming,463.47,1,USA,2025-09-08
9138,818,8,Gaming,314.47,3,Israel,2025-04-09
9139,1459,41,Clothing,316.68,1,Germany,2025-09-21
9140,779,26,Gaming,221.98,2,France,2025-12-07
9141,1726,7,Gaming,125.16,2,France,2025-07-25
9142,674,33,Toys,417.61,4,Canada,2025-09-02
9143,822,54,Gaming,212.86,3,UK,2025-12-08
9144,990,45,Clothing,309.41,2,Israel,2025-04-13
9145,1093,44,Beauty,146.69,1,Canada,2025-10-02
9146,476,60,Gaming,70.45,2,Australia,2025-12-24
9147,1520,54,Gaming,471.09,1,USA,2025-09-10
9148,1330,66,Clothing,205.54,1,France,2025-05-23
9149,412,80,Beauty,375.9,5,Australia,2025-02-21
9150,912,70,Books,195.7,3,Canada,2025-09-23
9151,1033,79,Sports,90.06,4,Canada,2025-11-17
9152,20,24,Beauty,125.0,1,UK,2025-09-14
9153,766,30,Sports,326.89,3,USA,2025-06-16
9154,1818,15,Books,167.59,5,Canada,2025-01-18
9155,1120,21,Beauty,266.11,3,Israel,2025-09-21
9156,303,48,Books,443.6,3,Australia,2025-05-11
9157,31,38,Clothing,333.2,4,Canada,2025-02-11
9158,113,9,Clothing,283.13,5,France,2025-11-15
9159,1856,66,Clothing,429.23,4,Israel,2025-09-04
9160,1188,28,Clothing,362.7,3,Germany,2025-02-20
9161,912,10,Beauty,303.97,1,Japan,2025-06-13
9162,418,39,Clothing,59.92,5,Canada,2025-05-09
9163,523,32,Gaming,484.96,4,Germany,2025-03-08
9164,559,49,Beauty,232.52,3,Australia,2025-05-21
9165,313,60,Gaming,351.16,1,Australia,2025-11-02
9166,873,16,Home,444.77,4,UK,2025-10-01
9167,1825,44,Beauty,435.7,3,USA,2025-12-28
9168,168,7,Gaming,467.38,3,Canada,2025-08-12
9169,1485,19,Books,472.75,2,Germany,2025-07-06
9170,1848,28,Clothing,490.28,2,Germany,2025-03-17
9171,522,67,Gaming,285.58,2,Australia,2025-01-28
9172,816,21,Beauty,68.09,4,France,2025-09-25
9173,1401,21,Beauty,200.61,1,Canada,2025-11-16
9174,1549,67,Gaming,405.34,5,France,2025-07-11
9175,6,5,Sports,471.04,3,Israel,2025-11-11
9176,1663,23,Home,66.88,3,Canada,2025-12-10
9177,485,44,Beauty,178.38,1,France,2025-02-07
9178,1919,2,Sports,274.42,1,USA,2025-12-18
9179,884,54,Gaming,475.22,3,USA,2025-10-11
9180,172,58,Beauty,252.96,5,Australia,2025-10-03
9181,385,34,Beauty,37.43,5,Canada,2025-04-24
9182,321,39,Clothing,5.88,1,Japan,2025-02-15
9183,392,25,Electronics,258.77,1,France,2025-07-17
9184,1957,28,Clothing,202.42,1,UK,2025-06-22
9185,632,23,Home,127.63,1,Japan,2025-09-18
9186,1549,33,Toys,331.17,5,Israel,2025-01-08
9187,1730,21,Beauty,224.74,2,Canada,2025-08-16
9188,513,30,Sports,82.21,3,Germany,2025-04-28
9189,1039,55,Home,232.18,2,Australia,2025-05-16
9190,426,19,Books,389.1,3,USA,2025-09-08
9191,574,66,Clothing,70.6,5,Australia,2025-12-06
9192,805,19,Books,308.1,4,Canada,2025-06-06
9193,919,22,Home,243.51,1,France,2025-03-22
9194,198,31,Clothing,60.75,2,Japan,2025-03-17
9195,638,11,Toys,97.62,4,UK,2025-01-15
9196,476,64,Beauty,455.0,1,Germany,2025-09-12
9197,934,54,Gaming,491.65,5,Japan,2025-12-15
9198,860,45,Clothing,360.3,4,Germany,2025-06-21
9199,1825,11,Toys,364.92,4,Israel,2025-04-03
9200,972,27,Beauty,336.56,3,France,2025-10-01
9201,482,13,Sports,442.13,1,Japan,2025-11-16
9202,1839,35,Sports,239.96,5,Canada,2025-04-17
9203,1775,49,Beauty,440.73,4,Israel,2025-09-03
9204,1864,46,Gaming,409.81,2,Israel,2025-07-13
9205,22,50,Clothing,324.87,3,Canada,2025-05-07
9206,1405,28,Clothing,158.92,2,USA,2025-12-16
9207,1706,77,Toys,464.44,1,UK,2025-06-21
9208,1064,35,Sports,87.86,5,Japan,2025-04-17
9209,1337,30,Sports,458.99,5,USA,2025-04-04
9210,988,36,Gaming,281.15,4,Japan,2025-12-08
9211,974,3,Gaming,277.11,3,France,2025-06-27
9212,1826,39,Clothing,161.56,5,Canada,2025-05-17
9213,670,44,Beauty,37.0,2,Germany,2025-12-03
9214,1871,39,Clothing,50.82,5,France,2025-06-07
9215,1553,21,Beauty,477.26,2,Australia,2025-07-27
9216,388,57,Beauty,398.11,3,USA,2025-04-13
9217,1023,26,Gaming,465.13,3,Germany,2025-02-11
9218,1985,7,Gaming,281.09,3,France,2025-12-03
9219,1347,10,Beauty,468.47,4,Israel,2025-06-01
9220,535,42,Beauty,389.65,5,Israel,2025-09-15
9221,384,56,Gaming,61.93,2,USA,2025-10-09
9222,729,36,Gaming,238.1,3,Israel,2025-06-06
9223,383,27,Beauty,311.77,5,Israel,2025-11-18
9224,157,60,Gaming,490.43,5,France,2025-03-02
9225,929,22,Home,346.72,1,France,2025-10-10
9226,1364,3,Gaming,446.92,3,Germany,2025-08-22
9227,119,2,Sports,70.17,4,USA,2025-12-27
9228,340,20,Home,125.83,1,Japan,2025-10-14
9229,1932,56,Gaming,62.57,5,Canada,2025-08-28
9230,109,42,Beauty,224.75,4,Canada,2025-02-18
9231,1291,59,Home,239.24,5,USA,2025-04-16
9232,32,10,Beauty,386.26,4,Japan,2025-05-13
9233,1171,3,Gaming,137.09,1,Germany,2025-06-01
9234,296,16,Home,92.22,4,Canada,2025-09-06
9235,1683,52,Sports,374.87,1,France,2025-06-05
9236,772,69,Sports,206.28,5,Canada,2025-10-03
9237,1363,30,Sports,350.14,1,Israel,2025-09-09
9238,178,14,Clothing,392.59,3,USA,2025-01-06
9239,736,63,Books,97.81,3,France,2025-05-07
9240,169,49,Beauty,434.2,2,France,2025-03-18
9241,1731,51,Clothing,223.19,3,Japan,2025-08-28
9242,803,18,Beauty,17.5,1,France,2025-06-24
9243,1502,28,Clothing,327.96,3,France,2025-02-15
9244,740,43,Books,415.5,5,UK,2025-08-22
9245,1396,13,Sports,314.92,5,France,2025-11-22
9246,171,8,Gaming,183.36,1,Germany,2025-05-20
9247,1205,49,Beauty,344.39,4,Australia,2025-04-22
9248,628,65,Sports,117.73,2,USA,2025-07-06
9249,1266,74,Clothing,73.09,1,Australia,2025-06-12
9250,759,33,Toys,238.85,5,Japan,2025-02-03
9251,1810,36,Gaming,56.75,1,France,2025-08-03
9252,1633,68,Home,30.64,2,Germany,2025-03-01
9253,609,56,Gaming,162.44,4,France,2025-05-05
9254,77,62,Toys,381.8,2,Germany,2025-09-16
9255,82,77,Toys,301.64,1,UK,2025-07-04
9256,1678,55,Home,424.6,3,Canada,2025-10-01
9257,177,57,Beauty,344.01,1,France,2025-11-06
9258,1803,4,Gaming,122.56,2,France,2025-08-04
9259,1543,22,Home,437.78,3,UK,2025-06-04
9260,1559,15,Books,123.58,2,USA,2025-12-10
9261,1962,32,Gaming,397.78,1,UK,2025-06-16
9262,1036,23,Home,153.13,3,Germany,2025-08-07
9263,1728,44,Beauty,50.09,5,Germany,2025-01-06
9264,1379,3,Gaming,212.79,5,UK,2025-09-20
9265,1504,3,Gaming,380.89,2,Japan,2025-10-22
9266,1347,64,Beauty,124.75,5,Canada,2025-05-16
9267,1989,13,Sports,224.8,4,Japan,2025-10-08
9268,851,58,Beauty,113.83,3,Japan,2025-02-28
9269,320,41,Clothing,112.67,2,USA,2025-03-16
9270,365,56,Gaming,72.18,3,Australia,2025-08-21
9271,473,57,Beauty,64.92,4,Japan,2025-12-12
9272,1553,34,Beauty,87.11,3,Israel,2025-10-10
9273,449,75,Sports,206.49,1,UK,2025-02-12
9274,387,76,Clothing,467.6,2,UK,2025-12-12
9275,1014,19,Books,368.36,5,France,2025-11-02
9276,1585,5,Sports,152.99,4,France,2025-09-26
9277,579,21,Beauty,244.57,5,Canada,2025-04-12
9278,1941,9,Clothing,51.33,2,France,2025-11-02
9279,1011,79,Sports,307.14,3,Israel,2025-08-11
9280,371,35,Sports,479.12,2,Canada,2025-12-02
9281,1762,68,Home,260.72,3,USA,2025-04-05
9282,623,47,Books,192.54,3,Australia,2025-04-03
9283,1504,19,Books,333.02,4,Israel,2025-11-19
9284,142,12,Clothing,87.52,3,Germany,2025-09-05
9285,1395,54,Gaming,137.76,2,UK,2025-10-25
9286,1783,16,Home,160.74,4,Israel,2025-08-03
9287,424,72,Electronics,104.1,3,Israel,2025-06-15
9288,1414,37,Gaming,208.75,5,Japan,2025-02-02
9289,709,15,Books,255.46,2,Germany,2025-03-18
9290,1212,80,Beauty,155.48,1,Canada,2025-11-02
9291,494,24,Beauty,284.5,4,UK,2025-05-08
9292,310,80,Beauty,342.71,5,Australia,2025-03-26
9293,1841,80,Beauty,312.24,1,Japan,2025-09-24
9294,1865,36,Gaming,483.55,1,France,2025-06-05
9295,736,30,Sports,not-a-price,3,Germany,2025-06-09
9296,501,75,Sports,157.39,5,USA,2025-04-10
9297,1887,33,Toys,470.85,1,UK,2025-06-05
9298,1044,42,Beauty,298.35,1,Germany,2025-04-12
9299,379,67,Gaming,450.64,2,Japan,2025-09-23
9300,1966,47,Books,301.09,3,Canada,2025-05-04
9301,1556,24,Beauty,45.42,0,Israel,2025-10-21
9302,174,74,Clothing,265.3,3,Canada,2025-03-16
9303,164,29,Toys,135.62,4,USA,2025-12-10
9304,704,52,Sports,56.64,3,Canada,2025-06-05
9305,1603,55,Home,254.07,1,Germany,2025-06-08
9306,1756,18,Beauty,178.45,2,Australia,2025-08-28
9307,931,7,Gaming,475.48,4,UK,2025-12-06
9308,922,21,Beauty,166.68,3,USA,2025-02-21
9309,714,4,Gaming,248.73,4,Canada,2025-06-09
9310,1516,74,Clothing,234.45,1,Australia,2025-01-28
9311,1436,78,Clothing,-55.05,5,Australia,2025-10-21
9312,571,65,Sports,336.74,1,USA,2025-12-24
9313,1663,47,Books,26.81,5,France,2025-06-23
9314,969,40,Clothing,50.61,1,Japan,2025-07-04
9315,189,45,Clothing,370.89,2,Israel,2025-12-14
9316,1812,79,Sports,297.65,1,Israel,2025-04-15
9317,1844,22,Home,244.99,3,Canada,2025-09-14
9318,1395,23,Home,228.17,4,Australia,2025-07-05
9319,1282,80,Beauty,462.09,5,Canada,2025-08-09
9320,85,53,Sports,490.77,1,Germany,2025-11-25
9321,76,30,Sports,300.18,1,Germany,2025-01-08
9322,764,71,Clothing,238.77,1,USA,2025-05-27
9323,811,75,Sports,98.09,4,Israel,2025-05-16
9324,1766,33,Toys,96.86,2,UK,2025-07-25
9325,1316,65,Sports,267.94,5,Germany,2025-04-10
9326,1302,19,Books,304.59,4,Japan,2025-12-25
9327,612,26,Gaming,448.45,2,UK,2025-11-16
9328,1042,57,Beauty,499.95,2,France,2025-04-05
9329,41,2,Sports,202.73,3,Israel,2025-03-16
9330,1479,77,Toys,134.2,1,Japan,2025-05-26
9331,347,22,Home,165.36,3,Germany,2025-11-04
9332,903,29,Toys,57.17,5,Australia,2025-06-02
9333,1530,29,Toys,192.42,4,France,2025-03-24
9334,596,69,Sports,415.83,3,Japan,2025-12-08
9335,1475,50,Clothing,426.62,3,Israel,2025-06-06
9336,533,40,Clothing,443.86,1,Australia,2025-07-27
9337,379,10,Beauty,288.58,5,Japan,2025-03-11
9338,549,16,Home,319.21,4,Japan,2025-01-15
9339,1324,8,Gaming,137.67,3,UK,2025-12-19
9340,1084,47,Books,334.63,5,Australia,2025-06-01
9341,46,26,Gaming,401.24,1,USA,2025-03-04
9342,565,49,Beauty,173.48,5,Australia,2025-03-05
9343,1997,47,Books,140.12,2,Germany,2025-02-05
9344,575,80,Beauty,5.33,3,Germany,2025-09-21
9345,762,56,Gaming,93.5,1,Germany,2025-06-26
9346,961,67,Gaming,203.43,1,Germany,2025-09-09
9347,1180,24,Beauty,11.28,3,France,2025-03-16
9348,693,19,Books,82.97,1,Canada,2025-02-19
9349,789,57,Beauty,318.91,2,France,2025-12-14
9350,1126,12,Clothing,247.14,5,Canada,2025-07-19
9351,1603,60,Gaming,162.99,2,Canada,2025-07-11
9352,452,28,Clothing,326.81,3,Japan,2025-01-14
9353,1051,11,Toys,40.16,2,Japan,2025-04-20
9354,37,27,Beauty,347.48,1,Israel,2025-09-07
9355,90,47,Books,189.5,1,Australia,2025-03-10
9356,870,39,Clothing,174.51,2,Australia,2025-08-19
9357,231,9,Clothing,271.63,1,France,2025-03-12
9358,127,42,Beauty,463.53,3,Canada,2025-11-11
9359,1537,47,Books,95.86,2,Israel,2025-06-07
9360,1574,11,Toys,275.05,2,Germany,2025-07-05
9361,1495,69,Sports,52.86,5,Australia,2025-07-27
9362,1163,45,Clothing,283.09,3,Canada,2025-09-03
9363,212,53,Sports,289.26,3,Germany,2025-07-23
9364,850,39,Clothing,361.58,1,Japan,2025-07-19
9365,298,44,Beauty,471.27,5,Japan,2025-12-01
9366,1741,17,Books,248.59,3,France,2025-12-12
9367,1158,2,Sports,451.29,2,UK,2025-07-11
9368,1880,39,Clothing,58.89,3,USA,2025-07-27
9369,594,6,Toys,357.43,5,France,2025-06-10
9370,686,61,Sports,439.48,5,Israel,2025-03-19
9371,233,19,Books,164.45,5,USA,2025-11-05
9372,1098,31,Clothing,143.09,1,USA,2025-09-07
9373,1123,51,Clothing,415.27,2,Israel,2025-04-15
9374,281,51,Clothing,354.39,4,Canada,2025-07-09
9375,849,29,Toys,449.1,3,Canada,2025-03-18
9376,731,78,Clothing,319.68,4,Canada,2025-09-20
9377,84,78,Clothing,86.0,4,UK,2025-05-28
9378,1305,47,Books,443.28,1,Germany,2025-07-27
9379,230,18,Beauty,169.28,3,Australia,2025-04-23
9380,449,43,Books,250.53,5,Israel,2025-10-20
9381,299,12,Clothing,123.68,5,France,2025-11-01
9382,1678,55,Home,445.99,1,Japan,2025-08-04
9383,609,57,Beauty,35.04,5,Australia,2025-07-27
9384,1155,27,Beauty,407.48,5,Japan,2025-07-22
9385,1331,30,Sports,409.95,5,Canada,2025-03-26
9386,822,9,Clothing,156.32,2,UK,2025-09-12
9387,1148,9,Clothing,305.33,5,France,2025-07-28
9388,346,41,Clothing,295.69,5,Germany,2025-06-10
9389,1671,42,Beauty,267.98,1,Japan,2025-02-09
9390,1270,64,Beauty,222.33,5,France,2025-11-01
9391,1732,47,Books,90.04,4,France,2025-10-07
9392,1026,12,Clothing,180.24,5,UK,2025-08-11
9393,741,69,Sports,86.19,3,Canada,2025-06-12
9394,1184,62,Toys,459.2,1,Germany,2025-05-13
9395,535,18,Beauty,16.0,2,Japan,2025-08-06
9396,1607,21,Beauty,222.96,2,France,2025-11-14
9397,397,29,Toys,367.1,3,Canada,2025-09-02
9398,763,18,Beauty,393.17,5,UK,2025-05-12
9399,1384,37,Gaming,410.91,4,Germany,2025-02-25
9400,682,61,Sports,306.54,5,Australia,2025-09-26
9401,1745,54,Gaming,369.49,2,Canada,2025-08-24
9402,721,52,Sports,414.37,4,France,2025-01-28
9403,1863,69,Sports,18.34,5,USA,2025-04-16
9404,1131,27,Beauty,359.69,4,Israel,2025-11-28
9405,1269,36,Gaming,338.95,2,UK,2025-04-17
9406,1914,67,Gaming,457.37,5,USA,2025-03-09
9407,955,38,Clothing,158.19,3,UK,2025-07-01
9408,526,11,Toys,169.53,3,Israel,2025-07-17
9409,990,32,Gaming,439.76,5,Australia,2025-09-17
9410,115,77,Toys,42.03,3,Canada,2025-05-17
9411,1467,74,Clothing,201.74,4,Canada,2025-11-28
9412,1192,71,Clothing,472.22,5,Israel,2025-09-12
9413,564,33,Toys,341.47,2,Australia,2025-05-11
9414,1131,23,Home,333.08,1,USA,2025-09-22
9415,766,74,Clothing,102.48,1,France,2025-05-27
9416,1568,50,Clothing,79.28,3,Israel,2025-11-19
9417,1426,68,Home,47.23,5,France,2025-09-20
9418,1521,65,Sports,103.31,3,Japan,2025-09-04
9419,831,10,Beauty,222.83,1,Canada,2025-01-16
9420,449,23,Home,355.54,5,France,2025-12-24
9421,882,36,Gaming,448.82,1,Israel,2025-08-09
9422,505,67,Gaming,40.76,3,UK,2025-11-27
9423,1117,9,Clothing,137.6,5,France,2025-05-20
9424,628,62,Toys,154.51,1,Canada,2025-12-27
9425,467,50,Clothing,255.05,3,Canada,2025-01-25
9426,854,49,Beauty,389.4,4,UK,2025-06-14
9427,1076,30,Sports,69.51,2,Israel,2025-11-27
9428,1016,22,Home,118.59,4,USA,2025-01-23
9429,1045,77,Toys,336.25,1,UK,2025-09-17
9430,1519,74,Clothing,247.94,5,Canada,2025-11-04
9431,919,75,Sports,124.32,2,USA,2025-07-16
9432,1339,44,Beauty,335.58,3,Japan,2025-11-02
9433,1481,59,Home,269.75,5,Canada,2025-06-10
9434,12,4,Gaming,136.51,2,USA,2025-08-17
9435,1592,29,Toys,487.01,5,UK,2025-10-20
9436,1135,50,Clothing,447.74,2,Australia,2025-12-22
9437,1378,46,Gaming,269.95,3,Canada,2025-05-03
9438,1335,49,Beauty,122.22,2,Canada,2025-08-09
9439,652,26,Gaming,277.35,2,Australia,2025-04-12
9440,856,40,Clothing,127.07,2,Canada,2025-04-28
9441,1896,79,Sports,450.65,1,France,2025-04-13
9442,174,13,Sports,319.03,2,USA,2025-12-26
9443,841,17,Books,289.58,4,France,2025-07-25
9444,810,71,Clothing,261.92,4,France,2025-03-03
9445,770,54,Gaming,331.66,5,Israel,2025-07-24
9446,1773,29,Toys,41.89,3,Germany,2025-03-24
9447,936,45,Clothing,427.17,2,UK,2025-08-25
9448,749,80,Beauty,286.47,5,USA,2025-05-19
9449,41,16,Home,257.03,3,Canada,2025-11-05
9450,405,2,Sports,213.19,1,Germany,2025-03-13
9451,1333,66,Clothing,180.86,3,Israel,2025-08-24
9452,91,64,Beauty,275.46,4,USA,2025-04-15
9453,698,38,Clothing,422.09,1,Germany,2025-02-24
9454,1609,35,Sports,371.29,3,Germany,2025-05-05
9455,1900,45,Clothing,107.66,4,UK,2025-08-10
9456,1341,63,Books,316.7,3,USA,2025-06-13
9457,738,44,Beauty,475.69,5,UK,2025-08-17
9458,1709,6,Toys,208.97,5,UK,2025-12-08
9459,348,8,Gaming,376.26,1,France,2025-04-21
9460,867,28,Clothing,151.58,1,UK,2025-02-14
9461,1968,14,Clothing,218.22,2,France,2025-01-04
9462,1336,7,Gaming,107.57,3,Israel,2025-01-20
9463,1141,4,Gaming,48.54,5,UK,2025-05-01
9464,619,18,Beauty,216.43,3,Canada,2025-06-09
9465,1000,37,Gaming,-24.33,2,UK,2025-03-03
9466,129,33,Toys,261.71,5,France,2025-02-09
9467,672,75,Sports,386.55,1,Japan,2025-05-05
9468,599,71,Clothing,17.52,3,UK,2025-03-08
9469,1247,44,Beauty,81.01,5,UK,2025-12-11
9470,1925,34,Beauty,397.47,5,Japan,2025-05-12
9471,1274,2,Sports,166.92,4,Israel,2025-05-22
9472,628,57,Beauty,92.17,1,Canada,2025-05-16
9473,528,19,Books,400.89,4,Australia,2025-12-23
9474,876,57,Beauty,7.23,5,UK,2025-12-19
9475,1226,65,Sports,259.28,3,Israel,2025-03-10
9476,1541,23,Home,357.36,3,Japan,2025-03-03
9477,1905,68,Home,244.11,5,Canada,2025-09-28
9478,317,52,Sports,327.01,2,UK,2025-03-01
9479,1664,49,Beauty,445.13,1,France,2025-08-15
9480,806,25,Electronics,401.04,3,Israel,2025-08-16
9481,145,57,Beauty,481.37,4,Germany,2025-01-11
9482,858,34,Beauty,185.89,3,UK,2025-06-11
9483,1222,61,Sports,489.32,2,Germany,2025-02-09
9484,510,72,Electronics,270.71,1,UK,2025-01-18
9485,1046,30,Sports,418.77,4,Australia,2025-10-23
9486,241,39,Clothing,262.81,4,UK,2025-03-02
9487,50,17,Books,453.05,5,UK,2025-09-23
9488,1679,46,Gaming,96.2,1,USA,2025-01-13
9489,1443,48,Books,81.2,3,Israel,2025-07-28
9490,357,22,Home,357.21,1,Australia,2025-02-15
9491,1121,61,Sports,171.19,2,UK,2025-12-27
9492,627,26,Gaming,470.13,3,USA,2025-08-18
9493,50,48,Books,371.34,5,Germany,2025-06-23
9494,1945,54,Gaming,298.72,1,Australia,2025-04-25
9495,1628,17,Books,287.14,3,France,2025-02-02
9496,1535,75,Sports,145.62,4,Japan,2025-10-11
9497,89,64,Beauty,69.13,1,Germany,2025-06-23
9498,341,46,Gaming,295.66,2,UK,2025-03-17
9499,1991,16,Home,369.91,1,Israel,2025-12-04
9500,547,65,Sports,457.12,1,Australia,2025-06-15
9501,1929,50,Clothing,269.82,5,France,2025-11-13
9502,910,59,Home,238.1,5,Australia,2025-10-17
9503,1340,14,Clothing,437.31,4,Israel,2025-02-19
9504,423,65,Sports,121.16,1,Canada,2025-09-19
9505,393,46,Gaming,22.59,4,Australia,2025-10-21
9506,17,6,Toys,266.55,5,France,2025-02-20
9507,1268,4,Gaming,256.77,4,Israel,2025-11-05
9508,63,16,Home,29.96,5,Australia,2025-05-22
9509,95,10,Beauty,427.3,2,USA,2025-08-03
9510,1704,48,Books,306.21,1,UK,2025-01-19
9511,718,8,Gaming,4.37,4,USA,2025-12-09
9512,552,36,Gaming,81.68,2,France,2025-12-01
9513,1207,33,Toys,32.46,5,USA,2025-12-26
9514,1764,9,Clothing,216.33,5,Japan,2025-03-07
9515,693,23,Home,303.44,3,USA,2025-01-02
9516,1689,24,Beauty,215.22,4,Israel,2025-09-04
9517,409,78,Clothing,274.17,1,France,2025-11-19
9518,865,34,Beauty,243.65,4,Japan,2025-05-27
9519,878,45,Clothing,296.53,4,Israel,2025-09-24
9520,882,6,Toys,364.26,5,Germany,2025-12-06
9521,439,63,Books,197.92,3,Japan,2025-05-23
9522,852,79,Sports,85.55,1,Germany,2025-04-22
9523,1111,25,Electronics,225.18,2,Canada,2025-08-20
9524,1791,60,Gaming,373.36,4,Canada,2025-03-25
9525,1324,4,Gaming,498.61,1,Germany,2025-07-24
9526,943,8,Gaming,50.0,3,Japan,2025-09-11
9527,1272,27,Beauty,61.16,5,Canada,2025-05-27
9528,1478,41,Clothing,88.39,3,Israel,2025-09-13
9529,1790,47,Books,315.87,5,Japan,2025-08-27
9530,444,5,Sports,84.92,5,UK,2025-08-27
9531,357,71,Clothing,not-a-price,5,France,2025-12-28
9532,1327,14,Clothing,406.74,3,Israel,2025-07-03
9533,68,47,Books,78.29,4,Japan,2025-03-22
9534,1520,12,Clothing,145.25,3,Germany,2025-10-26
9535,1265,68,Home,333.2,2,Australia,2025-05-01
9536,1329,13,Sports,87.97,3,Australia,2025-07-14
9537,1272,25,Electronics,85.49,2,UK,2025-10-16
9538,5,54,Gaming,400.84,1,Japan,2025-02-21
9539,1376,62,Toys,251.15,2,UK,2025-04-04
9540,1203,26,Gaming,346.9,1,Japan,2025-11-02
9541,84,24,Beauty,246.07,2,Australia,2025-12-27
9542,386,34,Beauty,395.31,4,USA,2025-01-07
9543,109,6,Toys,316.98,1,Australia,2025-08-05
9544,1502,8,Gaming,305.97,1,Japan,2025-09-22
9545,560,45,Clothing,374.02,1,Australia,2025-06-18
9546,1656,15,Books,18.45,2,Japan,2025-10-01
9547,1683,16,Home,327.03,2,Australia,2025-12-09
9548,1531,34,Beauty,143.49,5,Germany,2025-01-07
9549,1066,48,Books,33.71,2,Germany,2025-06-24
9550,233,7,Gaming,217.59,2,France,2025-04-04
9551,719,27,Beauty,394.65,5,USA,2025-06-27
9552,933,47,Books,310.52,5,USA,2025-04-28
9553,1310,36,Gaming,477.54,2,Israel,2025-02-10
9554,1866,45,Clothing,236.2,2,France,2025-04-07
9555,302,79,Sports,327.33,5,UK,2025-12-14
9556,1225,1,Sports,109.73,5,USA,2025-04-13
9557,76,22,Home,133.41,5,UK,2025-11-27
9558,1793,47,Books,269.03,2,UK,2025-12-17
9559,915,60,Gaming,4.5,3,USA,2025-01-17
9560,55,17,Books,289.36,5,Germany,2025-06-22
9561,1975,78,Clothing,191.23,5,Germany,2025-10-26
9562,1045,21,Beauty,118.96,4,France,2025-11-05
9563,960,65,Sports,3.5,2,Australia,2025-05-28
9564,1072,36,Gaming,488.25,3,Germany,2025-06-14
9565,1378,43,Books,367.01,5,Canada,2025-10-28
9566,258,48,Books,71.84,3,Australia,2025-10-15
9567,1146,2,Sports,not-a-price,2,Israel,2025-01-13
9568,1993,10,Beauty,138.13,4,UK,2025-11-10
9569,506,4,Gaming,32.34,1,Canada,2025-10-08
9570,1756,9,Clothing,414.16,5,Germany,2025-04-11
9571,199,227,Home,497.96,5,Israel,2025-11-14
9572,274,8,Gaming,301.54,1,UK,2025-11-12
9573,450,32,Gaming,250.27,4,France,2025-08-17
9574,104,62,Toys,367.9,1,UK,2025-01-10
9575,1057,68,Home,17.36,2,Germany,2025-06-03
9576,1607,36,Gaming,310.02,1,Canada,2025-02-07
9577,8,59,Home,371.98,1,Japan,2025-10-24
9578,833,38,Clothing,345.03,4,Australia,2025-06-26
9579,817,19,Books,420.74,5,Germany,2025-06-10
9580,1809,9,Clothing,145.33,2,Australia,2025-03-19
9581,242,5,Sports,117.41,3,UK,2025-11-27
9582,1998,62,Toys,72.03,4,Australia,2025-03-06
9583,598,59,Home,187.52,2,Japan,2025-12-01
9584,1483,63,Books,159.32,3,Israel,2025-05-03
9585,749,80,Beauty,26.06,4,UK,2025-07-19
9586,422,24,Beauty,220.14,2,UK,2025-12-25
9587,814,51,Clothing,479.77,1,France,2025-07-12
9588,993,20,Home,100.88,5,Israel,2025-03-20
9589,1689,58,Beauty,484.58,4,Canada,2025-09-15
9590,782,67,Gaming,113.97,4,USA,2025-05-10
9591,1626,31,Clothing,50.14,4,Germany,2025-02-01
9592,1796,21,Beauty,358.22,5,Japan,2025-04-01
9593,263,10,Beauty,-73.42,3,Australia,2025-07-04
9594,49,14,Clothing,363.65,1,Israel,2025-11-24
9595,1802,27,Beauty,201.93,1,UK,2025-01-19
9596,884,68,Home,378.14,5,UK,2025-11-25
9597,673,77,Toys,239.8,4,Israel,2025-09-16
9598,1007,18,Beauty,49.95,1,USA,2025-07-19
9599,1241,25,Electronics,273.82,3,France,2025-10-03
9600,1333,21,Beauty,73.15,2,USA,2025-07-02
9601,104,62,Toys,302.98,2,UK,2025-04-20
9602,1794,4,Gaming,440.67,1,France,2025-01-04
9603,320,72,Electronics,387.7,5,Israel,2025-05-27
9604,299,12,Clothing,463.02,2,Israel,2025-05-15
9605,849,20,Home,69.05,4,UK,2025-02-26
9606,594,52,Sports,156.82,3,Germany,2025-05-22
9607,478,34,Beauty,405.33,5,Australia,2025-11-11
9608,1779,16,Home,268.44,4,UK,2025-05-05
9609,171,56,Gaming,134.99,1,Canada,2025-08-04
9610,1888,50,Clothing,63.32,3,Australia,2025-11-06
9611,1615,34,Beauty,208.48,1,Israel,2025-05-09
9612,180,11,Toys,202.07,1,Canada,2025-01-22
9613,844,38,Clothing,357.23,1,USA,2025-06-13
9614,104,32,Gaming,341.34,5,France,2025-05-09
9615,904,20,Home,183.9,4,Germany,2025-01-25
9616,96,40,Clothing,62.78,1,Japan,2025-08-07
9617,1366,60,Gaming,329.74,5,Germany,2025-10-02
9618,97,3,Gaming,170.78,4,Australia,2025-04-03
9619,1782,72,Electronics,477.31,4,Australia,2025-08-01
9620,33,5,Sports,79.0,2,USA,2025-02-14
9621,1381,73,Electronics,281.9,2,Israel,2025-05-22
9622,731,16,Home,60.27,5,UK,2025-03-25
9623,1858,78,Clothing,427.37,2,Australia,2025-11-18
9624,1037,32,Gaming,207.26,1,Japan,2025-06-23
9625,974,79,Sports,129.16,2,Israel,2025-07-02
9626,591,80,Beauty,20.13,3,USA,2025-12-27
9627,1823,41,Clothing,206.85,2,USA,2025-12-21
9628,1330,75,Sports,445.03,2,Japan,2025-10-19
9629,1233,19,Books,54.74,3,France,2025-06-09
9630,1971,62,Toys,469.85,2,France,2025-08-14
9631,426,62,Toys,32.44,4,France,2025-01-22
9632,1130,9,Clothing,426.13,1,USA,2025-03-12
9633,1384,9,Clothing,122.29,2,Germany,2025-07-20
9634,1107,6,Toys,98.12,3,UK,2025-08-23
9635,104,51,Clothing,312.45,2,Japan,2025-09-12
9636,328,80,Beauty,87.8,2,USA,2025-04-10
9637,69,27,Beauty,474.47,2,France,2025-06-15
9638,1656,5,Sports,242.17,5,UK,2025-08-22
9639,1035,49,Beauty,340.4,2,Australia,2025-03-23
9640,1032,23,Home,60.76,3,France,2025-01-17
9641,1031,17,Books,195.11,5,Canada,2025-12-18
9642,1332,13,Sports,360.67,1,Israel,2025-01-08
9643,157,52,Sports,58.59,5,Israel,2025-04-16
9644,1634,56,Gaming,118.37,1,Japan,2025-06-07
9645,725,55,Home,367.49,4,Japan,2025-04-20
9646,1811,79,Sports,148.19,5,Israel,2025-04-04
9647,738,8,Gaming,67.96,1,Australia,2025-10-24
9648,1446,28,Clothing,21.01,5,UK,2025-11-06
9649,81,59,Home,316.13,1,Japan,2025-08-15
9650,1115,17,Books,499.57,1,UK,2025-02-13
9651,1034,44,Beauty,386.31,5,Canada,2025-04-08
9652,721,35,Sports,not-a-price,2,USA,2025-02-22
9653,1181,35,Sports,125.01,5,Germany,2025-05-19
9654,1751,10,Beauty,380.4,1,Australia,2025-04-16
9655,337,61,Sports,432.71,4,Australia,2025-01-27
9656,1915,5,Sports,113.06,5,Canada,2025-09-10
9657,1456,48,Books,455.8,3,USA,2025-06-11
9658,1308,51,Clothing,122.83,2,France,2025-11-10
9659,1256,49,Beauty,282.99,3,Germany,2025-10-20
9660,1989,28,Clothing,352.48,5,Canada,2025-08-28
9661,1797,4,Gaming,254.26,5,Israel,2025-08-21
9662,296,31,Clothing,294.14,2,Canada,2025-03-13
9663,89,75,Sports,407.14,3,France,2025-04-28
9664,133,58,Beauty,280.98,5,Australia,2025-05-21
9665,565,43,Books,465.82,3,Australia,2025-06-13
9666,904,8,Gaming,88.88,5,Japan,2025-04-07
9667,56,28,Clothing,244.27,3,Canada,2025-08-14
9668,1280,24,Beauty,336.05,1,Israel,2025-03-09
9669,5,42,Beauty,86.01,1,Japan,2025-08-21
9670,1099,38,Clothing,276.46,1,USA,2025-03-19
9671,911,44,Beauty,46.22,1,USA,2025-10-09
9672,1742,24,Beauty,379.78,2,Israel,2025-05-20
9673,225,64,Beauty,206.44,5,UK,2025-09-03
9674,481,39,Clothing,276.14,4,Israel,2025-10-27
9675,217,1,Sports,109.7,4,Germany,2025-01-01
9676,279,71,Clothing,232.76,5,Germany,2025-03-04
9677,1139,70,Books,201.96,3,Japan,2025-02-13
9678,76,20,Home,302.07,3,Canada,2025-06-07
9679,1762,8,Gaming,85.44,3,UK,2025-05-20
9680,1592,59,Home,194.08,3,USA,2025-07-20
9681,394,32,Gaming,326.87,4,USA,2025-01-02
9682,464,51,Clothing,460.8,5,Israel,2025-12-21
9683,1498,58,Beauty,179.77,1,France,2025-07-14
9684,1837,5,Sports,401.41,1,Canada,2025-09-24
9685,1638,41,Clothing,461.62,5,Canada,2025-02-16
9686,1604,63,Books,41.88,4,Australia,2025-07-25
9687,641,40,Clothing,70.91,4,Germany,2025-02-19
9688,1221,80,Beauty,394.01,5,Israel,2025-07-11
9689,1416,58,Beauty,409.92,2,Israel,2025-01-21
9690,1680,49,Beauty,15.03,2,USA,2025-07-08
9691,1690,46,Gaming,354.54,1,Japan,2025-09-05
9692,722,80,Beauty,396.35,3,Germany,2025-02-19
9693,596,19,Books,115.92,2,Australia,2025-09-27
9694,287,10,Beauty,432.22,3,USA,2025-05-06
9695,602,52,Sports,380.76,5,Israel,2025-02-05
9696,1320,52,Sports,146.42,2,France,2025-06-01
9697,272,15,Books,387.84,5,France,2025-06-22
9698,284,37,Gaming,454.52,2,Canada,2025-04-01
9699,1991,24,Beauty,358.32,4,UK,2025-01-17
9700,1548,52,Sports,11.38,3,USA,2025-01-12
9701,1316,4,Gaming,210.11,2,Israel,2025-11-03
9702,1254,57,Beauty,184.06,4,Germany,2025-10-18
9703,1851,20,Home,189.71,5,Germany,2025-10-04
9704,484,19,Books,227.4,5,Israel,2025-01-12
9705,1081,80,Beauty,451.43,4,UK,2025-08-13
9706,222,69,Sports,322.84,2,Germany,2025-12-01
9707,320,62,Toys,48.6,5,Japan,2025-02-18
9708,1546,77,Toys,305.61,2,Canada,2025-04-25
9709,748,29,Toys,340.63,5,UK,2025-01-01
9710,389,34,Beauty,395.2,3,USA,2025-08-06
9711,1667,50,Clothing,313.93,1,Canada,2025-06-07
9712,1514,41,Clothing,5.09,5,Australia,2025-10-11
9713,1514,30,Sports,311.86,5,Australia,2025-08-15
9714,304,20,Home,378.56,1,Germany,2025-10-04
9715,947,41,Clothing,76.27,5,UK,2025-09-25
9716,1681,23,Home,278.49,2,Japan,2025-11-25
9717,467,79,Sports,418.5,2,Japan,2025-07-19
9718,1782,9,Clothing,114.45,3,Australia,2025-02-18
9719,1152,53,Sports,37.98,4,Canada,2025-05-08
9720,1342,67,Gaming,239.72,2,Israel,2025-08-03
9721,9,24,Beauty,296.63,5,Israel,2025-11-14
9722,1710,24,Beauty,249.73,4,UK,2025-04-22
9723,1486,50,Clothing,294.86,1,Canada,2025-03-24
9724,1091,80,Beauty,454.38,1,France,2025-10-17
9725,1583,26,Gaming,252.37,4,UK,2025-10-17
9726,1747,18,Beauty,262.17,3,Japan,2025-12-19
9727,961,7,Gaming,104.75,3,UK,2025-10-18
9728,354,30,Sports,319.12,2,UK,2025-07-12
9729,1532,80,Beauty,398.73,3,Australia,2025-05-23
9730,1057,35,Sports,280.38,1,UK,2025-01-08
9731,1344,2,Sports,427.33,1,USA,2025-07-28
9732,978,68,Home,311.17,2,France,2025-03-01
9733,1079,79,Sports,368.31,3,Israel,2025-02-04
9734,663,34,Beauty,3.65,3,Germany,2025-05-21
9735,501,63,Books,221.52,5,Canada,2025-08-08
9736,553,37,Gaming,130.25,4,Germany,2025-11-15
9737,90,37,Gaming,9.95,2,USA,2025-10-06
9738,1764,45,Clothing,462.03,5,Germany,2025-03-27
9739,361,65,Sports,138.84,1,USA,2025-12-21
9740,560,15,Books,65.12,5,Japan,2025-12-04
9741,145,29,Toys,63.76,0,France,2025-06-13
9742,10,44,Beauty,230.45,1,Australia,2025-01-17
9743,1096,73,Electronics,459.02,4,France,2025-07-21
9744,1964,68,Home,327.98,3,Canada,2025-12-02
9745,1091,26,Gaming,52.38,2,Canada,2025-10-22
9746,1063,18,Beauty,170.69,2,Australia,2025-07-13
9747,1157,37,Gaming,167.54,4,Germany,2025-01-01
9748,1994,1,Sports,69.15,2,Japan,2025-07-20
9749,1698,4,Gaming,394.94,1,Canada,2025-10-27
9750,1863,13,Sports,413.94,2,Canada,2025-07-03
9751,1346,77,Toys,481.96,4,Canada,2025-11-24
9752,629,7,Gaming,44.65,5,France,2025-01-14
9753,429,17,Books,331.97,4,USA,2025-11-06
9754,948,53,Sports,266.03,2,Canada,2025-08-23
9755,530,20,Home,304.59,4,Israel,2025-03-16
9756,1644,39,Clothing,465.19,4,Israel,2025-05-28
9757,996,54,Gaming,457.37,3,UK,2025-06-27
9758,578,4,Gaming,466.15,3,USA,2025-04-02
9759,209,79,Sports,161.57,1,UK,2025-09-27
9760,1287,68,Home,150.06,3,Israel,2025-12-06
9761,848,7,Gaming,392.96,5,Israel,2025-10-09
9762,814,55,Home,287.48,5,USA,2025-07-25
9763,1510,20,Home,281.45,5,Germany,2025-01-22
9764,1354,19,Books,256.44,5,UK,2025-05-07
9765,661,14,Clothing,406.11,1,Canada,2025-09-09
9766,833,12,Clothing,227.75,3,France,2025-04-03
9767,1650,29,Toys,395.23,1,France,2025-09-23
9768,721,29,Toys,447.96,2,Japan,2025-04-15
9769,513,51,Clothing,71.92,1,UK,2025-02-27
9770,221,67,Gaming,243.95,4,Japan,2025-09-07
9771,863,68,Home,308.94,4,Japan,2025-05-12
9772,1236,57,Beauty,449.95,2,Canada,2025-05-12
9773,1723,34,Beauty,275.98,1,Australia,2025-10-11
9774,1535,15,Books,487.05,2,USA,2025-05-19
9775,1217,38,Clothing,432.35,1,UK,2025-12-26
9776,484,5,Sports,489.91,1,Australia,2025-08-28
9777,581,57,Beauty,305.74,1,France,2025-01-09
9778,379,36,Gaming,128.77,1,Japan,2025-02-10
9779,71,2,Sports,286.57,2,France,2025-11-11
9780,1228,44,Beauty,449.41,4,Israel,2025-07-08
9781,1305,25,Electronics,116.94,4,Germany,2025-08-05
9782,1475,9,Clothing,44.43,3,Israel,2025-04-26
9783,155,56,Gaming,38.53,3,Canada,2025-10-10
9784,305,78,Clothing,216.88,5,Australia,2025-05-02
9785,1615,34,Beauty,225.63,3,Canada,2025-07-23
9786,1904,20,Home,415.03,1,Australia,2025-10-06
9787,1069,44,Beauty,372.63,3,Israel,2025-08-03
9788,34,29,Toys,234.1,4,USA,2025-11-12
9789,421,9,Clothing,440.49,1,Germany,2025-10-22
9790,1478,50,Clothing,128.26,5,UK,2025-06-13
9791,108,2,Sports,446.64,2,Japan,2025-09-08
9792,632,76,Clothing,56.47,2,USA,2025-11-10
9793,116,67,Gaming,381.42,3,Israel,2025-01-05
9794,1379,46,Gaming,293.72,3,Japan,2025-11-24
9795,1965,66,Clothing,314.81,3,UK,2025-07-09
9796,214,64,Beauty,384.56,1,France,2025-10-19
9797,1794,73,Electronics,427.25,2,Australia,2025-09-01
9798,1424,54,Gaming,219.68,5,UK,2025-12-12
9799,241,67,Gaming,81.19,5,Germany,2025-03-16
9800,665,80,Beauty,33.43,3,Germany,2025-11-24
9801,602,67,Gaming,378.97,4,Australia,2025-05-16
9802,303,76,Clothing,229.43,1,USA,2025-07-25
9803,1282,49,Beauty,77.35,5,UK,2025-02-17
9804,1737,22,Home,73.75,4,Canada,2025-04-19
9805,1525,47,Books,205.13,4,Australia,2025-04-09
9806,314,48,Books,406.31,5,Japan,2025-08-19
9807,182,8,Gaming,129.65,1,Germany,2025-03-02
9808,309,61,Sports,70.64,2,Canada,2025-01-01
9809,1364,25,Electronics,297.1,3,Japan,2025-11-13
9810,1002,56,Gaming,64.0,5,USA,2025-05-08
9811,1770,56,Gaming,433.34,1,Canada,2025-05-11
9812,1611,50,Clothing,253.43,1,France,2025-06-08
9813,1858,34,Beauty,159.76,4,Japan,2025-02-15
9814,1373,74,Clothing,60.74,4,UK,2025-02-04
9815,807,33,Toys,228.42,2,Australia,2025-03-11
9816,349,69,Sports,289.71,2,Japan,2025-03-21
9817,1190,27,Beauty,404.42,5,France,2025-10-12
9818,1070,29,Toys,490.51,1,Germany,2025-12-19
9819,1041,38,Clothing,319.7,3,Germany,2025-05-21
9820,1164,55,Home,428.06,4,UK,2025-07-07
9821,1391,56,Gaming,343.05,3,France,2025-09-03
9822,1825,61,Sports,229.4,3,France,2025-03-18
9823,434,60,Gaming,85.54,1,Canada,2025-10-24
9824,1441,43,Books,244.82,3,Israel,2025-11-25
9825,982,47,Books,308.86,5,Germany,2025-02-13
9826,963,38,Clothing,33.41,0,Japan,2025-05-15
9827,1872,35,Sports,319.38,1,USA,2025-06-23
9828,374,30,Sports,364.79,4,Canada,2025-07-21
9829,378,79,Sports,164.52,2,USA,2025-10-05
9830,1528,46,Gaming,361.66,1,France,2025-06-21
9831,846,67,Gaming,476.16,4,Australia,2025-04-08
9832,818,2,Sports,201.83,5,Israel,2025-09-26
9833,1559,40,Clothing,173.18,2,France,2025-10-19
9834,28,50,Clothing,61.33,5,USA,2025-04-17
9835,1451,45,Clothing,324.69,4,UK,2025-04-03
9836,922,49,Beauty,33.18,5,Germany,2025-06-15
9837,1215,56,Gaming,221.12,2,Israel,2025-12-28
9838,1426,13,Sports,107.01,4,UK,2025-01-11
9839,1832,22,Home,132.12,5,UK,2025-09-07
9840,1701,15,Books,448.59,4,France,2025-06-01
9841,558,16,Home,138.11,3,Israel,2025-02-24
9842,1358,35,Sports,275.72,3,Israel,2025-04-09
9843,1977,12,Clothing,33.11,4,UK,2025-10-20
9844,231,6,Toys,65.7,2,Canada,2025-12-22
9845,606,77,Toys,90.18,4,Israel,2025-06-21
9846,1031,70,Books,316.3,3,France,2025-10-19
9847,1908,8,Gaming,30.79,1,USA,2025-07-18
9848,504,58,Beauty,178.54,3,Israel,2025-12-25
9849,303,3,Gaming,147.05,3,USA,2025-06-21
9850,966,47,Books,442.52,3,Japan,2025-01-24
9851,1391,28,Clothing,374.48,3,France,2025-05-12
9852,1906,28,Clothing,381.89,1,Japan,2025-01-08
9853,1601,19,Books,223.32,4,USA,2025-08-16
9854,517,66,Clothing,28.93,4,France,2025-08-16
9855,531,36,Gaming,48.56,3,Canada,2025-06-22
9856,1425,3,Gaming,138.77,3,France,2025-04-17
9857,422,22,Home,3.71,3,Australia,2025-06-25
9858,1634,14,Clothing,447.28,4,UK,2025-08-17
9859,1981,57,Beauty,320.63,2,France,2025-10-25
9860,99,68,Home,458.55,1,USA,2025-03-20
9861,1395,47,Books,449.62,3,France,2025-11-18
9862,1148,26,Gaming,495.32,1,Germany,2025-02-08
9863,777,73,Electronics,211.58,2,UK,2025-07-24
9864,280,43,Books,276.77,4,UK,2025-02-13
9865,653,60,Gaming,381.71,5,Israel,2025-12-10
9866,1810,8,Gaming,309.1,4,Japan,2025-05-23
9867,1462,32,Gaming,204.68,1,Canada,2025-10-02
9868,976,15,Books,281.35,3,USA,2025-01-03
9869,1981,37,Gaming,367.63,4,Israel,2025-12-16
9870,1257,5,Sports,219.76,3,Canada,2025-12-17
9871,1463,2,Sports,226.83,3,Canada,2025-10-28
9872,1841,65,Sports,438.32,1,Japan,2025-03-13
9873,1022,74,Clothing,358.44,3,Australia,2025-03-19
9874,372,55,Home,2.91,5,Australia,2025-02-03
9875,430,61,Sports,185.48,4,Japan,2025-11-02
9876,1328,13,Sports,146.28,5,Germany,2025-08-05
9877,316,57,Beauty,25.11,5,USA,2025-06-09
9878,1691,77,Toys,18.71,1,Japan,2025-07-03
9879,336,27,Beauty,303.26,4,Canada,2025-05-06
9880,1220,56,Gaming,454.24,4,Israel,2025-03-01
9881,1604,22,Home,211.9,5,Australia,2025-08-06
9882,343,67,Gaming,308.4,3,UK,2025-09-24
9883,886,78,Clothing,65.49,1,Japan,2025-12-02
9884,952,31,Clothing,45.85,5,France,2025-12-24
9885,808,1,Sports,264.58,5,Japan,2025-06-19
9886,1937,42,Beauty,272.83,1,Australia,2025-04-19
9887,456,50,Clothing,302.09,2,Germany,2025-11-05
9888,1640,62,Toys,163.68,2,UK,2025-11-27
9889,1225,51,Clothing,188.76,2,Japan,2025-12-10
9890,1992,3,Gaming,149.71,1,Canada,2025-05-18
9891,1377,78,Clothing,307.99,5,Australia,2025-01-14
9892,672,22,Home,497.61,4,Canada,2025-10-14
9893,749,16,Home,241.69,5,Israel,2025-01-14
9894,474,37,Gaming,120.92,1,Japan,2025-11-20
9895,751,67,Gaming,368.22,3,Japan,2025-12-25
9896,482,37,Gaming,46.45,2,France,2025-11-26
9897,104,69,Sports,48.24,2,Israel,2025-07-17
9898,567,17,Books,486.0,3,Japan,2025-04-05
9899,1585,42,Beauty,232.5,2,UK,2025-02-24
9900,814,49,Beauty,310.32,2,France,2025-11-06
9901,868,27,Beauty,227.16,4,Israel,2025-08-11
9902,1010,37,Gaming,484.41,2,Australia,2025-12-05
9903,617,73,Electronics,331.27,2,Canada,2025-02-23
9904,265,76,Clothing,267.63,3,Israel,2025-07-16
9905,188,66,Clothing,319.58,1,France,2025-09-13
9906,1985,6,Toys,486.27,3,Canada,2025-09-26
9907,441,31,Clothing,469.94,4,USA,2025-07-06
9908,633,65,Sports,381.01,2,USA,2025-03-11
9909,10,71,Clothing,462.58,2,Australia,2025-10-25
9910,906,68,Home,460.97,2,Israel,2025-01-16
9911,1800,51,Clothing,279.83,2,USA,2025-09-01
9912,1765,70,Books,54.39,3,USA,2025-09-28
9913,942,78,Clothing,347.38,4,USA,2025-04-15
9914,1206,73,Electronics,290.15,1,Canada,2025-07-02
9915,332,72,Electronics,416.63,4,Germany,2025-06-07
9916,518,56,Gaming,285.55,1,Canada,2025-02-14
9917,551,8,Gaming,438.45,2,UK,2025-05-07
9918,1008,9,Clothing,203.71,3,Israel,2025-05-03
9919,799,44,Beauty,345.82,1,Germany,2025-02-09
9920,1306,33,Toys,447.88,1,USA,2025-01-08
9921,665,13,Sports,299.76,1,France,2025-10-14
9922,660,19,Books,329.62,5,USA,2025-02-15
9923,1964,3,Gaming,14.3,3,Japan,2025-06-25
9924,1661,20,Home,498.58,5,UK,2025-09-15
9925,791,34,Beauty,93.28,5,Germany,2025-12-19
9926,1633,62,Toys,73.68,4,Australia,2025-06-14
9927,864,64,Beauty,356.05,5,Australia,2025-04-01
9928,672,15,Books,124.47,1,Germany,2025-03-10
9929,409,4,Gaming,467.3,5,France,2025-02-15
9930,809,77,Toys,285.64,5,USA,2025-09-05
9931,75,60,Gaming,337.86,3,USA,2025-09-15
9932,1284,72,Electronics,249.01,5,Australia,2025-09-20
9933,629,27,Beauty,66.53,3,Israel,2025-05-23
9934,1870,11,Toys,449.79,5,USA,2025-07-14
9935,1806,61,Sports,132.55,1,France,2025-01-25
9936,766,80,Beauty,53.76,3,Canada,2025-11-02
9937,70,24,Beauty,287.37,4,USA,2025-04-04
9938,1348,79,Sports,379.41,4,France,2025-02-18
9939,1308,64,Beauty,92.28,3,France,2025-02-15
9940,882,18,Beauty,104.25,3,Canada,2025-01-12
9941,1753,38,Clothing,258.77,1,Australia,2025-11-14
9942,259,40,Clothing,217.5,4,Germany,2025-05-10
9943,171,14,Clothing,349.92,4,Canada,2025-05-22
9944,1177,52,Sports,450.23,4,UK,2025-11-22
9945,1437,44,Beauty,151.96,1,Israel,2025-11-07
9946,340,18,Beauty,337.6,5,UK,2025-02-08
9947,1554,26,Gaming,215.1,4,Australia,2025-11-17
9948,253,21,Beauty,37.94,3,Canada,2025-07-24
9949,864,73,Electronics,69.33,3,Australia,2025-08-11
9950,112,31,Clothing,66.66,3,UK,2025-12-25
9951,890,49,Beauty,490.11,1,Japan,2025-12-27
9952,1688,61,Sports,47.32,3,Japan,2025-11-23
9953,1446,22,Home,200.29,4,UK,2025-01-07
9954,1494,77,Toys,477.75,3,UK,2025-02-18
9955,254,56,Gaming,462.35,4,UK,2025-11-14
9956,1963,64,Beauty,327.99,3,Australia,2025-03-16
9957,1892,55,Home,313.32,1,Canada,2025-03-11
9958,1459,70,Books,386.44,1,USA,2025-02-13
9959,1229,65,Sports,40.26,4,UK,2025-11-15
9960,1683,42,Beauty,362.35,5,Germany,2025-06-18
9961,46,25,Electronics,402.01,5,Germany,2025-02-02
9962,970,59,Home,3.8,3,Canada,2025-03-22
9963,452,6,Toys,423.76,5,Japan,2025-03-28
9964,515,35,Sports,280.99,3,USA,2025-10-25
9965,846,69,Sports,457.79,3,UK,2025-02-06
9966,699,24,Beauty,137.34,2,France,2025-07-28
9967,934,59,Home,222.39,1,UK,2025-10-28
9968,1422,44,Beauty,280.59,2,Canada,2025-11-12
9969,1838,27,Beauty,373.39,5,France,2025-11-15
9970,1949,51,Clothing,201.33,4,France,2025-04-24
9971,598,32,Gaming,72.77,2,Canada,2025-04-03
9972,923,64,Beauty,383.38,5,USA,2025-12-04
9973,1114,71,Clothing,410.43,5,Australia,2025-01-07
9974,486,44,Beauty,210.55,1,USA,2025-10-09
9975,393,45,Clothing,175.26,4,Israel,2025-07-01
9976,770,20,Home,343.42,1,Germany,2025-05-11
9977,1265,64,Beauty,488.03,5,Canada,2025-04-16
9978,63,29,Toys,386.96,3,France,2025-07-24
9979,726,36,Gaming,71.51,5,Australia,2025-05-17
9980,1259,7,Gaming,131.05,5,Canada,2025-05-01
9981,754,51,Clothing,250.96,2,France,2025-07-02
9982,275,75,Sports,439.23,1,France,2025-01-11
9983,1335,1,Sports,96.57,2,Israel,2025-04-16
9984,1123,17,Books,322.29,4,Israel,2025-08-22
9985,1985,76,Clothing,479.07,4,Canada,2025-09-28
9986,1166,35,Sports,40.19,5,Israel,2025-07-06
9987,488,12,Clothing,179.92,4,France,2025-05-17
9988,152,23,Home,381.06,3,Israel,2025-10-11
9989,17,12,Clothing,402.37,4,Israel,2025-03-16
9990,1408,29,Toys,-57.36,4,France,2025-01-27
9991,428,36,Gaming,13.3,5,USA,2025-03-17
9992,1841,73,Electronics,47.18,2,France,2025-05-07
9993,822,57,Beauty,125.0,5,Israel,2025-01-13
9994,666,72,Electronics,65.31,2,Japan,2025-09-10
9995,1300,60,Gaming,323.21,2,USA,2025-12-12
9996,46,57,Beauty,129.22,4,UK,2025-06-02
9997,703,80,Beauty,268.65,1,France,2025-02-21
9998,1847,11,Toys,26.4,2,Australia,2025-07-28
9999,1742,18,Beauty,62.59,4,Canada,2025-06-22
10000,1398,43,Books,490.69,3,Australia,2025-08-28
10001,481,35,Sports,63.55,5,Australia,2025-06-11
10002,771,28,Clothing,298.2,1,Germany,2025-02-17
10003,532,71,Clothing,127.62,3,USA,2025-02-06
10004,1666,53,Sports,20.52,2,UK,2025-11-16
10005,936,76,Clothing,435.32,2,Australia,2025-03-03
10006,179,36,Gaming,282.17,2,Israel,2025-06-08
10007,1369,50,Clothing,403.18,2,Israel,2025-02-20
10008,310,30,Sports,164.06,3,USA,2025-03-24
10009,1580,74,Clothing,439.05,2,Israel,2025-05-23
10010,1033,73,Electronics,415.16,2,Australia,2025-01-04
10011,1754,58,Beauty,173.1,5,Israel,2025-04-20
10012,687,1,Sports,244.88,5,USA,2025-01-25
10013,1521,77,Toys,348.14,1,USA,2025-06-14
10014,591,56,Gaming,282.05,2,Japan,2025-03-16
10015,77,56,Gaming,212.3,3,UK,2025-06-09
10016,1558,10,Beauty,178.41,2,Canada,2025-04-07
10017,1154,8,Gaming,10.23,2,USA,2025-05-13
10018,1978,28,Clothing,419.98,1,Canada,2025-03-16
10019,1876,8,Gaming,176.44,2,UK,2025-10-27
10020,1036,37,Gaming,383.92,5,Japan,2025-06-10
10021,853,47,Books,30.7,4,Australia,2025-09-02
10022,472,54,Gaming,277.72,3,USA,2025-09-13
10023,1482,71,Clothing,463.69,3,France,2025-01-01
10024,1691,4,Gaming,303.47,5,France,2025-02-26
10025,586,40,Clothing,312.23,5,Australia,2025-04-23
10026,962,37,Gaming,52.52,3,Israel,2025-04-05
10027,1332,68,Home,176.92,1,Israel,2025-02-11
10028,1258,40,Clothing,8.83,4,Canada,2025-01-19
10029,284,12,Clothing,478.89,1,Japan,2025-02-23
10030,89,29,Toys,147.53,1,UK,2025-03-08
10031,177,48,Books,26.78,2,Israel,2025-02-24
10032,1913,20,Home,427.31,3,Germany,2025-12-17
10033,1662,69,Sports,324.22,3,USA,2025-01-13
10034,1420,18,Beauty,172.24,1,USA,2025-10-27
10035,1850,79,Sports,128.51,2,France,2025-02-20
10036,1665,30,Sports,196.84,4,Australia,2025-09-01
10037,1966,31,Clothing,95.67,1,UK,2025-08-22
10038,785,27,Beauty,305.71,4,Canada,2025-11-19
10039,1330,22,Home,13.53,1,Japan,2025-05-07
10040,1893,31,Clothing,73.51,2,UK,2025-11-17
10041,1956,24,Beauty,182.43,4,France,2025-07-10
10042,775,17,Books,458.86,2,France,2025-07-22
10043,1654,45,Clothing,423.3,2,Canada,2025-01-16
10044,147,32,Gaming,256.21,5,France,2025-08-15
10045,1891,49,Beauty,106.09,2,Canada,2025-10-11
10046,1802,31,Clothing,461.97,1,UK,2025-12-10
10047,702,44,Beauty,24.78,5,Germany,2025-07-15
10048,50,77,Toys,289.35,5,Israel,2025-06-18
10049,1607,29,Toys,116.63,2,Germany,2025-11-20
10050,429,33,Toys,20.72,3,Germany,2025-09-09
10051,154,32,Gaming,34.48,1,Israel,2025-09-19
10052,1765,35,Sports,23.91,4,UK,2025-08-23
10053,837,14,Clothing,202.77,5,Australia,2025-10-07
10054,593,38,Clothing,388.98,5,Israel,2025-12-10
10055,773,53,Sports,12.82,4,France,2025-02-15
10056,1991,51,Clothing,367.3,3,USA,2025-11-09
10057,1229,77,Toys,373.93,2,Germany,2025-12-11
10058,1373,64,Beauty,140.58,4,France,2025-09-10
10059,1141,26,Gaming,69.89,3,Japan,2025-10-01
10060,893,62,Toys,260.59,1,Israel,2025-08-17
10061,43,65,Sports,228.1,2,Australia,2025-02-18
10062,1156,49,Beauty,493.29,2,Australia,2025-01-26
10063,1272,34,Beauty,144.68,4,Canada,2025-07-18
10064,438,41,Clothing,450.14,2,Canada,2025-10-14
10065,849,20,Home,34.48,4,Japan,2025-05-12
10066,290,45,Clothing,30.92,4,Germany,2025-06-07
10067,392,30,Sports,192.96,5,Israel,2025-08-06
10068,1165,24,Beauty,279.41,3,Australia,2025-06-02
10069,878,67,Gaming,371.31,5,Germany,2025-09-26
10070,94,28,Clothing,109.83,3,UK,2025-06-14
10071,1176,38,Clothing,157.02,1,Canada,2025-07-22
10072,853,68,Home,236.33,4,UK,2025-09-06
10073,602,27,Beauty,233.42,4,Germany,2025-12-03
10074,680,39,Clothing,48.13,4,Japan,2025-10-23
10075,500,15,Books,442.43,1,USA,2025-12-12
10076,572,39,Clothing,53.99,5,Canada,2025-06-13
10077,1239,62,Toys,466.82,5,France,2025-10-13
10078,1755,24,Beauty,47.92,2,Israel,2025-10-09
10079,516,68,Home,317.89,5,Japan,2025-10-16
10080,408,76,Clothing,95.49,5,Israel,2025-10-26
10081,1490,62,Toys,462.15,2,USA,2025-04-28
10082,797,27,Beauty,493.02,2,Japan,2025-01-20
10083,1496,47,Books,149.4,3,UK,2025-07-03
10084,269,33,Toys,203.41,4,Germany,2025-01-21
10085,1183,47,Books,103.58,3,USA,2025-07-02
10086,186,1,Sports,73.51,3,Australia,2025-03-14
10087,61,46,Gaming,246.62,4,Japan,2025-12-18
10088,180,22,Home,50.13,2,Canada,2025-08-17
10089,415,71,Clothing,199.74,3,Australia,2025-07-25
10090,1180,73,Electronics,217.64,5,Canada,2025-06-22
10091,135,32,Gaming,245.34,4,UK,2025-04-23
10092,772,29,Toys,363.04,5,Canada,2025-06-12
10093,1309,31,Clothing,381.53,3,Japan,2025-06-19
10094,597,55,Home,101.06,4,Australia,2025-03-15
10095,916,22,Home,451.62,4,Canada,2025-11-15
10096,1133,58,Beauty,188.99,4,Japan,2025-04-16
10097,780,64,Beauty,286.16,4,Australia,2025-08-05
10098,354,31,Clothing,381.21,4,Australia,2025-12-18
10099,575,37,Gaming,410.29,5,UK,2025-05-12
10100,855,18,Beauty,67.75,4,France,2025-03-16
10101,1498,56,Gaming,not-a-price,5,France,2025-05-01
10102,792,44,Beauty,151.3,5,Australia,2025-12-10
10103,800,60,Gaming,218.9,5,USA,2025-12-10
10104,1773,55,Home,196.45,1,France,2025-07-11
10105,468,54,Gaming,453.59,5,Canada,2025-07-05
10106,1499,69,Sports,3.01,1,Japan,2025-02-06
10107,96,53,Sports,130.96,4,Australia,2025-04-09
10108,565,44,Beauty,172.5,3,France,2025-02-23
10109,21,77,Toys,26.16,2,UK,2025-01-10
10110,1651,29,Toys,300.9,5,UK,2025-08-09
10111,142,72,Electronics,306.41,3,France,2025-01-23
10112,1463,26,Gaming,483.37,3,Germany,2025-06-21
10113,77,43,Books,48.19,5,Canada,2025-05-25
10114,1084,33,Toys,154.01,4,USA,2025-04-25
10115,581,74,Clothing,347.16,3,Australia,2025-06-14
10116,1583,53,Sports,386.7,2,Japan,2025-02-17
10117,1713,52,Sports,-33.01,5,France,2025-10-13
10118,642,22,Home,328.45,4,Canada,2025-03-12
10119,1601,34,Beauty,205.39,4,Canada,2025-09-20
10120,1539,29,Toys,182.79,5,Australia,2025-07-13
10121,1823,22,Home,202.68,5,Israel,2025-11-20
10122,222,16,Home,154.43,2,Australia,2025-01-09
10123,1577,52,Sports,188.59,4,USA,2025-08-12
10124,1970,20,Home,319.85,5,Canada,2025-02-27
10125,1953,54,Gaming,319.38,2,USA,2025-11-02
10126,1871,79,Sports,382.27,2,USA,2025-11-19
10127,1125,62,Toys,361.83,4,France,2025-02-20
10128,1341,7,Gaming,164.07,1,Israel,2025-09-11
10129,1852,41,Clothing,176.69,5,Israel,2025-04-08
10130,1503,71,Clothing,275.7,3,Japan,2025-07-07
10131,766,66,Clothing,44.34,1,Israel,2025-11-05
10132,287,76,Clothing,291.58,1,UK,2025-07-26
10133,816,78,Clothing,191.03,5,Germany,2025-08-18
10134,1478,78,Clothing,153.48,2,Germany,2025-11-02
10135,1432,70,Books,17.36,3,Australia,2025-08-14
10136,891,58,Beauty,23.87,2,Germany,2025-04-19
10137,1379,50,Clothing,406.46,1,Australia,2025-07-21
10138,1365,45,Clothing,498.09,5,Japan,2025-07-05
10139,368,48,Books,248.82,2,Australia,2025-08-03
10140,1471,60,Gaming,385.27,5,Canada,2025-04-08
10141,840,20,Home,22.05,3,Germany,2025-03-22
10142,1750,64,Beauty,350.9,3,Israel,2025-01-01
10143,253,59,Home,390.13,4,France,2025-10-15
10144,1729,46,Gaming,373.58,5,Australia,2025-08-23
10145,507,9,Clothing,270.22,2,UK,2025-03-09
10146,1038,51,Clothing,360.4,2,Japan,2025-11-19
10147,1743,18,Beauty,293.81,2,Germany,2025-04-13
10148,884,77,Toys,68.42,3,Israel,2025-04-21
10149,1731,35,Sports,133.49,1,UK,2025-10-24
10150,1530,36,Gaming,467.61,1,Australia,2025-05-01
10151,514,49,Beauty,386.07,3,Germany,2025-07-18
10152,660,56,Gaming,275.04,5,Israel,2025-09-14
10153,1982,42,Beauty,276.75,2,Australia,2025-02-21
10154,469,22,Home,465.53,5,France,2025-05-26
10155,444,8,Gaming,149.96,1,Canada,2025-02-13
10156,917,3,Gaming,455.62,5,Japan,2025-02-03
10157,1960,6,Toys,153.61,4,UK,2025-11-02
10158,1423,41,Clothing,185.56,5,Australia,2025-08-10
10159,218,41,Clothing,206.85,2,USA,2025-10-21
10160,343,48,Books,225.13,2,Israel,2025-09-02
10161,420,32,Gaming,288.91,3,France,2025-07-20
10162,1271,52,Sports,250.59,1,Canada,2025-03-15
10163,246,55,Home,85.51,3,Israel,2025-12-18
10164,1397,70,Books,192.28,5,Australia,2025-09-01
10165,608,69,Sports,458.74,3,Australia,2025-09-27
10166,578,78,Clothing,242.43,5,Germany,2025-05-28
10167,1044,55,Home,138.08,4,Japan,2025-12-16
10168,1568,11,Toys,359.63,5,Japan,2025-07-23
10169,853,4,Gaming,211.91,5,Germany,2025-05-27
10170,465,78,Clothing,214.2,5,Canada,2025-02-14
10171,447,16,Home,324.82,2,Israel,2025-05-18
10172,1768,27,Beauty,175.85,3,France,2025-03-20
10173,1060,77,Toys,25.82,5,USA,2025-11-18
10174,719,15,Books,306.69,2,Canada,2025-02-21
10175,384,60,Gaming,125.38,5,USA,2025-12-15
10176,964,1,Sports,186.04,2,Israel,2025-02-13
10177,1914,2,Sports,302.6,4,Japan,2025-05-22
10178,1392,16,Home,221.3,2,Canada,2025-01-15
10179,503,6,Toys,228.77,5,Canada,2025-12-12
10180,1412,59,Home,33.54,3,France,2025-06-13
10181,349,55,Home,389.83,2,France,2025-07-23
10182,258,61,Sports,14.64,1,France,2025-03-12
10183,400,59,Home,382.21,3,Australia,2025-12-03
10184,54,24,Beauty,291.71,1,Australia,2025-03-08
10185,716,4,Gaming,376.4,2,USA,2025-06-19
10186,1903,73,Electronics,101.42,3,UK,2025-02-26
10187,1487,75,Sports,297.27,4,USA,2025-02-02
10188,893,10,Beauty,338.42,3,Canada,2025-06-11
10189,482,15,Books,75.39,5,Japan,2025-07-04
10190,232,70,Books,465.66,4,UK,2025-09-07
10191,1204,7,Gaming,403.69,1,Australia,2025-12-01
10192,667,69,Sports,111.41,4,UK,2025-05-14
10193,818,19,Books,307.65,5,France,2025-11-18
10194,1899,56,Gaming,398.38,4,USA,2025-01-10
10195,151,35,Sports,438.47,4,Canada,2025-11-15
10196,1160,16,Home,219.21,2,UK,2025-11-13
10197,1484,46,Gaming,423.65,3,Israel,2025-11-13
10198,574,72,Electronics,104.14,1,Australia,2025-08-17
10199,1484,2,Sports,not-a-price,2,Germany,2025-07-09
10200,1953,1,Sports,151.31,3,USA,2025-09-06
10201,108,38,Clothing,69.34,3,USA,2025-12-26
10202,1948,55,Home,319.86,1,USA,2025-06-01
10203,1774,43,Books,450.29,2,UK,2025-08-01
10204,355,20,Home,15.35,1,Japan,2025-03-26
10205,943,42,Beauty,199.29,4,USA,2025-11-24
10206,673,56,Gaming,23.82,1,UK,2025-08-01
10207,1983,11,Toys,140.32,1,USA,2025-10-15
10208,1121,66,Clothing,485.49,1,UK,2025-07-26
10209,904,18,Beauty,126.93,4,USA,2025-03-11
10210,1843,64,Beauty,467.71,3,USA,2025-05-05
10211,1777,80,Beauty,171.17,5,Australia,2025-05-14
10212,1545,48,Books,285.37,3,Japan,2025-06-16
10213,1788,51,Clothing,260.41,5,UK,2025-12-17
10214,800,37,Gaming,165.41,4,Germany,2025-09-11
10215,993,43,Books,103.23,3,France,2025-02-15
10216,1179,73,Electronics,255.98,1,UK,2025-06-27
10217,626,41,Clothing,302.83,1,France,2025-05-02
10218,587,11,Toys,481.33,3,Australia,2025-01-12
10219,45,5,Sports,43.54,3,Germany,2025-07-25
10220,553,21,Beauty,6.25,2,France,2025-12-24
10221,1089,28,Clothing,257.5,5,Australia,2025-08-16
10222,1780,44,Beauty,334.37,2,Israel,2025-05-08
10223,1544,68,Home,113.86,3,UK,2025-03-01
10224,1623,68,Home,225.88,3,Germany,2025-02-19
10225,100,46,Gaming,161.44,4,Canada,2025-03-23
10226,786,16,Home,167.9,4,UK,2025-06-15
10227,629,55,Home,356.99,2,Israel,2025-01-28
10228,1626,67,Gaming,280.62,2,USA,2025-05-08
10229,199,42,Beauty,384.12,4,Japan,2025-12-09
10230,844,37,Gaming,56.71,4,Japan,2025-03-16
10231,617,21,Beauty,377.77,4,Canada,2025-12-14
10232,1050,5,Sports,33.1,1,Canada,2025-03-05
10233,537,70,Books,155.45,3,Australia,2025-05-08
10234,265,39,Clothing,207.18,4,Japan,2025-08-14
10235,156,33,Toys,461.86,3,USA,2025-12-18
10236,786,43,Books,488.43,4,France,2025-05-04
10237,1514,17,Books,180.29,4,Canada,2025-12-25
10238,484,9,Clothing,79.01,5,Australia,2025-02-24
10239,1942,73,Electronics,19.35,1,Canada,2025-11-17
10240,1292,60,Gaming,252.45,4,Australia,2025-10-06
10241,283,69,Sports,326.48,2,Japan,2025-04-21
10242,460,74,Clothing,303.9,5,USA,2025-07-18
10243,244,65,Sports,411.12,4,USA,2025-05-10
10244,1159,29,Toys,417.36,4,USA,2025-05-28
10245,1299,6,Toys,330.28,5,Australia,2025-01-22
10246,749,17,Books,78.91,5,Israel,2025-12-28
10247,1809,28,Clothing,127.15,1,Australia,2025-12-16
10248,1539,57,Beauty,474.35,3,UK,2025-11-11
10249,1206,65,Sports,366.46,3,Japan,2025-11-06
10250,170,32,Gaming,171.9,4,UK,2025-06-19
10251,1230,68,Home,240.43,2,Germany,2025-12-17
10252,577,74,Clothing,477.18,1,Japan,2025-10-09
10253,717,77,Toys,99.15,4,France,2025-03-25
10254,181,68,Home,229.42,4,Germany,2025-07-17
10255,349,76,Clothing,290.55,1,France,2025-12-23
10256,325,62,Toys,185.45,4,Canada,2025-10-17
10257,1186,76,Clothing,480.18,2,France,2025-04-03
10258,1859,19,Books,61.48,5,Canada,2025-07-27
10259,559,4,Gaming,474.83,4,Australia,2025-02-03
10260,276,34,Beauty,108.94,2,Israel,2025-11-08
10261,962,74,Clothing,140.51,3,Israel,2025-07-18
10262,74,12,Clothing,147.99,5,Australia,2025-07-02
10263,1548,68,Home,12.91,2,USA,2025-10-28
10264,1528,74,Clothing,379.23,3,Israel,2025-09-14
10265,939,44,Beauty,119.55,5,UK,2025-07-07
10266,755,58,Beauty,161.55,2,Japan,2025-11-12
10267,633,16,Home,90.5,4,Israel,2025-07-18
10268,1961,22,Home,114.01,1,France,2025-07-05
10269,670,18,Beauty,73.72,3,Germany,2025-01-09
10270,922,33,Toys,362.22,3,UK,2025-01-13
10271,736,34,Beauty,44.53,4,Israel,2025-04-28
10272,980,14,Clothing,456.08,4,Canada,2025-12-05
10273,412,70,Books,267.51,4,Canada,2025-05-15
10274,1451,79,Sports,328.56,4,Israel,2025-07-12
10275,829,34,Beauty,260.38,1,Australia,2025-11-04
10276,342,22,Home,281.52,1,Japan,2025-08-08
10277,154,10,Beauty,313.48,1,UK,2025-06-28
10278,1317,75,Sports,72.6,4,Canada,2025-05-14
10279,1229,1,Sports,300.24,5,Japan,2025-01-20
10280,846,59,Home,67.62,1,USA,2025-11-26
10281,430,77,Toys,104.42,3,Israel,2025-06-26
10282,1800,25,Electronics,222.38,4,Canada,2025-04-11
10283,671,73,Electronics,381.61,1,France,2025-12-12
10284,352,19,Books,284.44,5,France,2025-11-22
10285,1889,39,Clothing,294.43,3,France,2025-02-26
10286,1160,51,Clothing,86.84,1,Australia,2025-03-02
10287,1860,15,Books,133.24,1,UK,2025-03-24
10288,574,64,Beauty,215.24,2,USA,2025-06-21
10289,333,55,Home,471.53,4,USA,2025-06-15
10290,1001,49,Beauty,53.52,5,France,2025-01-23
10291,897,65,Sports,452.16,1,UK,2025-09-20
10292,591,62,Toys,462.68,4,Israel,2025-02-16
10293,1022,75,Sports,328.31,3,UK,2025-07-20
10294,1170,50,Clothing,-23.3,5,Canada,2025-01-04
10295,895,9,Clothing,229.3,2,Canada,2025-04-27
10296,438,26,Gaming,161.95,3,Israel,2025-06-14
10297,1600,19,Books,413.76,3,Germany,2025-01-18
10298,1942,44,Beauty,157.43,4,Japan,2025-02-19
10299,1666,21,Beauty,169.92,2,Germany,2025-08-05
10300,1800,9,Clothing,442.01,2,Germany,2025-09-15
10301,384,27,Beauty,296.45,1,UK,2025-10-26
10302,974,2,Sports,163.42,1,USA,2025-07-26
10303,204,13,Sports,248.0,3,Canada,2025-10-09
10304,959,8,Gaming,306.18,5,Germany,2025-04-21
10305,1512,41,Clothing,217.46,2,Canada,2025-01-19
10306,940,16,Home,395.46,5,France,2025-11-22
10307,1631,30,Sports,232.33,3,Japan,2025-12-11
10308,1406,20,Home,55.31,2,UK,2025-07-12
10309,559,66,Clothing,106.74,1,Germany,2025-10-22
10310,1821,54,Gaming,309.33,4,Canada,2025-09-20
10311,981,4,Gaming,265.1,2,Germany,2025-05-09
10312,287,46,Gaming,26.35,5,France,2025-04-01
10313,516,76,Clothing,249.42,1,Australia,2025-02-25
10314,458,52,Sports,94.92,5,Israel,2025-05-13
10315,1203,30,Sports,172.08,5,Germany,2025-05-24
10316,856,40,Clothing,190.63,4,France,2025-09-24
10317,770,31,Clothing,135.96,1,Canada,2025-11-28
10318,1014,61,Sports,339.53,3,France,2025-12-18
10319,105,79,Sports,396.78,1,France,2025-03-15
10320,521,52,Sports,220.31,3,USA,2025-09-28
10321,1549,69,Sports,399.03,4,Germany,2025-04-05
10322,174,69,Sports,372.34,2,Israel,2025-09-11
10323,544,73,Electronics,191.43,3,UK,2025-04-09
10324,1324,26,Gaming,251.92,2,France,2025-02-14
10325,1395,59,Home,168.39,4,Germany,2025-10-11
10326,1224,53,Sports,140.71,1,Germany,2025-08-06
10327,778,1,Sports,202.52,4,Germany,2025-10-10
10328,852,48,Books,143.8,3,Canada,2025-06-17
10329,859,79,Sports,18.79,2,Japan,2025-03-19
10330,1764,19,Books,216.61,4,Germany,2025-02-13
10331,997,80,Beauty,477.0,2,Germany,2025-11-14
10332,1342,65,Sports,30.12,3,USA,2025-04-11
10333,249,65,Sports,184.2,2,USA,2025-03-05
10334,1037,60,Gaming,449.92,5,Australia,2025-10-27
10335,1959,45,Clothing,68.75,3,UK,2025-10-12
10336,1794,8,Gaming,452.64,5,Germany,2025-09-06
10337,1992,52,Sports,214.52,2,USA,2025-03-12
10338,488,28,Clothing,413.0,3,France,2025-08-23
10339,1778,54,Gaming,445.19,2,UK,2025-03-24
10340,434,67,Gaming,273.94,4,Japan,2025-09-07
10341,1070,44,Beauty,376.29,3,Germany,2025-12-17
10342,131,50,Clothing,127.27,4,UK,2025-01-09
10343,786,38,Clothing,263.75,3,France,2025-12-13
10344,105,2,Sports,431.23,4,UK,2025-09-26
10345,1515,31,Clothing,300.66,3,UK,2025-11-08
10346,198,14,Clothing,100.35,3,Germany,2025-11-22
10347,1258,29,Toys,193.59,3,Canada,2025-12-07
10348,989,7,Gaming,461.36,3,Australia,2025-12-27
10349,777,38,Clothing,131.96,4,France,2025-12-14
10350,1397,36,Gaming,444.1,4,UK,2025-04-16
10351,602,45,Clothing,28.1,3,Japan,2025-08-01
10352,1997,38,Clothing,457.33,3,USA,2025-04-27
10353,1292,42,Beauty,297.18,3,Germany,2025-12-23
10354,76,40,Clothing,286.32,2,USA,2025-04-11
10355,619,40,Clothing,98.28,5,USA,2025-09-20
10356,67,4,Gaming,393.24,1,Germany,2025-04-28
10357,1619,57,Beauty,433.59,1,France,2025-09-25
10358,1857,17,Books,334.89,3,USA,2025-08-04
10359,1201,5,Sports,187.92,1,Australia,2025-07-10
10360,1763,74,Clothing,419.19,4,UK,2025-08-24
10361,1477,64,Beauty,12.48,3,Germany,2025-10-03
10362,1846,56,Gaming,327.16,3,Canada,2025-12-09
10363,263,42,Beauty,110.47,2,Israel,2025-09-23
10364,953,80,Beauty,379.47,5,Israel,2025-02-18
10365,1413,1,Sports,285.09,1,France,2025-09-06
10366,515,56,Gaming,118.76,2,Canada,2025-02-15
10367,1254,49,Beauty,427.73,4,France,2025-04-22
10368,1935,52,Sports,394.42,3,Canada,2025-01-11
10369,30,28,Clothing,351.37,3,Canada,2025-10-03
10370,1263,46,Gaming,449.41,3,Israel,2025-01-18
10371,1615,52,Sports,-85.08,4,Israel,2025-07-02
10372,1908,36,Gaming,11.31,5,Canada,2025-06-25
10373,44,23,Home,6.32,1,Australia,2025-10-04
10374,1897,40,Clothing,224.35,3,USA,2025-04-28
10375,1272,75,Sports,349.1,1,USA,2025-04-23
10376,1630,69,Sports,152.37,4,USA,2025-07-15
10377,1477,16,Home,231.94,1,Canada,2025-12-03
10378,712,6,Toys,59.4,2,Japan,2025-10-21
10379,1146,1,Sports,10.11,2,UK,2025-02-13
10380,795,71,Clothing,184.23,1,France,2025-08-08
10381,81,50,Clothing,144.82,4,Israel,2025-02-07
10382,401,11,Toys,213.11,2,Israel,2025-01-15
10383,1035,16,Home,234.29,5,Australia,2025-11-10
10384,186,11,Toys,193.79,2,Canada,2025-10-12
10385,1467,50,Clothing,349.68,1,France,2025-11-27
10386,1934,38,Clothing,83.41,5,UK,2025-05-12
10387,101,48,Books,181.35,2,Japan,2025-06-14
10388,157,24,Beauty,163.85,3,Australia,2025-04-07
10389,1105,46,Gaming,286.45,5,USA,2025-09-13
10390,632,58,Beauty,35.01,5,Japan,2025-09-06
10391,1000,5,Sports,476.17,3,Israel,2025-09-04
10392,1322,68,Home,255.11,1,Germany,2025-12-12
10393,128,14,Clothing,457.08,2,Germany,2025-04-11
10394,1423,27,Beauty,49.94,1,Australia,2025-04-21
10395,259,75,Sports,398.12,2,Australia,2025-11-15
10396,1365,11,Toys,26.39,3,Germany,2025-11-14
10397,1210,4,Gaming,413.2,2,Australia,2025-09-26
10398,1489,33,Toys,193.58,3,France,2025-09-10
10399,424,26,Gaming,263.22,1,Canada,2025-08-08
10400,169,53,Sports,195.07,5,Canada,2025-09-11
10401,1474,60,Gaming,122.31,3,France,2025-07-19
10402,1743,3,Gaming,199.25,5,Japan,2025-12-28
10403,362,67,Gaming,379.0,4,UK,2025-01-15
10404,510,20,Home,98.16,4,Japan,2025-06-10
10405,140,12,Clothing,254.95,5,Australia,2025-09-24
10406,1774,13,Sports,135.86,5,Japan,2025-06-19
10407,1472,49,Beauty,23.74,5,Germany,2025-11-17
10408,209,19,Books,409.89,1,Canada,2025-09-15
10409,1870,36,Gaming,344.96,3,Australia,2025-02-01
10410,945,57,Beauty,441.25,1,Israel,2025-08-10
10411,209,25,Electronics,262.72,1,Australia,2025-04-05
10412,1105,7,Gaming,31.73,5,USA,2025-01-19
10413,99,78,Clothing,194.37,1,UK,2025-07-05
10414,865,73,Electronics,54.89,4,UK,2025-08-22
10415,1127,42,Beauty,70.81,1,France,2025-01-01
10416,1310,49,Beauty,232.01,2,USA,2025-02-26
10417,1989,63,Books,361.19,5,USA,2025-08-24
10418,582,75,Sports,457.35,5,Canada,2025-06-07
10419,734,61,Sports,73.35,2,Israel,2025-12-27
10420,10,59,Home,270.1,3,Australia,2025-04-03
10421,960,20,Home,26.94,5,USA,2025-03-20
10422,1212,67,Gaming,203.75,1,Israel,2025-12-03
10423,1252,5,Sports,432.16,4,Germany,2025-03-14
10424,537,38,Clothing,167.84,4,Japan,2025-04-11
10425,851,5,Sports,499.57,5,USA,2025-03-05
10426,1649,36,Gaming,340.01,4,Israel,2025-02-28
10427,1416,79,Sports,285.78,4,Australia,2025-07-12
10428,131,1,Sports,224.57,1,Japan,2025-12-11
10429,127,21,Beauty,147.37,2,Australia,2025-09-23
10430,724,71,Clothing,186.77,5,Israel,2025-06-12
10431,1197,19,Books,354.49,3,Germany,2025-06-03
10432,430,37,Gaming,117.43,2,Japan,2025-07-25
10433,808,16,Home,2.51,4,France,2025-01-09
10434,1157,34,Beauty,56.59,5,France,2025-08-16
10435,997,65,Sports,296.63,2,Canada,2025-08-26
10436,389,49,Beauty,92.01,1,Israel,2025-10-12
10437,1489,59,Home,376.68,4,USA,2025-02-25
10438,249,2,Sports,319.56,5,Israel,2025-03-07
10439,952,68,Home,88.21,4,Japan,2025-01-07
10440,774,2,Sports,314.4,4,Canada,2025-12-10
10441,562,22,Home,309.81,5,Japan,2025-02-12
10442,1524,64,Beauty,140.85,3,Australia,2025-05-06
10443,716,33,Toys,213.63,5,UK,2025-05-24
10444,1997,77,Toys,387.77,4,Germany,2025-02-23
10445,131,61,Sports,252.74,1,UK,2025-10-08
10446,399,63,Books,288.05,2,Germany,2025-06-08
10447,1884,73,Electronics,198.65,5,Japan,2025-06-11
10448,1100,66,Clothing,372.35,5,Australia,2025-07-16
10449,1488,50,Clothing,473.57,4,UK,2025-11-06
10450,1553,27,Beauty,152.24,3,Germany,2025-06-16
10451,548,2,Sports,24.17,2,Germany,2025-02-04
10452,868,11,Toys,381.32,1,UK,2025-05-10
10453,1988,20,Home,240.15,4,USA,2025-10-07
10454,23,60,Gaming,441.54,3,UK,2025-10-03
10455,736,18,Beauty,261.12,5,Israel,2025-09-15
10456,1754,58,Beauty,431.71,4,France,2025-05-23
10457,80,43,Books,440.6,1,Israel,2025-07-21
10458,1934,33,Toys,50.95,2,France,2025-02-16
10459,1954,20,Home,308.51,1,Australia,2025-06-04
10460,325,14,Clothing,239.5,3,Australia,2025-06-25
10461,387,25,Electronics,446.52,5,Japan,2025-07-13
10462,1366,37,Gaming,201.58,2,Japan,2025-09-08
10463,10,80,Beauty,419.31,1,UK,2025-07-25
10464,716,78,Clothing,42.74,5,UK,2025-06-27
10465,1936,74,Clothing,119.0,3,Canada,2025-09-03
10466,1630,28,Clothing,280.22,2,Japan,2025-03-06
10467,1357,23,Home,304.96,1,USA,2025-04-04
10468,1882,76,Clothing,329.88,2,Germany,2025-07-22
10469,429,20,Home,43.83,4,Australia,2025-04-03
10470,844,6,Toys,169.13,4,Germany,2025-02-18
10471,1408,51,Clothing,429.15,2,Canada,2025-11-16
10472,1723,51,Clothing,26.11,1,France,2025-07-25
10473,768,23,Home,234.59,4,Australia,2025-03-12
10474,1571,26,Gaming,464.42,5,USA,2025-01-04
10475,236,43,Books,236.79,5,France,2025-02-10
10476,1134,56,Gaming,243.55,1,Canada,2025-08-26
10477,1730,30,Sports,219.18,4,France,2025-07-01
10478,1484,28,Clothing,166.29,2,Canada,2025-11-19
10479,921,44,Beauty,415.88,5,Germany,2025-11-01
10480,562,60,Gaming,202.21,4,Israel,2025-05-23
10481,253,12,Clothing,129.34,5,UK,2025-08-13
10482,1696,24,Beauty,248.98,5,France,2025-08-03
10483,933,65,Sports,464.91,2,Canada,2025-11-15
10484,1659,56,Gaming,221.56,2,Germany,2025-02-18
10485,751,47,Books,131.22,1,Australia,2025-03-16
10486,970,52,Sports,44.65,2,USA,2025-10-09
10487,652,59,Home,212.02,4,Canada,2025-07-04
10488,1644,48,Books,476.3,4,Germany,2025-03-18
10489,1351,47,Books,253.97,5,Israel,2025-01-17
10490,311,17,Books,444.02,4,Canada,2025-05-15
10491,751,41,Clothing,134.48,5,Canada,2025-09-16
10492,12,64,Beauty,308.57,4,Canada,2025-01-11
10493,932,15,Books,423.09,4,Canada,2025-10-16
10494,1479,26,Gaming,236.94,1,France,2025-03-19
10495,1535,34,Beauty,256.61,4,Germany,2025-04-06
10496,1283,49,Beauty,415.97,1,Canada,2025-10-10
10497,219,11,Toys,265.43,2,Australia,2025-06-19
10498,106,34,Beauty,263.42,3,Japan,2025-01-22
10499,272,53,Sports,105.0,4,UK,2025-11-25
10500,1611,4,Gaming,167.58,2,Australia,2025-09-07
10501,1583,8,Gaming,25.57,3,UK,2025-12-02
10502,69,58,Beauty,151.52,1,Japan,2025-11-27
10503,1080,63,Books,174.7,5,Germany,2025-09-04
10504,465,37,Gaming,67.59,4,UK,2025-07-09
10505,1800,7,Gaming,231.83,1,Germany,2025-09-05
10506,1133,40,Clothing,48.62,2,Germany,2025-11-23
10507,1263,52,Sports,107.52,1,UK,2025-07-07
10508,884,73,Electronics,118.85,3,France,2025-11-22
10509,270,34,Beauty,52.89,3,Japan,2025-05-22
10510,1593,65,Sports,119.07,3,Israel,2025-06-16
10511,319,4,Gaming,263.15,1,Israel,2025-04-02
10512,1698,48,Books,391.75,1,Japan,2025-07-09
10513,1197,28,Clothing,97.14,3,UK,2025-02-14
10514,1858,80,Beauty,29.32,1,France,2025-09-04
10515,754,40,Clothing,158.05,3,Germany,2025-04-26
10516,1759,4,Gaming,99.12,3,Canada,2025-04-26
10517,1472,36,Gaming,275.3,5,Australia,2025-02-22
10518,3,44,Beauty,250.3,2,USA,2025-09-25
10519,856,66,Clothing,255.13,1,UK,2025-05-07
10520,415,71,Clothing,325.78,2,Israel,2025-09-10
10521,72,35,Sports,167.64,1,Japan,2025-04-15
10522,538,37,Gaming,269.03,5,Israel,2025-03-16
10523,688,15,Books,412.34,1,UK,2025-08-26
10524,1368,40,Clothing,348.11,5,Australia,2025-04-01
10525,532,25,Electronics,224.38,4,USA,2025-03-04
10526,599,22,Home,167.64,4,Israel,2025-04-03
10527,60,24,Beauty,339.83,2,Israel,2025-08-07
10528,675,62,Toys,81.0,5,UK,2025-07-09
10529,1575,3,Gaming,17.98,3,Japan,2025-05-20
10530,922,20,Home,81.92,2,Australia,2025-01-09
10531,512,28,Clothing,259.48,1,Germany,2025-09-26
10532,250,10,Beauty,268.62,2,Canada,2025-07-01
10533,583,7,Gaming,145.68,3,UK,2025-09-03
10534,630,77,Toys,205.26,1,Israel,2025-12-22
10535,945,8,Gaming,57.39,4,USA,2025-02-19
10536,137,41,Clothing,447.14,5,Israel,2025-12-01
10537,234,6,Toys,325.34,5,Germany,2025-02-23
10538,210,58,Beauty,322.64,4,Germany,2025-12-09
10539,519,79,Sports,71.2,1,USA,2025-04-27
10540,1983,48,Books,15.76,2,USA,2025-02-10
10541,1273,8,Gaming,132.27,4,France,2025-09-21
10542,1812,29,Toys,305.81,1,Australia,2025-12-20
10543,412,65,Sports,295.02,2,Australia,2025-12-09
10544,1995,78,Clothing,476.1,4,Japan,2025-05-24
10545,862,67,Gaming,289.03,1,Canada,2025-10-07
10546,1814,35,Sports,98.97,1,Israel,2025-09-08
10547,1132,71,Clothing,166.58,1,Australia,2025-08-20
10548,96,28,Clothing,14.35,4,France,2025-06-14
10549,1623,20,Home,388.15,5,Japan,2025-06-17
10550,835,51,Clothing,451.8,3,Israel,2025-07-23
10551,693,37,Gaming,261.72,1,Canada,2025-06-18
10552,1507,48,Books,34.08,3,Japan,2025-12-13
10553,979,20,Home,383.49,4,Israel,2025-01-22
10554,1049,28,Clothing,41.35,5,Australia,2025-03-11
10555,342,22,Home,159.79,2,Japan,2025-06-16
10556,42,37,Gaming,215.15,2,Israel,2025-11-07
10557,33,20,Home,206.57,1,Israel,2025-06-09
10558,870,26,Gaming,107.44,2,Japan,2025-07-22
10559,1330,67,Gaming,406.2,4,Israel,2025-12-18
10560,1917,36,Gaming,362.75,2,Canada,2025-08-07
10561,838,33,Toys,357.65,1,UK,2025-02-02
10562,1020,34,Beauty,435.89,2,Israel,2025-04-10
10563,1851,60,Gaming,485.84,4,Canada,2025-08-21
10564,246,30,Sports,27.78,2,Japan,2025-10-11
10565,1221,33,Toys,358.95,5,UK,2025-04-28
10566,1870,32,Gaming,259.39,4,UK,2025-11-11
10567,1465,61,Sports,410.92,3,UK,2025-07-21
10568,402,31,Clothing,405.84,3,UK,2025-05-04
10569,934,67,Gaming,481.97,5,Japan,2025-08-23
10570,1634,32,Gaming,117.26,3,UK,2025-04-02
10571,1378,26,Gaming,40.65,2,Japan,2025-04-10
10572,1055,76,Clothing,491.33,3,Israel,2025-10-26
10573,466,17,Books,241.74,4,Germany,2025-10-12
10574,623,1,Sports,292.77,3,France,2025-09-09
10575,1105,2,Sports,482.14,4,USA,2025-08-20
10576,1261,21,Beauty,255.44,2,France,2025-09-27
10577,1362,33,Toys,197.64,1,Australia,2025-07-14
10578,1294,51,Clothing,146.49,2,Canada,2025-07-22
10579,1490,63,Books,462.8,5,UK,2025-12-17
10580,1039,67,Gaming,389.08,2,UK,2025-05-14
10581,1365,31,Clothing,215.4,5,Australia,2025-08-09
10582,379,74,Clothing,27.36,5,Israel,2025-07-27
10583,1425,36,Gaming,308.71,2,Israel,2025-03-15
10584,441,26,Gaming,242.9,4,USA,2025-11-13
10585,1544,69,Sports,422.88,3,Australia,2025-12-06
10586,466,40,Clothing,455.78,1,Germany,2025-10-28
10587,464,61,Sports,264.82,5,Australia,2025-08-21
10588,1297,72,Electronics,93.81,5,Germany,2025-12-13
10589,349,3,Gaming,233.49,3,USA,2025-02-23
10590,1924,6,Toys,397.79,4,Canada,2025-01-27
10591,367,3,Gaming,166.76,5,Canada,2025-08-04
10592,1967,68,Home,292.09,5,Canada,2025-09-26
10593,1719,70,Books,427.17,4,Israel,2025-08-05
10594,305,59,Home,221.71,5,France,2025-05-20
10595,339,53,Sports,69.91,3,France,2025-09-12
10596,1295,47,Books,109.52,4,Canada,2025-01-10
10597,346,5,Sports,455.42,1,Canada,2025-05-19
10598,1741,19,Books,378.2,4,Australia,2025-12-06
10599,1666,30,Sports,289.5,1,Australia,2025-08-18
10600,220,70,Books,285.41,1,USA,2025-03-20
10601,509,46,Gaming,268.94,4,Israel,2025-03-07
10602,749,57,Beauty,378.45,5,Japan,2025-06-12
10603,994,5,Sports,415.31,2,France,2025-12-08
10604,452,14,Clothing,361.8,3,France,2025-11-15
10605,1112,77,Toys,180.41,3,Japan,2025-01-05
10606,1993,61,Sports,351.74,3,Germany,2025-08-13
10607,79,8,Gaming,235.1,1,UK,2025-12-18
10608,760,37,Gaming,321.74,3,France,2025-01-22
10609,1672,37,Gaming,456.04,4,Germany,2025-02-02
10610,1081,62,Toys,319.95,2,France,2025-04-21
10611,868,64,Beauty,154.93,3,UK,2025-04-01
10612,378,39,Clothing,425.93,4,USA,2025-09-10
10613,712,69,Sports,47.73,5,Israel,2025-03-06
10614,986,32,Gaming,293.72,4,Canada,2025-06-05
10615,542,64,Beauty,109.97,2,Israel,2025-11-28
10616,1039,70,Books,369.36,2,Canada,2025-08-17
10617,1256,51,Clothing,93.99,2,USA,2025-09-15
10618,615,6,Toys,426.11,4,Israel,2025-03-04
10619,1022,69,Sports,125.79,1,Canada,2025-10-21
10620,733,65,Sports,8.48,5,UK,2025-01-19
10621,887,52,Sports,98.14,2,Australia,2025-12-11
10622,1378,10,Beauty,224.39,1,Israel,2025-06-05
10623,1733,7,Gaming,141.05,5,Australia,2025-11-14
10624,1387,61,Sports,438.48,2,Germany,2025-12-09
10625,1578,18,Beauty,400.82,3,Australia,2025-04-06
10626,1978,15,Books,216.46,4,Israel,2025-02-17
10627,1655,38,Clothing,400.39,1,USA,2025-03-25
10628,597,78,Clothing,121.09,1,UK,2025-05-24
10629,1780,3,Gaming,388.32,4,USA,2025-07-18
10630,724,70,Books,32.71,5,France,2025-08-20
10631,1002,45,Clothing,205.13,4,Israel,2025-08-14
10632,359,47,Books,27.77,1,Germany,2025-05-12
10633,1101,40,Clothing,133.1,5,UK,2025-12-17
10634,580,5,Sports,23.87,2,Japan,2025-07-24
10635,550,18,Beauty,31.14,1,France,2025-11-26
10636,1950,37,Gaming,20.7,3,USA,2025-08-27
10637,717,75,Sports,495.48,4,USA,2025-06-07
10638,34,64,Beauty,388.42,1,Canada,2025-10-11
10639,1797,19,Books,50.06,3,USA,2025-07-04
10640,220,32,Gaming,215.31,5,Canada,2025-01-01
10641,1392,64,Beauty,31.32,4,Germany,2025-11-22
10642,1863,36,Gaming,233.28,4,UK,2025-11-23
10643,33,41,Clothing,333.49,4,USA,2025-11-17
10644,931,57,Beauty,85.24,3,Japan,2025-06-27
10645,1506,37,Gaming,362.6,3,Canada,2025-04-20
10646,63,23,Home,97.49,5,USA,2025-03-22
10647,1307,41,Clothing,69.33,2,UK,2025-07-12
10648,103,20,Home,411.55,1,Germany,2025-04-25
10649,1793,33,Toys,84.8,2,USA,2025-11-05
10650,1271,73,Electronics,239.42,1,France,2025-03-01
10651,448,46,Gaming,404.19,4,Australia,2025-03-24
10652,365,15,Books,459.76,2,France,2025-10-02
10653,303,23,Home,68.96,2,Germany,2025-11-27
10654,702,5,Sports,350.52,3,Israel,2025-01-02
10655,690,16,Home,121.67,4,France,2025-02-19
10656,784,49,Beauty,380.37,2,Canada,2025-02-25
10657,1327,52,Sports,486.87,1,Germany,2025-05-19
10658,1062,16,Home,400.21,5,Germany,2025-04-04
10659,1495,15,Books,143.11,5,Canada,2025-04-14
10660,504,43,Books,402.4,1,Israel,2025-10-06
10661,453,13,Sports,227.78,1,USA,2025-07-07
10662,433,8,Gaming,490.9,3,France,2025-11-07
10663,1315,8,Gaming,498.49,2,Australia,2025-08-22
10664,1635,74,Clothing,294.44,1,Germany,2025-08-01
10665,264,49,Beauty,309.81,5,UK,2025-11-24
10666,389,69,Sports,407.08,3,Israel,2025-02-19
10667,1502,30,Sports,223.3,2,Canada,2025-10-03
10668,62,50,Clothing,390.63,1,Japan,2025-10-15
10669,769,28,Clothing,346.38,2,USA,2025-04-27
10670,1866,43,Books,492.65,4,USA,2025-11-19
10671,1314,2,Sports,285.11,4,Canada,2025-09-28
10672,1626,68,Home,199.05,4,Canada,2025-03-16
10673,1162,18,Beauty,29.98,3,Germany,2025-05-21
10674,1513,22,Home,93.43,1,Israel,2025-05-03
10675,28,27,Beauty,56.33,1,Australia,2025-10-11
10676,1161,56,Gaming,190.88,3,UK,2025-11-07
10677,993,79,Sports,93.93,1,USA,2025-03-24
10678,492,61,Sports,14.26,4,USA,2025-12-04
10679,295,62,Toys,462.47,3,Canada,2025-11-23
10680,47,67,Gaming,383.65,3,Japan,2025-02-06
10681,245,13,Sports,185.96,2,UK,2025-02-04
10682,994,31,Clothing,344.2,3,USA,2025-02-13
10683,1446,7,Gaming,413.18,4,Australia,2025-12-18
10684,228,35,Sports,not-a-price,2,France,2025-12-21
10685,718,16,Home,373.81,1,Japan,2025-04-28
10686,1768,71,Clothing,414.9,2,Germany,2025-08-19
10687,1677,45,Clothing,117.65,5,Germany,2025-01-17
10688,1181,71,Clothing,205.12,2,Germany,2025-06-22
10689,1421,28,Clothing,127.33,1,France,2025-02-09
10690,252,15,Books,113.1,4,France,2025-02-06
10691,1394,34,Beauty,395.06,5,Israel,2025-06-25
10692,789,61,Sports,48.2,5,UK,2025-05-03
10693,672,79,Sports,233.62,3,Japan,2025-04-16
10694,153,13,Sports,250.31,1,Japan,2025-09-09
10695,960,57,Beauty,289.08,1,UK,2025-10-23
10696,1366,30,Sports,368.55,1,Germany,2025-11-08
10697,921,18,Beauty,427.26,1,Canada,2025-07-28
10698,265,17,Books,328.97,3,Israel,2025-06-16
10699,268,51,Clothing,206.38,4,Canada,2025-05-05
10700,53,45,Clothing,270.99,4,USA,2025-12-13
10701,1216,27,Beauty,152.84,3,Canada,2025-01-28
10702,1774,46,Gaming,202.33,3,UK,2025-08-18
10703,1110,2,Sports,420.73,3,Israel,2025-11-08
10704,273,29,Toys,298.68,3,USA,2025-06-16
10705,458,22,Home,184.95,3,Japan,2025-09-25
10706,1684,57,Beauty,195.71,1,Israel,2025-10-18
10707,662,7,Gaming,283.99,5,Japan,2025-02-04
10708,1221,67,Gaming,133.41,4,USA,2025-06-08
10709,724,79,Sports,35.66,0,Israel,2025-01-13
10710,1712,18,Beauty,185.47,1,Japan,2025-10-01
10711,1364,32,Gaming,244.45,2,France,2025-10-09
10712,1865,68,Home,374.97,1,Israel,2025-12-22
10713,995,56,Gaming,133.29,4,USA,2025-04-05
10714,1000,56,Gaming,263.14,3,Germany,2025-08-18
10715,176,1,Sports,121.86,2,USA,2025-04-19
10716,751,60,Gaming,68.53,5,Israel,2025-11-11
10717,1290,7,Gaming,445.87,3,Canada,2025-07-24
10718,853,50,Clothing,274.19,4,Germany,2025-03-11
10719,1718,63,Books,271.83,2,UK,2025-07-26
10720,1813,52,Sports,162.22,1,Canada,2025-06-11
10721,367,12,Clothing,380.37,2,Canada,2025-01-26
10722,182,35,Sports,40.7,5,France,2025-06-20
10723,1739,77,Toys,233.62,4,Canada,2025-05-21
10724,582,77,Toys,445.57,5,Israel,2025-01-08
10725,600,47,Books,88.94,3,UK,2025-12-20
10726,305,11,Toys,155.7,4,Germany,2025-09-05
10727,1941,52,Sports,310.44,2,UK,2025-06-02
10728,1886,4,Gaming,265.72,1,Australia,2025-08-21
10729,1163,79,Sports,302.71,4,UK,2025-06-21
10730,394,17,Books,-62.76,1,USA,2025-10-06
10731,184,59,Home,260.33,5,Australia,2025-09-04
10732,432,44,Beauty,194.48,2,Germany,2025-09-28
10733,1596,65,Sports,151.22,1,USA,2025-08-17
10734,964,8,Gaming,12.65,2,Japan,2025-02-07
10735,46,54,Gaming,276.4,5,Israel,2025-02-28
10736,1857,64,Beauty,306.11,2,USA,2025-03-05
10737,86,5,Sports,35.19,1,UK,2025-08-13
10738,1940,37,Gaming,198.69,4,Japan,2025-06-08
10739,1956,68,Home,50.18,2,Israel,2025-01-12
10740,1684,44,Beauty,124.75,3,Japan,2025-12-08
10741,607,51,Clothing,355.86,1,Japan,2025-02-08
10742,1655,43,Books,256.46,1,Canada,2025-08-06
10743,1435,65,Sports,175.72,4,Israel,2025-03-20
10744,1152,52,Sports,237.08,1,Germany,2025-11-19
10745,854,43,Books,252.16,5,USA,2025-11-12
10746,1847,58,Beauty,48.75,5,France,2025-10-21
10747,927,30,Sports,87.77,2,Japan,2025-08-06
10748,389,63,Books,138.12,1,Australia,2025-05-26
10749,995,76,Clothing,403.78,3,Japan,2025-12-07
10750,1913,63,Books,46.32,2,Israel,2025-06-08
10751,1669,60,Gaming,62.06,5,USA,2025-04-17
10752,1068,53,Sports,331.84,5,Australia,2025-03-05
10753,1001,27,Beauty,124.33,5,UK,2025-07-01
10754,701,76,Clothing,339.59,3,France,2025-10-04
10755,1324,32,Gaming,464.12,3,USA,2025-04-23
10756,234,65,Sports,310.84,2,France,2025-10-21
10757,564,27,Beauty,433.85,4,Japan,2025-05-25
10758,1212,52,Sports,30.31,2,Israel,2025-07-26
10759,944,14,Clothing,175.33,5,Australia,2025-07-05
10760,1292,14,Clothing,43.83,4,USA,2025-06-11
10761,1819,36,Gaming,449.93,1,Japan,2025-11-06
10762,1848,77,Toys,226.86,4,France,2025-07-28
10763,242,47,Books,179.59,3,Israel,2025-03-07
10764,588,75,Sports,4.25,2,UK,2025-09-06
10765,447,47,Books,111.64,3,Israel,2025-03-11
10766,1407,77,Toys,250.3,3,Japan,2025-04-24
10767,289,45,Clothing,346.24,4,Japan,2025-07-12
10768,1483,41,Clothing,219.91,4,Australia,2025-11-01
10769,410,53,Sports,225.34,4,Japan,2025-09-19
10770,247,15,Books,294.72,4,Australia,2025-04-11
10771,931,19,Books,367.84,2,USA,2025-01-01
10772,565,25,Electronics,356.32,5,Germany,2025-01-14
10773,32,53,Sports,435.12,2,Israel,2025-09-13
10774,947,14,Clothing,344.83,3,USA,2025-05-15
10775,460,63,Books,265.46,3,Japan,2025-07-23
10776,1872,16,Home,464.63,2,Australia,2025-07-28
10777,1520,77,Toys,48.54,5,Canada,2025-09-21
10778,1244,22,Home,463.18,2,Canada,2025-04-05
10779,709,49,Beauty,240.27,4,UK,2025-03-12
10780,812,53,Sports,220.83,4,Canada,2025-08-05
10781,1844,45,Clothing,200.76,3,Australia,2025-01-13
10782,856,24,Beauty,242.86,2,Australia,2025-07-27
10783,294,59,Home,477.64,4,USA,2025-09-01
10784,1827,79,Sports,241.28,2,France,2025-06-04
10785,1100,72,Electronics,94.32,5,Japan,2025-05-16
10786,1638,52,Sports,207.61,4,France,2025-09-07
10787,269,64,Beauty,293.97,1,Japan,2025-05-11
10788,1017,56,Gaming,424.97,3,France,2025-09-03
10789,1142,52,Sports,456.82,2,France,2025-02-17
10790,1904,14,Clothing,281.94,3,UK,2025-03-01
10791,819,55,Home,242.74,3,Canada,2025-03-08
10792,701,15,Books,179.58,5,France,2025-07-10
10793,921,23,Home,62.27,5,Israel,2025-02-04
10794,615,75,Sports,86.75,5,USA,2025-10-24
10795,1981,40,Clothing,6.13,2,Japan,2025-08-22
10796,839,63,Books,402.52,4,Israel,2025-02-06
10797,997,58,Beauty,455.35,1,Canada,2025-11-16
10798,42,18,Beauty,308.51,3,Australia,2025-08-13
10799,457,75,Sports,9.16,1,Israel,2025-12-05
10800,1703,59,Home,184.67,1,France,2025-06-10
10801,1493,24,Beauty,140.69,1,Australia,2025-04-27
10802,383,61,Sports,-97.11,1,Canada,2025-02-12
10803,1799,44,Beauty,84.85,5,Germany,2025-11-25
10804,1344,60,Gaming,49.25,5,Australia,2025-09-17
10805,493,28,Clothing,26.46,2,USA,2025-09-21
10806,475,71,Clothing,136.78,3,Canada,2025-12-22
10807,419,58,Beauty,496.19,4,USA,2025-10-20
10808,694,58,Beauty,144.7,1,France,2025-05-24
10809,536,74,Clothing,424.1,1,Australia,2025-04-27
10810,1617,62,Toys,61.1,4,Canada,2025-05-24
10811,1413,30,Sports,339.0,2,France,2025-10-03
10812,1528,1,Sports,261.76,2,France,2025-06-18
10813,888,40,Clothing,384.47,3,Japan,2025-01-21
10814,1005,56,Gaming,264.1,5,USA,2025-06-23
10815,1995,77,Toys,83.87,4,France,2025-10-10
10816,704,29,Toys,339.91,2,UK,2025-12-07
10817,435,23,Home,464.52,4,Japan,2025-09-16
10818,1227,5,Sports,111.64,1,Australia,2025-01-09
10819,1637,38,Clothing,201.08,3,UK,2025-07-19
10820,585,48,Books,450.16,5,Israel,2025-12-18
10821,1284,20,Home,359.96,1,Japan,2025-04-10
10822,340,61,Sports,205.64,5,USA,2025-08-10
10823,998,53,Sports,14.37,4,Australia,2025-08-05
10824,1070,73,Electronics,465.42,5,France,2025-10-22
10825,981,55,Home,250.7,2,France,2025-01-16
10826,760,20,Home,249.58,1,UK,2025-04-06
10827,1906,43,Books,160.74,4,Japan,2025-06-03
10828,1279,32,Gaming,50.13,3,Australia,2025-08-27
10829,1620,31,Clothing,98.35,4,UK,2025-12-01
10830,1398,22,Home,214.11,4,Germany,2025-06-01
10831,911,22,Home,275.68,2,USA,2025-10-07
10832,1389,39,Clothing,479.3,4,Australia,2025-09-08
10833,352,7,Gaming,48.12,3,USA,2025-02-22
10834,351,27,Beauty,359.13,5,USA,2025-09-09
10835,1798,47,Books,137.15,4,Australia,2025-09-09
10836,1642,74,Clothing,201.51,3,USA,2025-02-28
10837,1675,68,Home,127.25,2,UK,2025-11-05
10838,472,4,Gaming,489.67,3,Canada,2025-09-04
10839,896,70,Books,64.2,2,Japan,2025-03-28
10840,1644,15,Books,412.51,2,Germany,2025-09-10
10841,1175,52,Sports,97.16,1,Canada,2025-03-08
10842,1431,76,Clothing,415.9,5,Germany,2025-08-25
10843,1883,8,Gaming,286.22,3,USA,2025-04-13
10844,104,22,Home,395.55,3,Canada,2025-04-19
10845,267,31,Clothing,127.86,5,Australia,2025-04-17
10846,1123,24,Beauty,455.66,4,Israel,2025-01-17
10847,1444,41,Clothing,315.39,1,Japan,2025-07-24
10848,1017,25,Electronics,241.2,4,Canada,2025-06-12
10849,45,25,Electronics,420.12,2,USA,2025-09-21
10850,1158,23,Home,446.04,1,UK,2025-12-03
10851,972,10,Beauty,62.53,5,Canada,2025-03-12
10852,1672,77,Toys,63.88,4,Australia,2025-01-10
10853,566,46,Gaming,487.6,3,France,2025-10-23
10854,492,34,Beauty,115.04,3,Israel,2025-02-22
10855,1301,36,Gaming,45.89,5,USA,2025-05-27
10856,1795,15,Books,265.11,5,UK,2025-04-19
10857,371,68,Home,42.15,3,Germany,2025-05-20
10858,450,12,Clothing,329.34,3,USA,2025-11-19
10859,1748,26,Gaming,28.78,3,USA,2025-07-01
10860,1880,55,Home,386.21,4,USA,2025-11-16
10861,1776,45,Clothing,304.74,5,Australia,2025-06-06
10862,761,51,Clothing,168.04,2,UK,2025-06-21
10863,1038,58,Beauty,293.77,5,USA,2025-11-20
10864,217,40,Clothing,76.19,2,Canada,2025-02-15
10865,1773,33,Toys,87.88,4,Canada,2025-07-18
10866,707,76,Clothing,430.64,5,France,2025-03-27
10867,1821,11,Toys,52.52,3,Germany,2025-08-10
10868,1335,30,Sports,221.47,1,UK,2025-01-08
10869,1051,7,Gaming,111.9,2,USA,2025-12-20
10870,402,58,Beauty,191.11,5,USA,2025-09-26
10871,1018,16,Home,127.59,2,Israel,2025-03-08
10872,168,14,Clothing,314.0,1,France,2025-10-22
10873,1485,45,Clothing,370.18,4,Germany,2025-08-27
10874,733,72,Electronics,176.74,5,Germany,2025-03-09
10875,258,20,Home,129.64,5,USA,2025-07-26
10876,451,25,Electronics,152.03,4,Germany,2025-08-12
10877,793,43,Books,244.51,1,France,2025-09-03
10878,1837,73,Electronics,290.41,5,France,2025-11-26
10879,1282,43,Books,257.58,1,France,2025-10-18
10880,1744,8,Gaming,52.28,2,Germany,2025-09-13
10881,1877,35,Sports,170.49,5,France,2025-08-25
10882,1513,63,Books,303.53,1,Japan,2025-01-24
10883,188,55,Home,218.74,1,Canada,2025-05-24
10884,442,49,Beauty,312.31,2,Canada,2025-05-02
10885,780,51,Clothing,376.57,5,UK,2025-02-03
10886,1551,80,Beauty,290.33,1,Canada,2025-12-01
10887,1650,64,Beauty,466.01,2,Australia,2025-10-25
10888,878,48,Books,251.01,4,Canada,2025-04-17
10889,1017,1,Sports,62.51,2,France,2025-11-14
10890,1565,2,Sports,152.01,2,Germany,2025-06-27
10891,919,74,Clothing,86.4,3,USA,2025-01-10
10892,348,62,Toys,252.64,2,UK,2025-12-06
10893,1032,30,Sports,381.63,1,Australia,2025-11-21
10894,1217,80,Beauty,123.6,5,Israel,2025-10-28
10895,1971,67,Gaming,152.5,3,France,2025-10-12
10896,818,77,Toys,379.7,4,France,2025-04-19
10897,569,19,Books,259.22,1,Germany,2025-07-01
10898,1742,66,Clothing,478.64,2,USA,2025-08-11
10899,670,33,Toys,288.01,4,France,2025-12-23
10900,198,73,Electronics,232.42,1,Canada,2025-01-09
10901,1390,70,Books,306.38,2,USA,2025-12-17
10902,472,57,Beauty,224.3,3,Canada,2025-01-18
10903,1697,39,Clothing,436.97,2,Israel,2025-05-12
10904,778,8,Gaming,392.67,1,France,2025-04-02
10905,234,70,Books,69.56,2,UK,2025-03-09
10906,1620,79,Sports,413.93,2,UK,2025-06-16
10907,9,33,Toys,44.64,1,UK,2025-11-08
10908,183,10,Beauty,466.91,1,Israel,2025-06-22
10909,1202,26,Gaming,363.53,1,Israel,2025-06-04
10910,730,27,Beauty,350.64,5,UK,2025-12-10
10911,1589,35,Sports,399.46,3,Israel,2025-12-12
10912,709,58,Beauty,401.75,2,UK,2025-02-08
10913,381,5,Sports,182.19,3,Israel,2025-09-15
10914,805,10,Beauty,282.35,4,Israel,2025-11-04
10915,1413,62,Toys,376.08,5,Germany,2025-07-21
10916,558,59,Home,466.1,5,UK,2025-02-04
10917,197,52,Sports,477.91,3,Japan,2025-09-21
10918,1887,39,Clothing,379.27,5,Japan,2025-02-11
10919,459,42,Beauty,120.96,2,Canada,2025-08-15
10920,1824,75,Sports,496.54,1,Japan,2025-02-08
10921,741,46,Gaming,137.21,1,Israel,2025-12-11
10922,87,68,Home,164.95,2,Japan,2025-08-26
10923,604,12,Clothing,17.14,5,Canada,2025-03-08
10924,1497,35,Sports,229.57,3,UK,2025-06-09
10925,939,67,Gaming,42.81,5,France,2025-06-19
10926,1917,62,Toys,250.66,2,Australia,2025-06-06
10927,381,1,Sports,360.02,3,Japan,2025-09-08
10928,458,4,Gaming,293.08,3,UK,2025-04-25
10929,21,29,Toys,437.72,1,Australia,2025-05-22
10930,1042,12,Clothing,179.26,1,Germany,2025-10-07
10931,199,65,Sports,211.73,1,France,2025-04-12
10932,775,26,Gaming,196.26,2,Canada,2025-03-24
10933,5,17,Books,165.08,4,Australia,2025-06-08
10934,378,64,Beauty,361.68,1,Israel,2025-04-14
10935,277,12,Clothing,301.69,2,Japan,2025-11-28
10936,611,13,Sports,411.79,5,France,2025-01-28
10937,1086,30,Sports,414.6,4,USA,2025-01-28
10938,299,20,Home,92.35,1,Israel,2025-08-07
10939,818,32,Gaming,173.28,1,UK,2025-04-02
10940,277,75,Sports,465.52,3,USA,2025-05-26
10941,1638,12,Clothing,323.44,5,Germany,2025-08-26
10942,1868,29,Toys,333.47,1,UK,2025-10-02
10943,798,65,Sports,429.26,4,UK,2025-11-15
10944,1864,46,Gaming,225.88,3,UK,2025-01-20
10945,52,14,Clothing,48.9,5,Israel,2025-05-27
10946,1065,11,Toys,499.13,3,France,2025-04-03
10947,344,62,Toys,54.73,1,Israel,2025-01-02
10948,948,12,Clothing,429.99,1,Canada,2025-04-19
10949,833,17,Books,451.19,3,France,2025-10-17
10950,619,39,Clothing,195.24,5,France,2025-11-12
10951,1506,18,Beauty,228.67,3,Japan,2025-02-14
10952,903,49,Beauty,318.5,4,France,2025-09-21
10953,441,26,Gaming,108.77,4,UK,2025-11-25
10954,994,67,Gaming,437.32,1,Australia,2025-10-16
10955,65,48,Books,451.94,4,Israel,2025-10-27
10956,1697,22,Home,85.06,2,Israel,2025-06-13
10957,1545,11,Toys,118.08,1,Israel,2025-08-22
10958,333,12,Clothing,165.51,4,France,2025-01-07
10959,172,5,Sports,21.62,2,USA,2025-12-28
10960,944,45,Clothing,247.62,5,Israel,2025-01-23
10961,816,30,Sports,72.74,3,UK,2025-11-25
10962,1630,59,Home,407.49,1,Japan,2025-06-14
10963,10,10,Beauty,64.23,4,USA,2025-09-21
10964,282,35,Sports,412.96,2,Japan,2025-06-07
10965,463,7,Gaming,84.07,3,Israel,2025-11-21
10966,40,79,Sports,327.07,1,Germany,2025-03-01
10967,1478,79,Sports,379.71,4,Canada,2025-02-01
10968,145,28,Clothing,306.12,4,Japan,2025-07-27
10969,1450,54,Gaming,421.8,2,Japan,2025-06-17
10970,1745,37,Gaming,430.4,2,Canada,2025-02-16
10971,1165,48,Books,246.65,1,Canada,2025-09-13
10972,1294,26,Gaming,363.84,1,Australia,2025-10-19
10973,1734,67,Gaming,145.35,3,Germany,2025-10-07
10974,258,16,Home,119.52,1,Canada,2025-07-21
10975,651,4,Gaming,182.27,3,Canada,2025-03-25
10976,553,53,Sports,121.71,4,Australia,2025-01-18
10977,522,15,Books,39.63,2,Germany,2025-07-21
10978,4,16,Home,363.31,4,Israel,2025-05-14
10979,35,40,Clothing,362.93,2,France,2025-04-16
10980,588,67,Gaming,57.23,1,France,2025-09-19
10981,81,9,Clothing,291.73,5,Australia,2025-02-03
10982,1939,79,Sports,193.3,3,Israel,2025-12-13
10983,1382,71,Clothing,492.54,4,Australia,2025-05-04
10984,1797,18,Beauty,39.71,4,USA,2025-02-18
10985,500,6,Toys,43.88,2,Israel,2025-06-13
10986,717,62,Toys,340.92,2,Australia,2025-12-25
10987,584,69,Sports,408.29,2,Japan,2025-09-13
10988,1250,24,Beauty,490.88,2,France,2025-08-27
10989,818,39,Clothing,343.32,4,Australia,2025-05-28
10990,769,60,Gaming,311.48,2,UK,2025-12-11
10991,1248,31,Clothing,95.45,4,France,2025-12-25
10992,293,42,Beauty,378.64,1,Australia,2025-04-03
10993,1241,23,Home,47.4,5,Israel,2025-06-10
10994,993,63,Books,329.45,3,USA,2025-03-12
10995,582,13,Sports,50.68,2,France,2025-07-10
10996,847,66,Clothing,148.81,2,Canada,2025-11-28
10997,1916,25,Electronics,345.12,5,Israel,2025-10-16
10998,786,8,Gaming,84.73,1,Australia,2025-06-03
10999,533,63,Books,101.23,4,USA,2025-05-21
11000,710,22,Home,260.35,1,USA,2025-06-03
11001,1516,30,Sports,417.78,4,USA,2025-06-17
11002,1048,66,Clothing,401.71,5,Israel,2025-03-13
11003,424,19,Books,329.93,4,Australia,2025-06-23
11004,401,7,Gaming,3.1,2,Canada,2025-12-21
11005,1377,28,Clothing,130.88,4,UK,2025-10-05
11006,413,19,Books,467.35,5,UK,2025-07-14
11007,782,60,Gaming,214.36,4,Germany,2025-12-12
11008,520,47,Books,336.03,1,Australia,2025-03-04
11009,1872,8,Gaming,276.6,2,Germany,2025-12-17
11010,1848,10,Beauty,472.19,1,Germany,2025-01-07
11011,1608,12,Clothing,406.98,1,Japan,2025-08-05
11012,1014,33,Toys,85.65,1,France,2025-10-24
11013,323,77,Toys,85.43,2,Australia,2025-09-11
11014,216,47,Books,75.06,3,USA,2025-05-12
11015,1623,58,Beauty,329.9,1,USA,2025-05-07
11016,89,29,Toys,381.29,3,USA,2025-12-09
11017,1174,1,Sports,66.29,3,Germany,2025-02-24
11018,648,6,Toys,351.8,3,Australia,2025-09-17
11019,1824,60,Gaming,343.26,4,USA,2025-01-07
11020,1230,41,Clothing,372.06,3,Japan,2025-07-01
11021,1926,7,Gaming,269.33,1,France,2025-04-11
11022,841,75,Sports,470.13,1,USA,2025-10-11
11023,1193,47,Books,285.96,3,Australia,2025-01-09
11024,951,41,Clothing,323.26,1,Israel,2025-05-24
11025,1602,39,Clothing,-37.29,5,USA,2025-05-21
11026,1066,13,Sports,365.34,1,Canada,2025-08-15
11027,1392,43,Books,398.3,1,Israel,2025-04-25
11028,1457,54,Gaming,310.1,3,Australia,2025-01-17
11029,1431,28,Clothing,489.75,1,Israel,2025-09-20
11030,570,72,Electronics,234.58,3,France,2025-04-10
11031,658,16,Home,not-a-price,3,Canada,2025-11-09
11032,1025,27,Beauty,413.31,4,Canada,2025-11-16
11033,694,21,Beauty,188.05,5,UK,2025-12-15
11034,831,29,Toys,345.52,1,USA,2025-08-17
11035,580,6,Toys,195.24,2,USA,2025-05-09
11036,718,19,Books,4.21,1,Israel,2025-04-24
11037,854,42,Beauty,86.89,3,UK,2025-04-10
11038,283,8,Gaming,339.6,4,Canada,2025-04-07
11039,1494,10,Beauty,5.33,4,USA,2025-01-02
11040,1701,27,Beauty,375.93,5,UK,2025-03-11
11041,1188,24,Beauty,37.93,4,UK,2025-04-23
11042,1540,56,Gaming,139.9,5,UK,2025-09-08
11043,101,25,Electronics,313.07,2,Israel,2025-09-23
11044,99,6,Toys,204.52,4,UK,2025-02-03
11045,393,44,Beauty,387.45,5,France,2025-06-05
11046,248,40,Clothing,13.29,1,Germany,2025-01-11
11047,101,43,Books,225.27,5,Israel,2025-05-14
11048,675,51,Clothing,482.78,4,France,2025-08-04
11049,1887,12,Clothing,314.37,1,USA,2025-10-13
11050,963,11,Toys,483.49,1,Canada,2025-06-28
11051,1129,5,Sports,341.19,3,Japan,2025-02-06
11052,1220,25,Electronics,369.23,5,Canada,2025-08-21
11053,1893,42,Beauty,295.39,1,France,2025-10-13
11054,166,76,Clothing,393.39,2,France,2025-12-01
11055,1512,20,Home,54.03,5,Germany,2025-07-10
11056,1639,74,Clothing,140.91,4,UK,2025-11-02
11057,938,15,Books,297.7,5,Canada,2025-06-15
11058,626,19,Books,242.45,3,Australia,2025-11-05
11059,793,31,Clothing,487.25,1,Israel,2025-04-01
11060,464,51,Clothing,182.32,3,USA,2025-06-08
11061,1519,64,Beauty,479.23,1,UK,2025-09-16
11062,43,2,Sports,147.98,5,Israel,2025-10-12
11063,249,25,Electronics,421.64,2,Germany,2025-10-27
11064,418,74,Clothing,187.93,3,Germany,2025-10-02
11065,1063,76,Clothing,244.44,2,Australia,2025-08-15
11066,535,52,Sports,212.96,5,USA,2025-01-27
11067,1442,28,Clothing,316.23,5,USA,2025-08-12
11068,629,14,Clothing,52.98,3,Israel,2025-10-04
11069,615,43,Books,171.91,2,Australia,2025-02-09
11070,1405,60,Gaming,341.87,4,Israel,2025-04-27
11071,1219,78,Clothing,278.91,3,Germany,2025-07-13
11072,465,26,Gaming,241.26,4,Germany,2025-08-28
11073,760,80,Beauty,179.03,2,Canada,2025-02-04
11074,1641,76,Clothing,40.94,4,Japan,2025-01-11
11075,300,80,Beauty,381.77,4,Israel,2025-06-16
11076,1921,34,Beauty,240.18,1,USA,2025-07-26
11077,177,39,Clothing,230.56,5,Germany,2025-02-06
11078,1492,26,Gaming,5.22,3,France,2025-09-21
11079,976,73,Electronics,214.37,5,Israel,2025-02-05
11080,1491,19,Books,38.92,1,USA,2025-09-09
11081,496,23,Home,25.49,1,Australia,2025-08-16
11082,1358,12,Clothing,342.15,3,UK,2025-02-15
11083,771,63,Books,422.14,4,Canada,2025-11-16
11084,788,39,Clothing,437.59,3,UK,2025-10-13
11085,1056,65,Sports,332.59,1,Israel,2025-11-05
11086,198,13,Sports,61.24,1,UK,2025-06-19
11087,779,46,Gaming,250.96,5,Canada,2025-01-07
11088,454,62,Toys,360.64,3,Germany,2025-03-01
11089,1969,63,Books,51.48,2,Canada,2025-01-18
11090,1934,69,Sports,29.12,3,France,2025-06-04
11091,1681,79,Sports,235.58,5,Australia,2025-03-27
11092,1659,38,Clothing,210.76,5,Australia,2025-04-16
11093,1445,5,Sports,71.86,3,USA,2025-08-26
11094,1161,69,Sports,442.32,1,France,2025-04-08
11095,1006,66,Clothing,-99.7,1,Australia,2025-12-24
11096,581,73,Electronics,272.5,1,Israel,2025-10-23
11097,1199,30,Sports,341.93,4,Japan,2025-01-27
11098,622,46,Gaming,8.68,1,Japan,2025-01-27
11099,988,80,Beauty,61.19,2,UK,2025-03-24
11100,239,38,Clothing,413.8,3,Australia,2025-09-02
11101,387,35,Sports,187.87,1,France,2025-02-05
11102,1083,4,Gaming,125.4,2,Japan,2025-03-06
11103,398,53,Sports,64.76,0,Australia,2025-05-25
11104,286,57,Beauty,5.78,5,UK,2025-03-17
11105,1421,59,Home,465.8,5,Canada,2025-01-06
11106,1021,1,Sports,272.63,2,USA,2025-09-28
11107,1579,47,Books,74.22,5,UK,2025-02-12
11108,509,15,Books,175.04,2,UK,2025-10-16
11109,1481,12,Clothing,317.39,1,Canada,2025-01-28
11110,1595,40,Clothing,213.67,5,Canada,2025-12-15
11111,1589,29,Toys,106.59,4,Canada,2025-08-19
11112,96,22,Home,53.94,2,France,2025-01-07
11113,1062,25,Electronics,85.71,2,Germany,2025-09-22
11114,91,80,Beauty,499.96,4,Israel,2025-04-12
11115,1244,43,Books,461.64,2,Canada,2025-07-13
11116,1643,59,Home,389.69,3,Germany,2025-09-27
11117,313,29,Toys,79.92,2,Israel,2025-01-24
11118,1529,55,Home,458.19,3,USA,2025-04-09
11119,377,44,Beauty,-11.49,2,UK,2025-04-20
11120,477,66,Clothing,153.4,1,Australia,2025-11-18
11121,1231,28,Clothing,95.72,1,Germany,2025-03-03
11122,1930,35,Sports,330.33,3,USA,2025-06-20
11123,235,19,Books,48.55,2,Canada,2025-12-23
11124,1455,45,Clothing,451.42,3,Canada,2025-12-17
11125,15,23,Home,415.82,5,Israel,2025-01-15
11126,265,40,Clothing,171.81,5,UK,2025-08-08
11127,286,37,Gaming,114.29,5,USA,2025-07-12
11128,734,38,Clothing,156.13,2,Germany,2025-03-13
11129,1232,22,Home,93.87,1,USA,2025-01-23
11130,1920,45,Clothing,485.19,1,Israel,2025-04-08
11131,1576,44,Beauty,217.64,3,Australia,2025-07-11
11132,157,71,Clothing,455.11,2,Germany,2025-11-16
11133,1602,23,Home,364.92,1,Japan,2025-10-24
11134,4,53,Sports,24.67,4,Japan,2025-12-23
11135,1208,55,Home,95.91,5,Canada,2025-03-11
11136,709,13,Sports,43.43,1,Canada,2025-06-22
11137,1042,43,Books,358.61,3,Japan,2025-04-08
11138,1493,37,Gaming,296.49,1,UK,2025-06-14
11139,1704,70,Books,327.06,3,USA,2025-12-16
11140,812,41,Clothing,14.38,4,Canada,2025-09-12
11141,1284,2,Sports,371.46,5,USA,2025-12-12
11142,429,72,Electronics,67.1,5,Israel,2025-06-27
11143,1496,13,Sports,298.53,2,Australia,2025-12-20
11144,1633,28,Clothing,451.8,2,Canada,2025-02-12
11145,1305,33,Toys,465.62,5,UK,2025-07-28
11146,1600,70,Books,27.16,4,UK,2025-06-25
11147,1750,48,Books,172.9,5,Germany,2025-09-15
11148,989,56,Gaming,406.71,1,Germany,2025-10-06
11149,1370,14,Clothing,349.44,2,Germany,2025-11-21
11150,477,61,Sports,106.71,5,USA,2025-05-17
11151,1001,7,Gaming,25.16,2,Japan,2025-06-14
11152,1348,35,Sports,119.64,1,Japan,2025-09-17
11153,1194,15,Books,196.45,3,USA,2025-11-09
11154,795,74,Clothing,384.49,4,UK,2025-06-15
11155,881,73,Electronics,156.96,5,USA,2025-07-19
11156,1841,53,Sports,339.01,5,Israel,2025-07-01
11157,231,80,Beauty,203.68,2,Japan,2025-01-11
11158,1661,45,Clothing,149.61,3,Germany,2025-11-25
11159,1512,18,Beauty,161.01,1,France,2025-12-07
11160,797,6,Toys,381.5,1,Israel,2025-07-22
11161,1480,44,Beauty,277.44,3,USA,2025-11-28
11162,766,26,Gaming,313.1,1,Canada,2025-12-14
11163,291,47,Books,55.75,1,USA,2025-06-10
11164,504,51,Clothing,209.9,2,Japan,2025-09-16
11165,16,64,Beauty,284.26,2,Canada,2025-12-18
11166,1311,773,Clothing,201.34,1,Australia,2025-08-24
11167,984,65,Sports,131.04,2,USA,2025-10-16
11168,1604,78,Clothing,258.9,1,France,2025-01-13
11169,440,57,Beauty,39.44,5,France,2025-04-10
11170,629,65,Sports,419.64,5,USA,2025-10-19
11171,1861,59,Home,369.49,3,Japan,2025-08-26
11172,50,67,Gaming,291.84,4,Germany,2025-10-26
11173,394,58,Beauty,116.92,4,Australia,2025-12-18
11174,284,14,Clothing,196.72,4,Australia,2025-10-20
11175,203,18,Beauty,319.52,3,Australia,2025-04-23
11176,493,54,Gaming,110.32,4,France,2025-09-03
11177,749,50,Clothing,479.75,5,UK,2025-07-05
11178,864,78,Clothing,286.03,5,Germany,2025-08-04
11179,1970,35,Sports,273.82,1,UK,2025-09-01
11180,240,65,Sports,219.71,2,USA,2025-03-14
11181,1378,42,Beauty,151.96,3,Germany,2025-04-20
11182,125,47,Books,226.31,5,Germany,2025-12-24
11183,502,22,Home,5.69,3,UK,2025-02-18
11184,921,23,Home,430.89,3,Canada,2025-11-09
11185,1678,70,Books,273.41,3,Israel,2025-09-27
11186,1953,75,Sports,313.1,4,Australia,2025-11-21
11187,387,10,Beauty,258.67,4,Germany,2025-10-15
11188,760,36,Gaming,214.03,5,UK,2025-01-18
11189,216,3,Gaming,228.31,4,Australia,2025-07-13
11190,622,35,Sports,240.98,5,France,2025-03-18
11191,874,58,Beauty,205.3,2,Canada,2025-05-15
11192,719,33,Toys,469.06,4,Israel,2025-04-05
11193,1959,10,Beauty,190.44,4,Israel,2025-01-20
11194,1447,51,Clothing,22.54,1,UK,2025-10-27
11195,1835,58,Beauty,14.08,1,Germany,2025-03-14
11196,625,45,Clothing,322.58,5,France,2025-04-14
11197,838,75,Sports,360.7,5,USA,2025-05-24
11198,640,17,Books,207.88,2,Japan,2025-10-13
11199,409,10,Beauty,368.46,3,Israel,2025-03-28
11200,1029,35,Sports,121.85,4,UK,2025-11-17
11201,913,67,Gaming,74.93,2,USA,2025-10-15
11202,1232,61,Sports,341.3,4,Israel,2025-11-10
11203,955,1,Sports,74.44,5,UK,2025-06-21
11204,931,74,Clothing,201.46,4,Australia,2025-03-23
11205,1542,54,Gaming,278.23,2,Germany,2025-08-15
11206,448,17,Books,12.97,1,Germany,2025-03-12
11207,1336,19,Books,329.81,4,Japan,2025-07-08
11208,131,80,Beauty,95.72,5,France,2025-02-28
11209,759,4,Gaming,96.94,3,Israel,2025-11-28
11210,683,66,Clothing,324.39,5,Germany,2025-08-02
11211,408,60,Gaming,368.34,3,USA,2025-05-01
11212,1202,46,Gaming,267.84,2,UK,2025-01-21
11213,1556,8,Gaming,295.48,4,USA,2025-03-05
11214,1933,29,Toys,56.75,2,Australia,2025-01-24
11215,375,66,Clothing,362.71,4,Israel,2025-05-09
11216,1534,39,Clothing,102.53,4,Australia,2025-01-21
11217,788,36,Gaming,447.97,2,UK,2025-05-12
11218,1541,42,Beauty,271.39,4,France,2025-02-21
11219,467,6,Toys,397.55,1,Germany,2025-07-19
11220,1526,24,Beauty,303.99,5,France,2025-08-09
11221,1594,54,Gaming,487.9,3,France,2025-04-20
11222,1589,76,Clothing,128.32,1,Australia,2025-06-21
11223,986,19,Books,306.3,5,Japan,2025-09-27
11224,589,9,Clothing,66.96,1,USA,2025-01-09
11225,1393,5,Sports,105.97,5,UK,2025-03-28
11226,1583,46,Gaming,151.69,3,UK,2025-07-26
11227,574,29,Toys,329.99,3,Canada,2025-07-11
11228,1734,9,Clothing,301.9,3,Canada,2025-03-26
11229,659,52,Sports,107.12,3,Australia,2025-09-19
11230,311,71,Clothing,255.39,4,France,2025-06-12
11231,258,66,Clothing,355.84,2,Japan,2025-07-02
11232,567,22,Home,464.53,4,USA,2025-05-12
11233,1643,77,Toys,410.06,3,Japan,2025-04-15
11234,421,39,Clothing,341.85,1,UK,2025-06-15
11235,700,12,Clothing,419.8,2,UK,2025-02-06
11236,1191,50,Clothing,478.35,2,Israel,2025-04-08
11237,1768,55,Home,294.54,2,Japan,2025-01-20
11238,834,7,Gaming,366.6,2,Japan,2025-09-25
11239,243,60,Gaming,243.62,4,Germany,2025-09-03
11240,1345,78,Clothing,29.99,3,Germany,2025-07-28
11241,1706,16,Home,348.42,3,Germany,2025-07-16
11242,951,28,Clothing,326.42,5,Germany,2025-03-02
11243,433,16,Home,284.86,3,Japan,2025-08-16
11244,1809,67,Gaming,10.26,4,USA,2025-02-03
11245,804,3,Gaming,302.18,3,Israel,2025-03-26
11246,659,4,Gaming,218.33,3,Canada,2025-04-13
11247,512,78,Clothing,149.54,5,UK,2025-06-15
11248,1124,3,Gaming,178.68,2,Germany,2025-03-07
11249,986,19,Books,28.11,2,Japan,2025-05-13
11250,180,71,Clothing,120.29,1,UK,2025-01-14
11251,1693,38,Clothing,195.55,2,Germany,2025-11-17
11252,1433,44,Beauty,152.77,4,UK,2025-11-15
11253,402,30,Sports,9.64,5,Canada,2025-01-24
11254,682,23,Home,165.02,2,Canada,2025-08-08
11255,473,68,Home,317.97,1,Israel,2025-12-28
11256,356,21,Beauty,159.4,2,UK,2025-05-09
11257,1765,74,Clothing,477.58,4,Australia,2025-02-12
11258,632,48,Books,313.31,2,Canada,2025-11-02
11259,1668,75,Sports,166.42,5,USA,2025-06-11
11260,1095,47,Books,62.26,2,Germany,2025-10-02
11261,1117,26,Gaming,193.82,3,Japan,2025-06-14
11262,580,8,Gaming,482.54,2,Australia,2025-04-08
11263,1490,42,Beauty,474.52,5,Israel,2025-06-14
11264,1448,4,Gaming,15.61,2,UK,2025-07-14
11265,453,10,Beauty,33.36,1,Canada,2025-03-20
11266,1124,79,Sports,255.78,5,UK,2025-07-08
11267,1433,74,Clothing,252.06,3,Japan,2025-01-17
11268,528,11,Toys,218.35,4,Australia,2025-01-07
11269,1038,62,Toys,116.6,5,Japan,2025-07-10
11270,1233,64,Beauty,73.05,3,France,2025-01-02
11271,1966,13,Sports,260.93,2,Japan,2025-09-07
11272,184,49,Beauty,114.07,3,Australia,2025-12-27
11273,1734,54,Gaming,162.1,2,Israel,2025-08-20
11274,934,30,Sports,16.06,3,Canada,2025-11-03
11275,669,48,Books,84.53,3,USA,2025-10-17
11276,892,65,Sports,20.47,5,Canada,2025-10-04
11277,976,76,Clothing,104.71,2,Germany,2025-08-12
11278,15,55,Home,494.63,1,Germany,2025-05-03
11279,1263,42,Beauty,35.12,4,Germany,2025-10-14
11280,1513,28,Clothing,96.38,5,Canada,2025-08-05
11281,913,68,Home,260.87,5,USA,2025-06-06
11282,588,51,Clothing,389.35,1,Canada,2025-07-04
11283,35,58,Beauty,305.0,1,Canada,2025-01-01
11284,112,49,Beauty,211.73,2,Israel,2025-02-28
11285,319,59,Home,453.42,3,UK,2025-03-15
11286,685,53,Sports,425.46,4,Germany,2025-11-12
11287,39,44,Beauty,11.1,1,Germany,2025-09-20
11288,1282,6,Toys,233.78,4,France,2025-10-23
11289,1490,9,Clothing,25.49,3,Australia,2025-09-16
11290,420,73,Electronics,351.44,4,France,2025-07-20
11291,1630,4,Gaming,184.3,4,Canada,2025-07-05
11292,676,29,Toys,448.01,2,Japan,2025-08-21
11293,148,14,Clothing,86.82,1,France,2025-07-10
11294,488,4,Gaming,228.25,5,Canada,2025-03-12
11295,458,33,Toys,329.37,5,Germany,2025-03-01
11296,1658,80,Beauty,306.46,4,Australia,2025-08-24
11297,353,71,Clothing,157.25,4,Japan,2025-02-25
11298,990,39,Clothing,458.0,3,Japan,2025-09-11
11299,704,11,Toys,322.94,1,UK,2025-11-18
11300,1085,36,Gaming,419.54,3,UK,2025-06-25
11301,89,58,Beauty,28.87,4,Australia,2025-05-27
11302,255,43,Books,477.43,3,Germany,2025-11-22
11303,1784,5,Sports,281.94,3,Canada,2025-04-06
11304,567,9,Clothing,234.95,5,UK,2025-04-21
11305,59,5,Sports,287.36,5,Australia,2025-10-08
11306,935,21,Beauty,355.63,1,France,2025-08-13
11307,1708,44,Beauty,483.41,1,Canada,2025-03-08
11308,1827,71,Clothing,82.48,4,UK,2025-11-24
11309,1530,3,Gaming,397.38,4,Australia,2025-10-21
11310,50,36,Gaming,392.13,5,USA,2025-11-03
11311,310,37,Gaming,31.04,5,France,2025-09-27
11312,511,18,Beauty,329.59,1,Israel,2025-01-14
11313,1210,39,Clothing,108.88,2,Japan,2025-04-27
11314,990,62,Toys,152.83,1,UK,2025-10-16
11315,4,34,Beauty,198.03,3,USA,2025-02-12
11316,1131,39,Clothing,172.1,2,Israel,2025-04-12
11317,1377,30,Sports,216.7,2,Israel,2025-09-02
11318,1022,38,Clothing,247.02,5,Israel,2025-11-14
11319,1285,44,Beauty,301.32,1,Germany,2025-06-06
11320,1721,60,Gaming,146.02,5,USA,2025-02-21
11321,1175,1,Sports,350.07,4,UK,2025-09-28
11322,1458,40,Clothing,54.5,3,Australia,2025-06-26
11323,1099,10,Beauty,438.59,5,France,2025-10-13
11324,461,20,Home,301.82,1,France,2025-06-23
11325,712,32,Gaming,487.67,2,UK,2025-01-25
11326,337,42,Beauty,480.46,4,Israel,2025-12-14
11327,920,8,Gaming,141.0,4,USA,2025-11-05
11328,124,8,Gaming,50.11,4,Canada,2025-01-20
11329,831,39,Clothing,347.36,5,Japan,2025-06-07
11330,738,76,Clothing,273.78,1,France,2025-05-27
11331,1491,17,Books,268.55,5,Canada,2025-07-22
11332,1566,30,Sports,60.92,2,France,2025-10-15
11333,1386,12,Clothing,100.27,5,Australia,2025-12-04
11334,236,25,Electronics,324.67,1,Japan,2025-10-02
11335,1138,5,Sports,457.21,2,Canada,2025-10-23
11336,1149,21,Beauty,239.03,1,USA,2025-11-06
11337,1818,62,Toys,79.33,3,UK,2025-08-04
11338,378,36,Gaming,365.18,5,Israel,2025-08-20
11339,1630,67,Gaming,486.59,2,France,2025-02-21
11340,502,38,Clothing,165.85,1,UK,2025-11-20
11341,1329,24,Beauty,246.91,5,Israel,2025-12-06
11342,731,43,Books,403.82,1,Japan,2025-03-27
11343,1780,32,Gaming,197.65,4,France,2025-10-19
11344,501,21,Beauty,74.09,2,Germany,2025-02-06
11345,324,27,Beauty,176.53,1,Canada,2025-10-16
11346,91,23,Home,242.43,2,UK,2025-06-04
11347,1376,45,Clothing,447.72,2,Canada,2025-02-16
11348,970,45,Clothing,345.48,2,Australia,2025-10-15
11349,968,7,Gaming,185.25,5,France,2025-09-02
11350,605,73,Electronics,398.13,5,Israel,2025-05-01
11351,786,20,Home,119.12,5,Canada,2025-04-18
11352,1544,71,Clothing,206.78,2,Israel,2025-01-18
11353,166,35,Sports,33.99,2,Japan,2025-10-09
11354,1651,78,Clothing,278.47,4,Germany,2025-02-14
11355,1819,11,Toys,320.25,4,France,2025-01-19
11356,338,51,Clothing,246.64,5,Australia,2025-04-08
11357,169,15,Books,258.1,1,USA,2025-11-13
11358,1681,11,Toys,461.53,2,UK,2025-07-25
11359,30,31,Clothing,266.7,5,Japan,2025-06-28
11360,1822,44,Beauty,123.95,2,Israel,2025-09-28
11361,1597,24,Beauty,265.62,4,Germany,2025-07-20
11362,351,33,Toys,6.42,2,Israel,2025-10-28
11363,1424,25,Electronics,204.35,3,Australia,2025-06-15
11364,851,8,Gaming,289.77,4,Australia,2025-01-20
11365,1695,68,Home,258.77,3,France,2025-03-10
11366,598,58,Beauty,235.4,3,France,2025-07-07
11367,458,77,Toys,365.62,2,Germany,2025-06-07
11368,1212,22,Home,330.22,1,Australia,2025-11-15
11369,1249,33,Toys,395.93,5,USA,2025-11-05
11370,1376,41,Clothing,54.62,4,France,2025-05-28
11371,1492,69,Sports,137.08,5,Israel,2025-08-08
11372,181,46,Gaming,28.59,5,Germany,2025-02-06
11373,1717,58,Beauty,316.9,4,Australia,2025-02-08
11374,1737,29,Toys,403.51,1,Germany,2025-04-25
11375,281,10,Beauty,476.91,5,UK,2025-10-17
11376,1115,35,Sports,46.97,1,Germany,2025-06-01
11377,894,33,Toys,273.99,1,Canada,2025-05-02
11378,962,63,Books,97.91,2,Canada,2025-09-09
11379,1527,43,Books,143.84,5,Israel,2025-12-19
11380,1981,68,Home,175.13,4,Australia,2025-07-21
11381,228,38,Clothing,127.58,1,Israel,2025-08-17
11382,1818,15,Books,381.05,5,France,2025-05-09
11383,1678,19,Books,390.65,5,Japan,2025-10-12
11384,1375,54,Gaming,394.47,4,Germany,2025-12-10
11385,1294,30,Sports,346.12,2,Canada,2025-07-21
11386,1909,42,Beauty,202.89,2,France,2025-04-14
11387,877,71,Clothing,119.99,2,UK,2025-02-27
11388,1955,11,Toys,105.42,1,Japan,2025-09-24
11389,104,76,Clothing,455.4,5,UK,2025-02-04
11390,1383,71,Clothing,326.49,1,USA,2025-11-25
11391,1114,69,Sports,347.24,2,Israel,2025-11-01
11392,1440,14,Clothing,194.14,5,Israel,2025-05-11
11393,1948,59,Home,41.07,5,France,2025-12-09
11394,1719,36,Gaming,95.68,5,USA,2025-10-10
11395,1641,70,Books,448.87,3,UK,2025-12-07
11396,525,51,Clothing,250.83,5,Australia,2025-01-08
11397,522,49,Beauty,490.7,3,Australia,2025-04-28
11398,1646,29,Toys,320.61,5,France,2025-06-01
11399,561,60,Gaming,312.97,1,UK,2025-05-24
11400,755,75,Sports,95.9,4,France,2025-10-14
11401,1074,77,Toys,132.65,3,Germany,2025-02-21
11402,1447,53,Sports,486.54,5,France,2025-07-01
11403,1612,4,Gaming,395.45,5,Germany,2025-08-09
11404,1296,30,Sports,441.73,2,UK,2025-01-16
11405,1318,9,Clothing,229.08,1,Israel,2025-10-06
11406,1630,74,Clothing,160.91,2,Australia,2025-07-19
11407,901,36,Gaming,150.99,3,UK,2025-04-08
11408,1297,15,Books,421.0,4,Japan,2025-10-16
11409,90,25,Electronics,99.85,5,Israel,2025-09-11
11410,195,5,Sports,231.32,2,Canada,2025-05-28
11411,1034,45,Clothing,421.51,4,Australia,2025-01-16
11412,1781,11,Toys,365.0,1,Germany,2025-08-27
11413,981,42,Beauty,204.09,4,UK,2025-01-13
11414,6,39,Clothing,350.34,2,UK,2025-10-26
11415,857,74,Clothing,159.27,1,Australia,2025-10-21
11416,1550,74,Clothing,192.02,1,USA,2025-03-17
11417,1008,3,Gaming,92.16,1,USA,2025-01-22
11418,681,45,Clothing,200.59,2,USA,2025-03-08
11419,1508,63,Books,221.83,2,Germany,2025-01-06
11420,1728,11,Toys,437.6,4,Canada,2025-06-23
11421,1875,38,Clothing,9.51,3,France,2025-02-20
11422,1427,29,Toys,492.97,5,USA,2025-08-07
11423,1486,75,Sports,75.29,2,UK,2025-10-08
11424,1010,60,Gaming,454.81,3,UK,2025-05-17
11425,685,47,Books,266.51,2,Israel,2025-02-19
11426,185,6,Toys,400.95,2,Germany,2025-10-21
11427,1373,38,Clothing,374.09,2,Canada,2025-12-21
11428,426,47,Books,26.22,2,UK,2025-03-27
11429,858,36,Gaming,166.78,4,Japan,2025-12-26
11430,453,3,Gaming,416.02,5,France,2025-02-09
11431,1304,51,Clothing,260.49,5,USA,2025-10-07
11432,99,37,Gaming,152.43,2,USA,2025-04-05
11433,1612,51,Clothing,367.04,2,France,2025-10-06
11434,448,39,Clothing,470.9,3,Germany,2025-03-16
11435,888,14,Clothing,150.22,4,Japan,2025-11-17
11436,136,39,Clothing,47.67,5,Germany,2025-04-21
11437,932,71,Clothing,41.33,3,USA,2025-10-28
11438,1113,2,Sports,480.49,5,Japan,2025-03-11
11439,712,46,Gaming,419.63,4,France,2025-09-26
11440,39,39,Clothing,380.67,4,Australia,2025-06-21
11441,167,2,Sports,48.67,4,Japan,2025-09-09
11442,206,58,Beauty,325.11,4,USA,2025-06-04
11443,1479,67,Gaming,130.42,3,USA,2025-09-19
11444,256,35,Sports,143.53,3,Canada,2025-05-19
11445,1244,51,Clothing,106.02,3,Australia,2025-06-25
11446,223,35,Sports,162.17,3,Australia,2025-09-08
11447,1091,73,Electronics,316.82,3,Australia,2025-01-03
11448,1173,50,Clothing,45.4,1,UK,2025-09-03
11449,1946,66,Clothing,71.09,4,Australia,2025-03-10
11450,1984,23,Home,341.18,4,Australia,2025-04-23
11451,445,35,Sports,421.33,5,Canada,2025-12-02
11452,1930,69,Sports,208.31,3,Israel,2025-07-01
11453,1676,78,Clothing,7.92,2,Japan,2025-02-04
11454,1749,30,Sports,97.9,3,Germany,2025-04-05
11455,697,49,Beauty,88.69,5,Israel,2025-01-05
11456,804,54,Gaming,498.0,5,Australia,2025-08-06
11457,1998,38,Clothing,123.78,2,UK,2025-05-17
11458,69,38,Clothing,108.17,2,Australia,2025-05-13
11459,972,26,Gaming,374.74,3,Israel,2025-07-21
11460,1948,12,Clothing,207.09,1,Germany,2025-02-01
11461,1199,28,Clothing,486.95,3,UK,2025-10-12
11462,1417,27,Beauty,441.25,2,Australia,2025-12-02
11463,445,33,Toys,374.91,3,UK,2025-02-05
11464,1562,68,Home,422.65,3,Japan,2025-06-23
11465,1519,35,Sports,145.02,4,Canada,2025-11-27
11466,524,64,Beauty,370.29,5,UK,2025-01-27
11467,1255,67,Gaming,338.98,2,Japan,2025-08-06
11468,1515,24,Beauty,327.28,5,UK,2025-11-01
11469,47,2,Sports,353.39,4,Israel,2025-02-14
11470,730,4,Gaming,473.02,5,Canada,2025-10-16
11471,947,39,Clothing,116.24,4,Canada,2025-09-22
11472,1789,76,Clothing,298.0,1,Australia,2025-05-18
11473,1573,77,Toys,147.12,3,Germany,2025-10-19
11474,915,14,Clothing,448.88,4,Canada,2025-05-01
11475,880,77,Toys,112.02,2,Germany,2025-07-24
11476,1264,12,Clothing,141.18,1,USA,2025-10-15
11477,1287,3,Gaming,315.16,2,France,2025-04-13
11478,1143,32,Gaming,45.32,4,Germany,2025-06-03
11479,396,63,Books,473.69,1,Japan,2025-02-12
11480,1845,31,Clothing,451.8,1,Australia,2025-07-04
11481,1485,58,Beauty,171.3,3,Germany,2025-06-03
11482,1513,71,Clothing,17.32,1,Canada,2025-02-03
11483,1961,35,Sports,366.6,5,France,2025-01-25
11484,224,70,Books,71.38,5,USA,2025-07-03
11485,498,4,Gaming,121.26,3,USA,2025-03-16
11486,333,25,Electronics,69.99,2,Germany,2025-09-12
11487,1227,6,Toys,493.39,3,Japan,2025-06-28
11488,679,61,Sports,304.38,1,France,2025-07-10
11489,865,45,Clothing,124.89,5,Canada,2025-04-02
11490,1451,5,Sports,256.5,3,Australia,2025-05-26
11491,1142,1,Sports,469.14,5,Israel,2025-05-19
11492,113,25,Electronics,93.01,4,Israel,2025-08-18
11493,953,74,Clothing,63.92,2,UK,2025-04-26
11494,684,38,Clothing,384.68,5,Japan,2025-03-27
11495,1538,23,Home,206.45,5,Israel,2025-12-16
11496,1241,39,Clothing,34.92,2,USA,2025-12-20
11497,1195,12,Clothing,375.9,2,France,2025-04-11
11498,1210,16,Home,not-a-price,3,Canada,2025-04-15
11499,69,2,Sports,442.61,5,Australia,2025-12-01
11500,1939,60,Gaming,256.73,1,Australia,2025-12-21
11501,1146,53,Sports,2.23,5,UK,2025-11-23
11502,1537,15,Books,200.73,2,Canada,2025-09-17
11503,1152,62,Toys,454.24,4,Canada,2025-09-15
11504,1006,44,Beauty,271.09,3,Australia,2025-08-27
11505,1882,7,Gaming,264.89,3,Germany,2025-03-07
11506,1600,9,Clothing,296.89,5,Israel,2025-02-26
11507,186,38,Clothing,269.83,1,France,2025-02-04
11508,181,79,Sports,224.86,4,Canada,2025-10-17
11509,664,63,Books,352.17,2,Canada,2025-05-18
11510,241,61,Sports,316.43,1,Canada,2025-05-24
11511,1581,20,Home,52.4,3,Japan,2025-08-02
11512,1809,45,Clothing,281.06,2,Canada,2025-02-05
11513,540,73,Electronics,435.07,5,Canada,2025-07-18
11514,1070,63,Books,401.88,5,Japan,2025-05-15
11515,30,70,Books,311.04,1,France,2025-12-04
11516,1297,2,Sports,61.79,1,Australia,2025-04-07
11517,856,4,Gaming,216.07,2,Canada,2025-03-28
11518,1167,33,Toys,28.83,4,Israel,2025-01-19
11519,779,41,Clothing,150.54,2,Australia,2025-04-21
11520,1889,42,Beauty,476.27,5,Israel,2025-03-06
11521,583,15,Books,400.53,1,Japan,2025-07-12
11522,1331,74,Clothing,153.48,1,Australia,2025-07-22
11523,604,47,Books,171.59,3,USA,2025-09-05
11524,1350,6,Toys,155.47,1,Germany,2025-08-06
11525,478,43,Books,80.42,1,Canada,2025-11-10
11526,1140,52,Sports,78.72,1,Germany,2025-11-24
11527,469,42,Beauty,154.74,4,Japan,2025-11-10
11528,959,6,Toys,269.16,4,Australia,2025-09-14
11529,1166,61,Sports,39.74,5,Canada,2025-03-22
11530,1702,39,Clothing,222.27,5,USA,2025-07-05
11531,2,15,Books,70.08,3,Australia,2025-10-07
11532,773,78,Clothing,388.33,2,Japan,2025-04-18
11533,720,43,Books,269.76,5,Japan,2025-07-05
11534,1784,64,Beauty,439.91,1,Canada,2025-07-23
11535,1337,38,Clothing,129.43,5,Canada,2025-01-24
11536,12,19,Books,144.18,1,UK,2025-07-02
11537,1160,76,Clothing,129.46,3,Australia,2025-12-02
11538,897,61,Sports,28.22,3,Israel,2025-07-05
11539,1707,70,Books,439.85,3,Japan,2025-02-16
11540,1119,76,Clothing,458.31,2,Japan,2025-03-05
11541,1634,25,Electronics,246.82,5,UK,2025-10-21
11542,532,64,Beauty,124.57,2,France,2025-01-12
11543,323,76,Clothing,373.87,2,Israel,2025-11-24
11544,1223,20,Home,422.8,5,Germany,2025-03-22
11545,87,64,Beauty,360.04,1,USA,2025-10-22
11546,556,10,Beauty,400.4,5,Australia,2025-06-16
11547,1172,2,Sports,24.91,3,Australia,2025-05-18
11548,884,20,Home,18.05,1,UK,2025-08-14
11549,345,14,Clothing,319.84,5,Germany,2025-07-18
11550,1296,79,Sports,146.29,3,Canada,2025-02-08
11551,1919,73,Electronics,90.62,2,France,2025-08-03
11552,513,10,Beauty,358.5,1,Canada,2025-04-16
11553,737,2,Sports,46.1,0,UK,2025-01-08
11554,1414,79,Sports,394.62,1,Japan,2025-01-21
11555,396,75,Sports,92.75,5,Australia,2025-12-14
11556,377,20,Home,249.27,2,Canada,2025-11-14
11557,1405,8,Gaming,282.59,4,France,2025-06-14
11558,44,36,Gaming,108.26,1,Germany,2025-11-02
11559,601,58,Beauty,59.79,1,USA,2025-10-26
11560,113,28,Clothing,74.83,1,USA,2025-03-19
11561,110,27,Beauty,471.93,3,Germany,2025-05-02
11562,28,35,Sports,100.73,1,Canada,2025-08-09
11563,214,10,Beauty,425.24,3,USA,2025-01-16
11564,463,33,Toys,236.8,4,Canada,2025-04-11
11565,1360,20,Home,175.75,5,Canada,2025-08-08
11566,1923,42,Beauty,207.18,5,UK,2025-10-06
11567,1373,17,Books,367.35,1,Australia,2025-11-11
11568,433,54,Gaming,155.53,5,UK,2025-08-02
11569,599,24,Beauty,196.66,1,USA,2025-08-09
11570,1759,65,Sports,122.61,5,Australia,2025-01-14
11571,1244,15,Books,61.11,1,Germany,2025-02-20
11572,919,74,Clothing,389.83,4,UK,2025-04-21
11573,649,18,Beauty,6.71,2,Australia,2025-05-22
11574,1139,73,Electronics,135.12,2,Canada,2025-09-19
11575,546,32,Gaming,415.89,3,Australia,2025-10-02
11576,916,34,Beauty,66.71,2,Israel,2025-07-07
11577,1695,76,Clothing,293.52,3,UK,2025-07-14
11578,1040,80,Beauty,125.68,2,Germany,2025-04-22
11579,1553,71,Clothing,211.6,5,Australia,2025-07-17
11580,697,32,Gaming,227.22,3,Germany,2025-10-10
11581,514,23,Home,344.6,5,UK,2025-09-21
11582,219,59,Home,80.35,3,Canada,2025-06-26
11583,1803,67,Gaming,51.46,4,Canada,2025-08-26
11584,911,14,Clothing,291.68,1,Germany,2025-06-25
11585,272,46,Gaming,293.43,4,Germany,2025-09-17
11586,331,26,Gaming,287.48,2,Australia,2025-10-25
11587,759,45,Clothing,404.9,4,Germany,2025-05-06
11588,939,19,Books,158.15,2,UK,2025-04-25
11589,1878,39,Clothing,106.08,5,USA,2025-06-21
11590,809,71,Clothing,322.63,1,USA,2025-03-03
11591,667,39,Clothing,427.09,4,France,2025-04-08
11592,856,13,Sports,116.62,3,Germany,2025-12-17
11593,1413,49,Beauty,370.36,4,Canada,2025-08-11
11594,1104,39,Clothing,362.81,1,Australia,2025-12-05
11595,1201,14,Clothing,341.29,2,Israel,2025-01-18
11596,115,5,Sports,135.49,2,Japan,2025-04-20
11597,1792,6,Toys,69.16,2,UK,2025-11-15
11598,172,7,Gaming,351.1,1,Germany,2025-11-23
11599,724,25,Electronics,423.12,2,Japan,2025-06-24
11600,984,78,Clothing,235.18,2,UK,2025-01-11
11601,1609,57,Beauty,482.74,2,Japan,2025-08-11
11602,989,47,Books,495.88,2,Israel,2025-06-19
11603,1473,39,Clothing,477.17,5,Japan,2025-10-21
11604,952,37,Gaming,95.51,5,Canada,2025-03-09
11605,745,72,Electronics,293.76,1,Germany,2025-01-10
11606,435,18,Beauty,96.32,5,Australia,2025-12-07
11607,872,52,Sports,217.99,5,Australia,2025-01-11
11608,1347,65,Sports,224.61,2,USA,2025-04-09
11609,327,59,Home,174.94,2,Canada,2025-09-23
11610,513,11,Toys,179.12,5,UK,2025-05-23
11611,1482,21,Beauty,123.47,4,USA,2025-06-28
11612,127,52,Sports,486.22,3,France,2025-12-28
11613,141,3,Gaming,370.86,4,UK,2025-12-10
11614,1211,33,Toys,487.45,4,USA,2025-01-06
11615,682,55,Home,128.9,5,USA,2025-04-13
11616,1889,72,Electronics,485.56,1,Canada,2025-07-22
11617,1031,76,Clothing,288.09,4,Israel,2025-07-11
11618,1610,36,Gaming,366.17,5,Australia,2025-01-19
11619,750,19,Books,451.83,1,Australia,2025-09-05
11620,1041,51,Clothing,313.25,2,Australia,2025-05-03
11621,853,11,Toys,69.36,2,Japan,2025-10-15
11622,196,77,Toys,170.71,3,Germany,2025-09-26
11623,1276,28,Clothing,431.56,5,Australia,2025-01-20
11624,376,67,Gaming,398.24,1,Canada,2025-04-19
11625,646,80,Beauty,469.55,3,Germany,2025-12-04
11626,438,33,Toys,398.44,3,France,2025-10-26
11627,847,78,Clothing,465.76,4,UK,2025-04-10
11628,1651,33,Toys,237.07,3,Canada,2025-01-19
11629,461,5,Sports,70.87,2,Israel,2025-02-21
11630,764,46,Gaming,320.53,4,Canada,2025-09-22
11631,1250,48,Books,9.18,5,Japan,2025-02-10
11632,1471,18,Beauty,41.79,5,Germany,2025-03-03
11633,845,60,Gaming,466.94,2,Canada,2025-08-25
11634,165,28,Clothing,491.29,4,Japan,2025-02-02
11635,545,35,Sports,66.58,3,UK,2025-06-13
11636,1036,1,Sports,416.0,4,Canada,2025-01-21
11637,510,68,Home,112.14,2,Germany,2025-02-19
11638,1233,45,Clothing,158.12,4,Germany,2025-05-20
11639,621,1,Sports,288.32,3,Canada,2025-04-19
11640,107,37,Gaming,473.0,4,Australia,2025-04-02
11641,456,68,Home,343.38,5,Germany,2025-03-13
11642,1476,29,Toys,191.43,5,Australia,2025-08-05
11643,1686,30,Sports,17.84,2,UK,2025-08-02
11644,1778,49,Beauty,379.21,4,France,2025-11-25
11645,1092,13,Sports,462.78,4,Israel,2025-04-10
11646,1586,65,Sports,348.22,2,Israel,2025-10-23
11647,368,58,Beauty,86.21,5,Japan,2025-10-23
11648,1796,14,Clothing,180.61,3,Japan,2025-04-05
11649,1120,12,Clothing,364.51,4,UK,2025-09-09
11650,1954,12,Clothing,308.37,2,Canada,2025-09-14
11651,431,28,Clothing,213.58,3,USA,2025-04-22
11652,1899,35,Sports,354.74,2,Australia,2025-05-20
11653,249,22,Home,315.6,3,Australia,2025-03-10
11654,1662,5,Sports,132.44,5,France,2025-09-25
11655,173,40,Clothing,52.74,1,UK,2025-05-11
11656,384,61,Sports,425.97,3,Canada,2025-04-03
11657,1440,73,Electronics,434.41,3,UK,2025-09-26
11658,1903,18,Beauty,477.97,1,Canada,2025-06-24
11659,769,9,Clothing,275.59,3,Israel,2025-09-16
11660,799,23,Home,109.27,3,Germany,2025-01-22
11661,1351,17,Books,264.52,4,USA,2025-11-20
11662,674,80,Beauty,130.39,4,Israel,2025-05-25
11663,775,55,Home,86.18,4,Germany,2025-10-27
11664,998,2,Sports,369.76,4,Japan,2025-08-19
11665,1234,1,Sports,80.27,1,Japan,2025-12-24
11666,1223,39,Clothing,110.27,3,Germany,2025-10-09
11667,1100,66,Clothing,142.48,2,Israel,2025-08-11
11668,260,45,Clothing,463.08,2,USA,2025-04-15
11669,584,5,Sports,202.09,5,France,2025-03-28
11670,1070,10,Beauty,409.38,4,Japan,2025-04-22
11671,1857,21,Beauty,172.33,2,USA,2025-05-04
11672,892,62,Toys,434.01,3,Canada,2025-08-22
11673,354,70,Books,110.81,4,Australia,2025-01-18
11674,874,37,Gaming,119.37,4,Japan,2025-08-20
11675,1333,19,Books,434.36,1,Germany,2025-09-05
11676,1760,39,Clothing,293.43,4,Japan,2025-05-13
11677,1865,21,Beauty,-38.88,3,UK,2025-07-19
11678,1518,31,Clothing,7.1,2,Canada,2025-09-23
11679,743,44,Beauty,125.52,2,Australia,2025-11-18
11680,559,40,Clothing,115.84,3,France,2025-08-19
11681,1590,25,Electronics,351.76,2,Germany,2025-04-04
11682,1226,37,Gaming,490.77,1,Japan,2025-02-18
11683,1881,44,Beauty,494.18,1,Japan,2025-09-13
11684,1609,58,Beauty,8.7,3,Australia,2025-12-07
11685,1488,50,Clothing,474.15,5,Canada,2025-09-08
11686,761,53,Sports,349.99,5,USA,2025-06-13
11687,798,44,Beauty,86.75,1,Germany,2025-11-05
11688,1944,65,Sports,44.86,1,France,2025-11-07
11689,1713,34,Beauty,183.3,4,Germany,2025-07-27
11690,1640,57,Beauty,467.75,5,Israel,2025-12-11
11691,1405,22,Home,159.0,2,France,2025-08-01
11692,35,56,Gaming,421.87,4,Israel,2025-12-02
11693,1333,46,Gaming,382.05,1,Canada,2025-03-24
11694,1835,46,Gaming,162.21,4,Canada,2025-06-28
11695,679,51,Clothing,86.83,4,Germany,2025-02-05
11696,1516,77,Toys,491.46,4,Australia,2025-05-18
11697,1554,24,Beauty,295.99,1,Australia,2025-02-18
11698,1280,35,Sports,293.82,3,UK,2025-10-06
11699,1367,19,Books,167.34,2,Canada,2025-11-27
11700,1854,33,Toys,285.39,2,Germany,2025-05-05
11701,1368,72,Electronics,373.66,4,Israel,2025-09-20
11702,1151,24,Beauty,87.48,4,France,2025-01-28
11703,321,20,Home,94.23,2,USA,2025-11-13
11704,351,4,Gaming,264.79,2,Israel,2025-09-21
11705,738,21,Beauty,434.83,5,UK,2025-12-15
11706,620,1,Sports,179.72,5,Israel,2025-04-25
11707,1862,55,Home,193.58,2,Canada,2025-10-25
11708,1934,75,Sports,492.13,1,Israel,2025-09-28
11709,1043,42,Beauty,305.4,5,Australia,2025-12-27
11710,707,34,Beauty,395.25,1,Japan,2025-12-17
11711,445,32,Gaming,355.2,2,USA,2025-01-20
11712,548,11,Toys,160.22,5,Israel,2025-10-12
11713,489,52,Sports,123.65,3,France,2025-07-25
11714,698,19,Books,366.36,2,UK,2025-12-26
11715,1691,36,Gaming,230.16,3,France,2025-02-03
11716,1687,28,Clothing,97.43,2,Israel,2025-11-20
11717,1500,16,Home,2.05,3,Israel,2025-08-02
11718,1970,75,Sports,482.28,2,Australia,2025-03-04
11719,972,59,Home,254.27,4,Israel,2025-09-12
11720,370,73,Electronics,31.02,5,Germany,2025-02-09
11721,943,62,Toys,308.1,4,Canada,2025-05-26
11722,1877,22,Home,211.65,5,Japan,2025-08-05
11723,87,29,Toys,371.57,2,Germany,2025-07-21
11724,1118,76,Clothing,448.53,4,Germany,2025-09-10
11725,446,18,Beauty,495.13,3,Germany,2025-06-14
11726,537,64,Beauty,80.98,2,UK,2025-12-18
11727,686,7,Gaming,454.9,4,Germany,2025-11-24
11728,908,5,Sports,481.53,4,USA,2025-03-19
11729,78,15,Books,141.18,2,USA,2025-01-26
11730,171,41,Clothing,80.44,5,France,2025-12-27
11731,1018,36,Gaming,398.11,3,France,2025-05-17
11732,88,65,Sports,202.36,5,Canada,2025-01-21
11733,1392,44,Beauty,182.4,1,UK,2025-10-23
11734,933,17,Books,406.71,4,Germany,2025-05-06
11735,1987,54,Gaming,143.12,2,France,2025-05-18
11736,1815,52,Sports,209.45,3,Japan,2025-08-15
11737,478,66,Clothing,226.55,2,Japan,2025-06-09
11738,1081,11,Toys,340.3,3,Australia,2025-09-28
11739,1174,28,Clothing,26.67,4,USA,2025-10-22
11740,281,65,Sports,265.43,4,Japan,2025-07-18
11741,1019,41,Clothing,280.5,5,Japan,2025-09-09
11742,1411,59,Home,107.72,1,UK,2025-09-06
11743,28,27,Beauty,284.1,3,Australia,2025-05-08
11744,616,78,Clothing,109.69,3,Canada,2025-07-18
11745,710,47,Books,306.68,1,Japan,2025-09-04
11746,297,58,Beauty,373.0,2,Israel,2025-10-13
11747,585,39,Clothing,321.99,1,UK,2025-09-13
11748,1702,67,Gaming,390.03,2,Australia,2025-09-02
11749,1767,51,Clothing,134.71,2,UK,2025-03-26
11750,430,46,Gaming,467.29,4,Israel,2025-06-02
11751,1786,73,Electronics,473.19,1,UK,2025-02-23
11752,2,57,Beauty,427.18,3,UK,2025-08-12
11753,801,19,Books,465.34,5,Australia,2025-07-15
11754,970,52,Sports,137.97,4,Japan,2025-02-14
11755,1045,56,Gaming,398.95,3,Germany,2025-12-26
11756,1235,13,Sports,223.08,5,Israel,2025-09-06
11757,654,20,Home,1.14,4,UK,2025-05-21
11758,611,56,Gaming,1.51,5,Germany,2025-03-06
11759,429,1,Sports,41.52,3,Australia,2025-06-18
11760,171,76,Clothing,324.48,3,Germany,2025-08-25
11761,965,56,Gaming,69.18,3,Germany,2025-04-19
11762,807,57,Beauty,461.1,4,France,2025-07-20
11763,1211,1,Sports,138.86,3,UK,2025-09-26
11764,228,22,Home,264.21,5,Australia,2025-09-25
11765,406,22,Home,99.15,3,UK,2025-11-19
11766,1663,56,Gaming,137.59,4,UK,2025-10-07
11767,229,23,Home,229.48,3,Australia,2025-01-23
11768,1718,29,Toys,373.06,2,France,2025-09-03
11769,1036,23,Home,274.31,2,Israel,2025-08-01
11770,413,39,Clothing,343.52,1,France,2025-03-02
11771,1738,21,Beauty,305.93,4,Israel,2025-08-22
11772,927,20,Home,310.08,1,Canada,2025-05-25
11773,1162,5,Sports,325.43,1,Japan,2025-10-13
11774,142,27,Beauty,369.64,2,Japan,2025-07-14
11775,980,13,Sports,373.5,3,Germany,2025-11-05
11776,457,34,Beauty,118.62,2,Germany,2025-12-01
11777,174,60,Gaming,81.11,4,USA,2025-08-20
11778,1033,27,Beauty,188.51,4,USA,2025-06-07
11779,1156,22,Home,58.16,1,France,2025-02-18
11780,55,14,Clothing,72.87,2,USA,2025-06-01
11781,1585,27,Beauty,156.39,4,USA,2025-10-27
11782,1245,48,Books,335.37,2,Israel,2025-10-18
11783,265,70,Books,139.03,4,France,2025-09-21
11784,1943,2,Sports,460.87,1,Japan,2025-05-24
11785,1380,49,Beauty,495.83,1,UK,2025-09-06
11786,1142,5,Sports,9.37,2,Israel,2025-05-13
11787,1880,6,Toys,454.6,1,Australia,2025-06-02
11788,625,10,Beauty,298.46,3,France,2025-04-07
11789,1460,34,Beauty,385.62,3,France,2025-12-09
11790,200,7,Gaming,434.13,2,Japan,2025-11-25
11791,1205,51,Clothing,495.7,5,France,2025-08-08
11792,1510,36,Gaming,253.54,5,Canada,2025-07-24
11793,1430,33,Toys,45.46,5,UK,2025-03-02
11794,482,20,Home,269.08,5,France,2025-07-23
11795,440,57,Beauty,230.49,4,UK,2025-08-19
11796,322,79,Sports,339.81,1,France,2025-08-27
11797,1052,53,Sports,484.47,4,UK,2025-12-05
11798,1820,77,Toys,216.25,4,USA,2025-01-15
11799,552,24,Beauty,247.85,2,Australia,2025-11-19
11800,1994,77,Toys,108.59,5,Canada,2025-10-11
11801,1389,54,Gaming,446.16,2,Japan,2025-10-22
11802,1033,69,Sports,153.07,2,Germany,2025-02-07
11803,420,16,Home,176.81,5,Germany,2025-08-14
11804,78,67,Gaming,241.57,1,France,2025-10-08
11805,144,46,Gaming,468.31,3,USA,2025-08-26
11806,293,16,Home,385.57,1,USA,2025-09-08
11807,932,22,Home,28.18,2,UK,2025-08-25
11808,1367,38,Clothing,66.0,3,Japan,2025-07-20
11809,609,74,Clothing,432.13,1,Australia,2025-07-18
11810,1224,7,Gaming,177.37,3,Canada,2025-02-15
11811,731,31,Clothing,150.42,5,Canada,2025-09-02
11812,409,61,Sports,47.84,1,UK,2025-07-01
11813,953,40,Clothing,307.73,5,Israel,2025-05-09
11814,320,80,Beauty,409.63,5,Japan,2025-03-09
11815,520,66,Clothing,337.93,4,Australia,2025-10-23
11816,1474,51,Clothing,370.31,4,Japan,2025-01-12
11817,1675,9,Clothing,287.69,5,France,2025-03-02
11818,234,24,Beauty,190.97,1,France,2025-01-07
11819,368,7,Gaming,310.49,3,Canada,2025-03-26
11820,729,3,Gaming,147.61,5,Canada,2025-10-05
11821,817,30,Sports,28.82,2,Australia,2025-12-27
11822,1257,11,Toys,323.95,4,Israel,2025-01-10
11823,709,28,Clothing,302.14,4,Israel,2025-11-22
11824,1648,11,Toys,249.15,2,Germany,2025-02-12
11825,899,76,Clothing,329.01,3,Germany,2025-10-11
11826,269,56,Gaming,423.15,2,USA,2025-04-12
11827,1586,60,Gaming,338.1,4,France,2025-08-04
11828,321,28,Clothing,110.39,1,France,2025-02-24
11829,79,25,Electronics,278.41,5,Canada,2025-10-28
11830,253,80,Beauty,471.29,3,Germany,2025-09-13
11831,60,55,Home,439.66,2,Australia,2025-07-26
11832,1892,22,Home,192.2,1,Australia,2025-02-27
11833,1185,30,Sports,159.7,3,Israel,2025-12-25
11834,429,69,Sports,377.29,5,UK,2025-03-02
11835,1810,15,Books,1.32,4,UK,2025-10-21
11836,1079,46,Gaming,76.03,5,France,2025-10-12
11837,572,68,Home,260.76,2,Israel,2025-01-05
11838,1512,28,Clothing,27.88,5,UK,2025-09-21
11839,1628,7,Gaming,397.99,4,UK,2025-10-04
11840,995,57,Beauty,380.36,3,Israel,2025-05-20
11841,1343,9,Clothing,160.24,5,France,2025-03-21
11842,1766,60,Gaming,477.08,1,USA,2025-04-18
11843,608,4,Gaming,61.86,1,Australia,2025-07-03
11844,1086,32,Gaming,404.69,4,Japan,2025-07-05
11845,976,59,Home,57.19,3,Canada,2025-01-18
11846,791,14,Clothing,283.07,4,USA,2025-09-26
11847,1768,77,Toys,192.34,2,Israel,2025-05-13
11848,435,28,Clothing,15.13,5,Japan,2025-04-13
11849,1300,9,Clothing,309.0,3,Australia,2025-01-28
11850,1190,61,Sports,19.39,5,Canada,2025-02-12
11851,1500,60,Gaming,149.3,2,Japan,2025-06-05
11852,635,72,Electronics,407.49,2,Germany,2025-12-15
11853,1221,6,Toys,492.52,4,Israel,2025-03-07
11854,86,54,Gaming,300.7,4,Germany,2025-03-02
11855,1806,28,Clothing,140.15,5,Israel,2025-05-20
11856,663,67,Gaming,427.42,4,France,2025-08-20
11857,1481,55,Home,40.17,4,Australia,2025-09-01
11858,487,7,Gaming,82.27,3,France,2025-10-24
11859,72,74,Clothing,333.51,1,France,2025-07-20
11860,754,29,Toys,-84.72,1,Japan,2025-02-24
11861,1455,1,Sports,277.78,5,UK,2025-02-22
11862,174,50,Clothing,168.16,2,France,2025-02-16
11863,1359,32,Gaming,35.18,2,Canada,2025-10-18
11864,1980,51,Clothing,180.0,4,Japan,2025-01-22
11865,822,39,Clothing,427.82,1,Israel,2025-10-11
11866,715,40,Clothing,195.25,5,Japan,2025-08-10
11867,357,4,Gaming,221.81,3,UK,2025-08-27
11868,1257,57,Beauty,401.03,5,Israel,2025-05-03
11869,1680,79,Sports,357.11,4,UK,2025-02-21
11870,1024,23,Home,81.42,1,USA,2025-04-21
11871,1577,14,Clothing,226.51,1,Germany,2025-08-19
11872,143,61,Sports,163.04,4,Israel,2025-08-16
11873,1368,55,Home,381.6,1,Japan,2025-03-06
11874,567,4,Gaming,68.32,2,Israel,2025-11-18
11875,153,64,Beauty,38.8,1,Israel,2025-11-22
11876,97,3,Gaming,355.59,2,UK,2025-02-02
11877,1567,54,Gaming,95.51,4,France,2025-08-06
11878,862,65,Sports,68.4,3,France,2025-02-09
11879,421,56,Gaming,50.67,1,Germany,2025-02-24
11880,39,25,Electronics,95.11,1,Germany,2025-11-17
11881,180,31,Clothing,409.19,4,France,2025-07-03
11882,1332,73,Electronics,408.62,1,Israel,2025-11-17
11883,207,13,Sports,234.36,3,Australia,2025-08-10
11884,329,22,Home,151.3,5,France,2025-02-19
11885,186,79,Sports,46.75,1,UK,2025-05-26
11886,1402,46,Gaming,391.59,1,UK,2025-09-02
11887,1322,16,Home,275.69,1,Israel,2025-09-05
11888,1280,43,Books,227.33,5,Israel,2025-09-27
11889,519,59,Home,415.52,4,Canada,2025-09-09
11890,1012,49,Beauty,287.65,1,USA,2025-07-28
11891,93,27,Beauty,28.99,1,France,2025-08-23
11892,1098,37,Gaming,304.61,3,France,2025-06-09
11893,1553,2,Sports,240.84,3,France,2025-09-12
11894,1096,10,Beauty,206.38,3,Japan,2025-01-14
11895,319,53,Sports,20.78,4,UK,2025-01-23
11896,1732,8,Gaming,113.95,2,Canada,2025-07-14
11897,513,48,Books,214.07,3,Canada,2025-08-22
11898,1963,43,Books,226.14,2,Canada,2025-05-06
11899,1499,11,Toys,359.88,2,UK,2025-11-03
11900,1583,21,Beauty,485.28,2,Israel,2025-06-18
11901,1458,73,Electronics,424.71,5,Germany,2025-12-27
11902,729,33,Toys,264.13,3,Israel,2025-02-17
11903,1547,56,Gaming,296.38,5,France,2025-07-05
11904,1885,37,Gaming,447.81,2,UK,2025-01-04
11905,1408,41,Clothing,256.63,3,France,2025-09-06
11906,1804,18,Beauty,397.93,2,Canada,2025-04-17
11907,109,46,Gaming,331.81,4,Canada,2025-06-09
11908,722,11,Toys,410.17,5,Germany,2025-11-18
11909,506,74,Clothing,427.88,4,USA,2025-08-01
11910,721,32,Gaming,227.36,1,Germany,2025-01-24
11911,1219,41,Clothing,223.86,5,Germany,2025-11-10
11912,1637,21,Beauty,174.98,2,Japan,2025-01-27
11913,1778,14,Clothing,360.7,5,Israel,2025-01-09
11914,1495,19,Books,370.55,1,Canada,2025-05-12
11915,1548,51,Clothing,390.89,4,USA,2025-10-22
11916,847,11,Toys,274.3,4,France,2025-09-18
11917,1482,64,Beauty,47.15,1,UK,2025-04-17
11918,81,66,Clothing,360.57,5,Japan,2025-11-03
11919,1262,42,Beauty,204.99,1,Japan,2025-09-01
11920,920,13,Sports,305.07,2,France,2025-10-22
11921,1494,22,Home,132.07,4,Canada,2025-07-19
11922,1329,11,Toys,477.9,3,USA,2025-05-22
11923,1614,59,Home,356.06,3,Australia,2025-07-10
11924,1519,73,Electronics,471.51,3,Japan,2025-10-09
11925,1214,34,Beauty,463.8,1,USA,2025-05-24
11926,188,6,Toys,20.06,5,Australia,2025-03-11
11927,35,42,Beauty,488.31,4,UK,2025-11-11
11928,720,35,Sports,10.56,4,UK,2025-05-03
11929,1690,76,Clothing,414.15,3,France,2025-04-03
11930,1995,38,Clothing,55.29,5,USA,2025-12-08
11931,72,39,Clothing,29.47,3,UK,2025-01-19
11932,1245,43,Books,482.06,2,UK,2025-04-22
11933,1254,73,Electronics,349.46,5,Japan,2025-04-11
11934,1653,23,Home,461.02,1,Australia,2025-07-07
11935,857,75,Sports,171.04,1,France,2025-05-19
11936,1768,10,Beauty,174.34,4,Japan,2025-07-05
11937,238,22,Home,230.04,1,Japan,2025-02-06
11938,248,16,Home,366.98,2,Japan,2025-10-18
11939,898,72,Electronics,251.05,4,Canada,2025-10-19
11940,932,20,Home,421.97,1,USA,2025-05-22
11941,1136,77,Toys,400.92,4,France,2025-01-18
11942,1231,17,Books,143.62,5,Germany,2025-06-10
11943,933,43,Books,302.99,1,Israel,2025-11-16
11944,1497,70,Books,228.11,4,Australia,2025-08-10
11945,1614,15,Books,275.38,5,UK,2025-07-08
11946,506,6,Toys,220.81,5,France,2025-01-25
11947,274,29,Toys,391.85,2,Canada,2025-04-13
11948,830,41,Clothing,390.89,5,Germany,2025-02-05
11949,219,7,Gaming,228.46,2,Japan,2025-08-05
11950,891,2,Sports,285.85,5,Israel,2025-07-22
11951,255,13,Sports,412.79,2,Japan,2025-06-28
11952,958,61,Sports,197.29,2,Canada,2025-04-13
11953,619,29,Toys,192.6,1,France,2025-10-02
11954,324,36,Gaming,333.52,1,Japan,2025-05-01
11955,591,23,Home,381.12,4,Japan,2025-10-20
11956,661,47,Books,364.95,5,UK,2025-06-01
11957,773,16,Home,90.34,3,Japan,2025-07-01
11958,300,21,Beauty,112.45,5,Canada,2025-08-06
11959,428,32,Gaming,356.34,2,Japan,2025-02-18
11960,338,19,Books,32.86,5,USA,2025-08-04
11961,1938,10,Beauty,435.05,5,Israel,2025-02-24
11962,1721,40,Clothing,200.08,1,Japan,2025-05-16
11963,1951,56,Gaming,18.1,5,Israel,2025-03-13
11964,1189,58,Beauty,12.75,3,Israel,2025-02-21
11965,1308,63,Books,130.85,4,Germany,2025-05-03
11966,1349,8,Gaming,296.03,2,Australia,2025-02-03
11967,1891,38,Clothing,51.29,4,France,2025-11-24
11968,1552,12,Clothing,411.0,2,Australia,2025-05-17
11969,594,46,Gaming,193.05,5,Germany,2025-04-28
11970,699,13,Sports,286.9,5,Israel,2025-08-24
11971,984,78,Clothing,419.97,4,Canada,2025-05-12
11972,1463,14,Clothing,432.47,5,France,2025-12-15
11973,1936,78,Clothing,382.65,5,Israel,2025-04-27
11974,856,6,Toys,277.38,1,USA,2025-10-18
11975,1403,30,Sports,264.89,3,USA,2025-03-20
11976,721,13,Sports,324.56,5,Japan,2025-03-13
11977,1001,66,Clothing,443.93,3,UK,2025-12-16
11978,428,48,Books,38.8,3,USA,2025-08-05
11979,81,44,Beauty,107.52,4,UK,2025-02-23
11980,1238,1,Sports,451.75,1,Israel,2025-06-17
11981,798,69,Sports,428.6,3,Germany,2025-11-05
11982,504,77,Toys,226.46,2,France,2025-01-03
11983,1403,57,Beauty,262.6,1,France,2025-06-22
11984,1425,27,Beauty,387.77,5,Australia,2025-07-11
11985,182,14,Clothing,354.62,4,USA,2025-03-07
11986,1423,29,Toys,278.19,5,USA,2025-11-07
11987,96,80,Beauty,310.42,1,UK,2025-09-24
11988,29,54,Gaming,216.9,5,Japan,2025-07-06
11989,838,45,Clothing,237.28,1,Australia,2025-03-28
11990,903,24,Beauty,67.58,5,UK,2025-11-19
11991,568,55,Home,225.4,4,Canada,2025-12-24
11992,1129,41,Clothing,441.68,3,Israel,2025-12-08
11993,1159,27,Beauty,340.23,5,USA,2025-05-23
11994,359,2,Sports,236.77,2,Canada,2025-02-19
11995,1421,77,Toys,267.16,3,USA,2025-05-27
11996,1414,3,Gaming,471.45,1,France,2025-09-09
11997,1893,29,Toys,318.64,2,Germany,2025-12-20
11998,1240,37,Gaming,92.86,3,Germany,2025-08-22
11999,426,10,Beauty,1.41,2,USA,2025-09-19
12000,1365,61,Sports,132.16,4,USA,2025-12-26
12001,1788,33,Toys,256.84,3,Israel,2025-11-27
12002,325,9,Clothing,43.68,5,France,2025-12-21
12003,1149,17,Books,345.09,4,Germany,2025-11-17
12004,475,27,Beauty,21.23,4,Japan,2025-11-27
12005,1082,15,Books,468.89,5,Japan,2025-08-02
12006,1245,63,Books,327.8,1,USA,2025-09-04
12007,1638,1,Sports,353.46,1,Japan,2025-11-04
12008,1678,74,Clothing,279.63,5,UK,2025-07-27
12009,1809,72,Electronics,293.37,4,Australia,2025-10-01
12010,1757,1,Sports,157.96,3,Germany,2025-02-18
12011,471,63,Books,492.01,3,France,2025-04-04
12012,327,19,Books,494.5,1,Japan,2025-08-05
12013,1236,58,Beauty,490.3,5,France,2025-07-03
12014,1448,20,Home,428.76,1,Israel,2025-03-19
12015,387,77,Toys,14.75,2,UK,2025-05-23
12016,672,22,Home,488.72,1,Israel,2025-10-10
12017,151,74,Clothing,276.15,4,Canada,2025-09-24
12018,785,70,Books,335.79,1,France,2025-01-19
12019,1713,38,Clothing,118.45,2,Canada,2025-11-25
12020,389,47,Books,185.57,3,USA,2025-08-19
12021,753,40,Clothing,408.43,5,Canada,2025-04-27
12022,765,15,Books,20.47,1,France,2025-05-10
12023,1145,15,Books,452.66,2,Australia,2025-05-01
12024,1157,69,Sports,48.48,2,Germany,2025-12-13
12025,139,14,Clothing,210.77,5,Australia,2025-10-14
12026,291,67,Gaming,348.74,2,France,2025-09-15
12027,1219,38,Clothing,145.33,2,Israel,2025-06-08
12028,1359,53,Sports,312.29,2,Germany,2025-05-24
12029,1152,65,Sports,329.27,4,Japan,2025-05-11
12030,141,62,Toys,6.03,2,Canada,2025-09-10
12031,540,38,Clothing,425.24,5,Canada,2025-07-26
12032,567,59,Home,316.03,1,Israel,2025-12-07
12033,940,78,Clothing,20.17,1,UK,2025-04-15
12034,1543,6,Toys,303.05,4,USA,2025-02-12
12035,498,49,Beauty,92.81,3,UK,2025-05-16
12036,1248,24,Beauty,236.14,3,USA,2025-03-24
12037,366,13,Sports,203.14,5,USA,2025-06-02
12038,300,60,Gaming,17.01,2,France,2025-06-20
12039,1733,52,Sports,464.22,3,USA,2025-02-27
12040,305,28,Clothing,not-a-price,4,UK,2025-02-14
12041,1089,59,Home,488.17,2,Germany,2025-09-09
12042,1451,57,Beauty,391.32,5,Japan,2025-12-02
12043,1575,7,Gaming,389.78,5,Japan,2025-09-05
12044,1438,5,Sports,195.14,5,Australia,2025-06-14
12045,1157,63,Books,26.91,4,Germany,2025-11-24
12046,1894,54,Gaming,361.56,5,Australia,2025-09-14
12047,1050,65,Sports,416.84,5,Canada,2025-11-05
12048,1535,5,Sports,298.03,3,France,2025-10-10
12049,32,37,Gaming,255.08,4,Canada,2025-03-13
12050,94,3,Gaming,27.09,3,Australia,2025-08-13
12051,1832,56,Gaming,181.35,5,Germany,2025-11-25
12052,954,74,Clothing,140.97,2,Germany,2025-01-19
12053,930,68,Home,95.17,3,Germany,2025-07-15
12054,1658,1,Sports,358.29,1,USA,2025-01-05
12055,630,12,Clothing,410.97,2,Australia,2025-10-06
12056,950,23,Home,324.21,4,Australia,2025-07-13
12057,852,4,Gaming,175.4,2,Germany,2025-06-16
12058,1212,1,Sports,22.31,2,USA,2025-10-26
12059,1413,78,Clothing,91.29,3,Germany,2025-03-03
12060,1633,79,Sports,306.2,2,Israel,2025-08-10
12061,1404,16,Home,383.54,1,USA,2025-10-28
12062,930,40,Clothing,383.54,3,Australia,2025-12-20
12063,123,33,Toys,426.27,4,Israel,2025-07-04
12064,390,39,Clothing,15.41,1,Israel,2025-11-16
12065,1958,51,Clothing,247.88,4,Germany,2025-01-15
12066,1442,63,Books,128.06,4,Australia,2025-04-12
12067,510,59,Home,49.73,5,Canada,2025-01-07
12068,1320,57,Beauty,176.19,1,Israel,2025-08-11
12069,795,60,Gaming,156.88,3,Germany,2025-08-22
12070,1580,29,Toys,370.59,1,Israel,2025-12-26
12071,649,18,Beauty,270.78,1,France,2025-05-13
12072,100,77,Toys,471.46,5,France,2025-03-25
12073,1116,43,Books,389.0,5,Australia,2025-08-22
12074,1339,13,Sports,114.23,3,Japan,2025-08-21
12075,1556,17,Books,397.6,3,Japan,2025-07-17
12076,531,79,Sports,123.06,4,Japan,2025-05-16
12077,567,20,Home,448.56,1,Japan,2025-03-11
12078,420,28,Clothing,489.52,1,Australia,2025-12-17
12079,1967,19,Books,122.61,3,France,2025-07-20
12080,1093,78,Clothing,403.47,4,Japan,2025-06-26
12081,337,25,Electronics,319.12,4,USA,2025-08-23
12082,502,73,Electronics,108.32,5,USA,2025-10-27
12083,439,4,Gaming,343.14,5,Japan,2025-04-19
12084,742,24,Beauty,483.95,2,Canada,2025-12-13
12085,123,33,Toys,447.44,2,Japan,2025-05-20
12086,1816,53,Sports,333.89,3,Japan,2025-06-05
12087,1247,4,Gaming,447.4,3,Australia,2025-11-19
12088,12,33,Toys,308.42,4,Australia,2025-08-07
12089,1613,53,Sports,35.31,4,France,2025-02-20
12090,109,66,Clothing,90.51,1,USA,2025-03-15
12091,952,53,Sports,71.7,4,Israel,2025-02-19
12092,1767,27,Beauty,12.4,2,France,2025-09-06
12093,1309,79,Sports,51.37,2,Canada,2025-05-28
12094,1986,5,Sports,200.21,1,UK,2025-01-10
12095,777,10,Beauty,186.24,4,UK,2025-03-28
12096,1807,76,Clothing,111.78,1,USA,2025-06-09
12097,696,27,Beauty,335.02,4,Japan,2025-05-28
12098,239,734,Beauty,28.91,3,USA,2025-12-09
12099,1277,55,Home,81.36,3,Germany,2025-08-25
12100,1150,25,Electronics,84.92,1,Canada,2025-04-14
12101,1909,54,Gaming,205.91,1,Canada,2025-08-25
12102,1421,16,Home,397.89,2,Japan,2025-09-18
12103,1726,46,Gaming,263.97,2,Germany,2025-04-01
12104,645,2,Sports,496.22,4,Canada,2025-11-17
12105,976,74,Clothing,194.69,1,Australia,2025-05-23
12106,1387,20,Home,499.5,1,Israel,2025-07-11
12107,1562,53,Sports,210.36,4,Japan,2025-10-19
12108,402,49,Beauty,469.25,1,Japan,2025-08-08
12109,1089,64,Beauty,349.32,5,Israel,2025-04-24
12110,1084,30,Sports,49.8,1,UK,2025-02-18
12111,1014,13,Sports,225.07,4,Japan,2025-10-10
12112,1774,73,Electronics,431.53,3,France,2025-11-20
12113,191,45,Clothing,199.11,1,UK,2025-10-19
12114,305,77,Toys,213.54,4,France,2025-01-20
12115,854,50,Clothing,294.76,1,USA,2025-12-23
12116,1110,36,Gaming,322.59,5,USA,2025-01-18
12117,799,2,Sports,395.37,2,UK,2025-10-23
12118,882,73,Electronics,434.71,5,Canada,2025-02-03
12119,675,24,Beauty,197.51,5,UK,2025-07-15
12120,536,57,Beauty,294.79,4,France,2025-09-13
12121,955,56,Gaming,247.57,5,Japan,2025-02-08
12122,148,37,Gaming,176.67,5,Canada,2025-05-05
12123,1303,63,Books,367.27,4,Israel,2025-12-17
12124,820,70,Books,276.2,5,France,2025-08-28
12125,1644,53,Sports,487.13,4,Canada,2025-01-17
12126,465,61,Sports,167.93,2,Israel,2025-02-21
12127,557,79,Sports,216.1,4,Japan,2025-01-06
12128,253,54,Gaming,294.17,1,Japan,2025-10-07
12129,1937,21,Beauty,367.15,1,Israel,2025-02-05
12130,582,41,Clothing,351.84,3,Israel,2025-06-18
12131,819,12,Clothing,132.3,2,UK,2025-09-22
12132,262,76,Clothing,330.49,4,Australia,2025-02-07
12133,920,17,Books,16.36,5,France,2025-03-08
12134,398,23,Home,469.93,2,UK,2025-10-05
12135,1225,19,Books,197.39,3,Japan,2025-02-01
12136,1847,53,Sports,231.72,1,USA,2025-10-20
12137,1841,27,Beauty,372.73,1,France,2025-06-09
12138,1977,4,Gaming,115.63,1,Japan,2025-03-17
12139,1281,11,Toys,207.42,2,UK,2025-01-09
12140,504,74,Clothing,344.94,1,Canada,2025-08-12
12141,1072,47,Books,392.49,4,France,2025-07-27
12142,1528,3,Gaming,115.18,5,Australia,2025-02-06
12143,751,52,Sports,424.53,2,USA,2025-08-08
12144,1298,75,Sports,93.93,3,France,2025-09-15
12145,25,3,Gaming,113.55,4,Australia,2025-07-05
12146,848,52,Sports,276.41,4,Japan,2025-12-08
12147,1208,58,Beauty,86.02,1,Australia,2025-05-04
12148,1651,36,Gaming,121.7,3,Australia,2025-01-19
12149,1459,24,Beauty,104.69,3,Israel,2025-06-11
12150,452,78,Clothing,333.36,5,Germany,2025-03-27
12151,1988,34,Beauty,40.87,2,Australia,2025-11-25
12152,1016,11,Toys,470.99,3,Germany,2025-12-03
12153,87,54,Gaming,239.63,1,Japan,2025-09-24
12154,397,37,Gaming,387.88,5,Japan,2025-07-26
12155,1326,59,Home,43.32,3,Germany,2025-03-06
12156,1138,31,Clothing,457.13,5,USA,2025-10-25
12157,287,67,Gaming,183.4,5,Australia,2025-08-16
12158,500,53,Sports,235.04,4,Canada,2025-05-02
12159,1536,62,Toys,88.06,2,USA,2025-08-25
12160,419,74,Clothing,498.58,1,UK,2025-08-17
12161,154,13,Sports,449.29,1,France,2025-01-26
12162,1923,35,Sports,185.73,5,Israel,2025-07-02
12163,153,47,Books,359.99,3,USA,2025-02-26
12164,416,32,Gaming,173.26,4,UK,2025-01-04
12165,852,42,Beauty,368.51,3,Israel,2025-07-24
12166,1098,2,Sports,384.86,5,France,2025-05-13
12167,248,9,Clothing,284.21,4,Germany,2025-04-25
12168,318,14,Clothing,123.39,1,Japan,2025-09-20
12169,1696,14,Clothing,287.49,4,Canada,2025-08-23
12170,789,44,Beauty,128.33,4,Canada,2025-02-17
12171,928,69,Sports,345.06,5,USA,2025-09-05
12172,1415,11,Toys,233.84,4,France,2025-04-17
12173,1728,5,Sports,347.69,3,Germany,2025-07-18
12174,1032,36,Gaming,333.66,3,Japan,2025-08-20
12175,1956,67,Gaming,319.21,3,France,2025-10-13
12176,1940,58,Beauty,144.57,2,Canada,2025-11-11
12177,1256,52,Sports,204.96,1,Israel,2025-09-12
12178,165,59,Home,138.96,5,Israel,2025-03-15
12179,810,79,Sports,262.96,4,Germany,2025-09-23
12180,1665,37,Gaming,226.37,2,Canada,2025-05-24
12181,400,76,Clothing,94.7,2,Israel,2025-07-24
12182,1794,23,Home,497.03,2,USA,2025-02-25
12183,1385,77,Toys,102.27,5,Japan,2025-07-25
12184,1886,18,Beauty,95.67,4,Canada,2025-12-08
12185,1473,71,Clothing,213.18,2,Australia,2025-10-18
12186,1845,61,Sports,262.8,4,France,2025-11-10
12187,1516,28,Clothing,412.69,3,Japan,2025-03-26
12188,218,2,Sports,61.41,2,Japan,2025-05-09
12189,277,8,Gaming,447.81,3,Canada,2025-01-24
12190,969,615,Home,485.32,5,UK,2025-09-24
12191,1407,63,Books,127.79,5,Japan,2025-12-13
12192,670,39,Clothing,389.96,1,Canada,2025-02-21
12193,1078,8,Gaming,113.6,2,Australia,2025-11-03
12194,816,41,Clothing,400.38,1,Japan,2025-08-20
12195,1311,47,Books,207.44,4,UK,2025-05-08
12196,410,43,Books,21.68,3,Japan,2025-02-25
12197,160,75,Sports,17.83,1,Israel,2025-10-10
12198,536,49,Beauty,64.98,5,Japan,2025-04-10
12199,428,11,Toys,20.86,4,Canada,2025-11-10
12200,1675,27,Beauty,488.72,3,Australia,2025-07-19
12201,231,45,Clothing,89.93,4,Japan,2025-11-01
12202,982,65,Sports,18.58,4,Australia,2025-07-22
12203,1466,23,Home,441.49,5,Australia,2025-05-04
12204,1993,47,Books,338.28,5,Japan,2025-09-17
12205,1087,66,Clothing,183.66,1,France,2025-07-01
12206,938,59,Home,45.47,1,Canada,2025-04-26
12207,89,37,Gaming,393.75,3,Israel,2025-01-16
12208,250,2,Sports,85.73,3,USA,2025-02-28
12209,244,62,Toys,331.88,2,Canada,2025-08-27
12210,907,18,Beauty,117.36,2,USA,2025-04-09
12211,1412,60,Gaming,214.65,4,Japan,2025-02-24
12212,732,49,Beauty,281.78,2,UK,2025-09-20
12213,108,72,Electronics,300.0,3,Australia,2025-02-26
12214,1821,43,Books,469.61,5,UK,2025-08-27
12215,1725,51,Clothing,367.92,3,UK,2025-09-22
12216,1333,41,Clothing,26.52,4,France,2025-06-09
12217,1912,41,Clothing,402.87,3,France,2025-04-28
12218,110,61,Sports,269.23,1,Germany,2025-07-06
12219,673,52,Sports,352.34,4,Japan,2025-10-21
12220,714,10,Beauty,460.71,2,Australia,2025-09-01
12221,1506,44,Beauty,90.14,5,USA,2025-06-12
12222,132,66,Clothing,380.07,5,Japan,2025-02-21
12223,970,42,Beauty,494.6,4,UK,2025-10-22
12224,277,40,Clothing,210.65,1,Australia,2025-08-11
12225,928,29,Toys,294.6,4,UK,2025-02-27
12226,288,69,Sports,148.75,3,USA,2025-11-15
12227,951,5,Sports,132.61,1,UK,2025-03-04
12228,972,7,Gaming,190.59,3,Germany,2025-03-12
12229,1951,60,Gaming,279.86,4,Israel,2025-05-06
12230,1182,35,Sports,306.21,3,Israel,2025-01-23
12231,1526,67,Gaming,416.28,1,Israel,2025-04-20
12232,1008,28,Clothing,303.51,2,UK,2025-11-25
12233,985,41,Clothing,97.51,2,USA,2025-04-09
12234,1314,28,Clothing,170.5,3,Australia,2025-08-14
12235,1194,54,Gaming,196.08,5,Japan,2025-08-16
12236,971,32,Gaming,166.87,2,Israel,2025-06-19
12237,1632,38,Clothing,420.39,4,Australia,2025-09-02
12238,1612,33,Toys,163.0,3,Australia,2025-07-11
12239,213,67,Gaming,72.75,5,Canada,2025-09-04
12240,1872,46,Gaming,244.41,5,Australia,2025-02-26
12241,575,26,Gaming,321.6,3,Canada,2025-05-10
12242,548,69,Sports,389.89,4,Germany,2025-11-17
12243,623,78,Clothing,350.77,2,Japan,2025-12-23
12244,511,65,Sports,66.05,3,Israel,2025-03-02
12245,559,26,Gaming,79.98,2,UK,2025-09-18
12246,1549,46,Gaming,41.05,3,Australia,2025-02-05
12247,76,16,Home,157.4,2,Japan,2025-12-02
12248,1790,73,Electronics,77.34,3,France,2025-04-04
12249,127,48,Books,351.16,2,France,2025-07-15
12250,518,51,Clothing,218.28,5,Australia,2025-10-01
12251,1721,51,Clothing,15.79,3,Japan,2025-05-10
12252,577,52,Sports,144.63,1,USA,2025-06-13
12253,75,22,Home,450.83,2,Canada,2025-12-07
12254,1604,61,Sports,14.9,2,Japan,2025-06-25
12255,398,2,Sports,149.45,5,Australia,2025-10-12
12256,1378,71,Clothing,252.59,1,UK,2025-02-09
12257,678,56,Gaming,126.66,1,UK,2025-06-01
12258,1177,8,Gaming,131.69,5,Japan,2025-05-21
12259,61,75,Sports,191.23,3,Japan,2025-05-04
12260,1368,36,Gaming,62.48,5,Germany,2025-09-01
12261,495,7,Gaming,50.26,4,Israel,2025-04-20
12262,1568,65,Sports,210.92,4,USA,2025-12-28
12263,674,78,Clothing,356.55,5,Japan,2025-01-06
12264,548,2,Sports,178.82,1,Germany,2025-07-01
12265,1343,50,Clothing,291.98,2,Japan,2025-10-07
12266,430,54,Gaming,190.17,2,Israel,2025-02-10
12267,1969,29,Toys,476.66,2,Australia,2025-07-25
12268,943,27,Beauty,257.71,5,Canada,2025-06-23
12269,648,13,Sports,275.41,2,Germany,2025-04-06
12270,1842,74,Clothing,6.52,4,USA,2025-03-03
12271,1898,44,Beauty,55.71,2,USA,2025-07-12
12272,221,71,Clothing,415.51,5,Australia,2025-02-05
12273,39,44,Beauty,161.65,4,Japan,2025-04-07
12274,853,48,Books,289.46,4,Canada,2025-04-18
12275,1879,64,Beauty,255.04,2,Israel,2025-05-16
12276,1213,67,Gaming,347.05,1,Canada,2025-01-18
12277,162,54,Gaming,268.68,4,Israel,2025-06-02
12278,858,13,Sports,346.54,4,Australia,2025-10-13
12279,204,18,Beauty,412.58,1,Germany,2025-07-27
12280,1974,78,Clothing,47.76,5,Japan,2025-02-13
12281,1947,52,Sports,472.76,3,Israel,2025-12-25
12282,1886,57,Beauty,205.73,4,Japan,2025-04-15
12283,6,42,Beauty,309.03,3,Israel,2025-06-03
12284,458,23,Home,128.57,2,Japan,2025-11-20
12285,1851,33,Toys,96.87,4,Australia,2025-12-16
12286,505,28,Clothing,313.99,3,Australia,2025-07-05
12287,124,53,Sports,25.67,2,UK,2025-02-23
12288,950,18,Beauty,371.89,2,France,2025-04-18
12289,343,25,Electronics,46.73,3,France,2025-03-01
12290,891,34,Beauty,113.38,3,USA,2025-05-07
12291,913,65,Sports,263.88,5,France,2025-09-20
12292,912,2,Sports,404.96,1,Germany,2025-07-12
12293,302,44,Beauty,433.75,3,Germany,2025-01-08
12294,1503,25,Electronics,174.55,2,Israel,2025-05-13
12295,1503,14,Clothing,8.81,5,France,2025-05-05
12296,759,78,Clothing,196.37,5,Germany,2025-11-07
12297,824,58,Beauty,62.24,2,France,2025-09-25
12298,1819,63,Books,385.18,4,UK,2025-07-18
12299,1101,45,Clothing,349.56,2,Canada,2025-12-07
12300,150,46,Gaming,471.8,5,Germany,2025-03-08
12301,1592,6,Toys,34.37,5,USA,2025-12-16
12302,1117,23,Home,285.46,1,France,2025-10-26
12303,1177,18,Beauty,221.03,3,Germany,2025-04-01
12304,545,44,Beauty,123.89,4,UK,2025-10-06
12305,1962,36,Gaming,323.78,5,USA,2025-07-19
12306,831,18,Beauty,107.34,1,UK,2025-03-21
12307,1310,51,Clothing,131.62,3,France,2025-05-13
12308,1173,70,Books,217.78,3,Germany,2025-03-08
12309,533,61,Sports,398.37,5,Canada,2025-11-08
12310,643,72,Electronics,353.7,3,Israel,2025-08-22
12311,910,39,Clothing,313.74,3,France,2025-12-20
12312,204,8,Gaming,370.76,5,UK,2025-08-24
12313,890,7,Gaming,478.7,1,USA,2025-02-14
12314,23,78,Clothing,354.15,3,UK,2025-11-05
12315,1225,73,Electronics,458.06,2,UK,2025-11-01
12316,1110,67,Gaming,437.36,5,Canada,2025-04-24
12317,1010,31,Clothing,198.29,5,Australia,2025-08-11
12318,642,62,Toys,160.63,3,Germany,2025-07-04
12319,292,69,Sports,427.82,3,UK,2025-09-27
12320,705,10,Beauty,257.87,1,Germany,2025-02-07
12321,1012,17,Books,297.87,4,Israel,2025-01-01
12322,309,52,Sports,427.44,3,Canada,2025-08-05
12323,1778,56,Gaming,24.19,2,UK,2025-05-25
12324,1745,33,Toys,71.62,2,France,2025-08-13
12325,12,27,Beauty,97.38,2,Germany,2025-07-20
12326,235,45,Clothing,499.56,5,Australia,2025-04-09
12327,1902,2,Sports,489.94,1,UK,2025-04-21
12328,584,63,Books,146.94,2,UK,2025-11-06
12329,1012,32,Gaming,246.11,4,USA,2025-02-17
12330,72,72,Electronics,340.87,4,Australia,2025-06-14
12331,430,52,Sports,38.28,4,Germany,2025-05-18
12332,1151,59,Home,195.34,5,Canada,2025-12-07
12333,719,65,Sports,283.53,3,Japan,2025-05-25
12334,1309,54,Gaming,203.68,3,France,2025-11-26
12335,1873,51,Clothing,176.3,2,USA,2025-09-15
12336,827,79,Sports,233.62,1,Canada,2025-02-21
12337,1464,51,Clothing,200.12,3,UK,2025-04-22
12338,1649,59,Home,498.84,4,Australia,2025-04-09
12339,1970,37,Gaming,156.33,5,Germany,2025-09-18
12340,40,73,Electronics,242.32,4,Germany,2025-04-15
12341,1431,61,Sports,116.42,2,UK,2025-09-20
12342,265,29,Toys,236.55,2,Germany,2025-09-14
12343,1794,49,Beauty,239.67,1,Japan,2025-08-10
12344,896,7,Gaming,215.0,5,USA,2025-02-08
12345,1196,56,Gaming,284.55,4,Canada,2025-05-17
12346,321,50,Clothing,123.51,1,USA,2025-05-02
12347,1937,33,Toys,416.48,4,Australia,2025-11-16
12348,517,8,Gaming,29.65,5,Germany,2025-08-13
12349,834,31,Clothing,427.81,3,Canada,2025-06-14
12350,1376,3,Gaming,493.05,5,Canada,2025-01-27
12351,1029,17,Books,32.23,5,Canada,2025-12-23
12352,1490,80,Beauty,480.27,5,UK,2025-04-27
12353,1452,14,Clothing,436.47,2,France,2025-04-15
12354,504,13,Sports,100.3,2,Japan,2025-08-06
12355,1489,78,Clothing,75.71,5,Australia,2025-08-03
12356,446,50,Clothing,308.45,5,Japan,2025-02-11
12357,1946,69,Sports,157.68,4,France,2025-06-02
12358,1491,28,Clothing,33.39,3,Germany,2025-09-25
12359,1807,26,Gaming,153.77,2,UK,2025-06-13
12360,1896,20,Home,109.76,5,France,2025-08-11
12361,629,68,Home,423.27,2,Germany,2025-11-03
12362,1302,63,Books,68.84,3,Canada,2025-06-09
12363,517,4,Gaming,344.98,1,Canada,2025-04-01
12364,587,16,Home,182.16,2,Germany,2025-01-15
12365,1326,30,Sports,91.62,3,USA,2025-08-05
12366,1649,73,Electronics,120.64,2,Israel,2025-05-20
12367,1155,49,Beauty,317.17,1,Japan,2025-05-01
12368,635,80,Beauty,65.61,1,Israel,2025-03-13
12369,163,71,Clothing,167.88,1,Germany,2025-01-11
12370,748,28,Clothing,170.06,1,UK,2025-11-20
12371,627,72,Electronics,178.88,2,Israel,2025-07-08
12372,1414,62,Toys,337.52,3,Japan,2025-11-20
12373,521,23,Home,142.78,3,Australia,2025-05-04
12374,924,45,Clothing,75.88,5,France,2025-11-18
12375,1976,47,Books,113.23,4,USA,2025-04-05
12376,868,43,Books,122.6,4,UK,2025-04-18
12377,1234,39,Clothing,359.84,1,Canada,2025-01-03
12378,267,37,Gaming,21.13,1,UK,2025-05-15
12379,1279,49,Beauty,349.4,4,Israel,2025-03-07
12380,1174,23,Home,199.79,4,Australia,2025-02-25
12381,392,1,Sports,199.09,4,Germany,2025-01-11
12382,1635,59,Home,41.91,2,Israel,2025-09-14
12383,1744,25,Electronics,2.27,4,Germany,2025-09-23
12384,362,66,Clothing,168.21,1,Canada,2025-02-08
12385,800,2,Sports,461.44,4,Canada,2025-12-19
12386,131,12,Clothing,89.38,5,Canada,2025-10-03
12387,1021,69,Sports,219.57,5,UK,2025-06-14
12388,293,51,Clothing,202.82,2,USA,2025-01-10
12389,664,8,Gaming,210.62,2,Japan,2025-10-26
12390,840,70,Books,420.18,4,France,2025-09-17
12391,721,69,Sports,484.05,4,Australia,2025-03-26
12392,855,47,Books,158.72,5,Japan,2025-08-14
12393,1385,6,Toys,325.11,1,Germany,2025-10-16
12394,1173,54,Gaming,282.32,5,Israel,2025-01-08
12395,1170,28,Clothing,200.89,1,Germany,2025-07-08
12396,1626,31,Clothing,30.04,5,UK,2025-10-09
12397,197,13,Sports,306.48,3,USA,2025-07-23
12398,730,30,Sports,345.31,4,Japan,2025-02-07
12399,1519,43,Books,17.01,2,Canada,2025-08-28
12400,1715,45,Clothing,128.89,4,Australia,2025-03-11
12401,1321,66,Clothing,285.85,3,Israel,2025-12-11
12402,400,3,Gaming,176.43,3,Germany,2025-05-02
12403,34,27,Beauty,48.89,5,UK,2025-04-19
12404,1582,69,Sports,274.49,5,USA,2025-09-02
12405,635,76,Clothing,358.36,3,Australia,2025-02-18
12406,299,41,Clothing,181.33,4,France,2025-11-25
12407,191,17,Books,366.76,1,Japan,2025-02-16
12408,1510,5,Sports,280.66,5,France,2025-07-25
12409,1228,68,Home,206.18,4,Japan,2025-02-19
12410,1350,55,Home,442.4,3,France,2025-11-19
12411,1938,25,Electronics,242.14,1,Australia,2025-01-07
12412,1818,78,Clothing,120.46,1,Japan,2025-11-13
12413,167,21,Beauty,29.71,5,Canada,2025-01-10
12414,1898,71,Clothing,174.66,4,Australia,2025-07-16
12415,981,29,Toys,244.43,1,UK,2025-05-17
12416,1273,2,Sports,302.94,2,Australia,2025-09-27
12417,640,59,Home,71.96,3,France,2025-06-14
12418,1735,35,Sports,158.92,2,Japan,2025-03-23
12419,1175,28,Clothing,341.82,4,Israel,2025-07-21
12420,343,54,Gaming,241.32,3,Germany,2025-11-07
12421,693,70,Books,474.29,5,USA,2025-08-26
12422,1017,75,Sports,497.31,4,Australia,2025-03-28
12423,1333,6,Toys,136.22,2,USA,2025-03-27
12424,1940,80,Beauty,193.22,2,Australia,2025-04-10
12425,880,22,Home,371.2,3,Canada,2025-06-20
12426,84,59,Home,301.21,2,France,2025-10-18
12427,1812,43,Books,329.32,2,USA,2025-01-20
12428,491,55,Home,272.64,5,USA,2025-07-01
12429,723,62,Toys,489.39,2,UK,2025-04-12
12430,471,71,Clothing,54.87,1,UK,2025-05-09
12431,1573,18,Beauty,432.34,2,Australia,2025-02-24
12432,657,7,Gaming,485.76,3,Israel,2025-08-11
12433,970,50,Clothing,113.55,5,USA,2025-04-05
12434,1405,49,Beauty,361.95,1,Germany,2025-04-13
12435,831,61,Sports,66.64,2,Australia,2025-09-07
12436,449,76,Clothing,304.71,4,USA,2025-07-02
12437,1708,27,Beauty,14.01,1,Israel,2025-08-18
12438,1510,79,Sports,41.3,4,UK,2025-02-16
12439,1800,23,Home,38.13,1,Australia,2025-12-24
12440,454,67,Gaming,414.56,3,Australia,2025-09-14
12441,601,79,Sports,453.18,5,USA,2025-04-02
12442,226,8,Gaming,137.22,1,Germany,2025-03-08
12443,1340,40,Clothing,132.71,2,Israel,2025-10-28
12444,1937,78,Clothing,494.03,2,Japan,2025-04-28
12445,1853,59,Home,34.93,4,USA,2025-06-08
12446,982,21,Beauty,383.55,1,Australia,2025-03-10
12447,483,29,Toys,280.04,5,Canada,2025-09-10
12448,1966,15,Books,149.27,3,Canada,2025-12-15
12449,1867,27,Beauty,46.15,4,Canada,2025-08-24
12450,1204,49,Beauty,371.67,2,Germany,2025-02-11
12451,1631,3,Gaming,427.61,1,Japan,2025-07-05
12452,1283,26,Gaming,4.33,3,UK,2025-01-06
12453,1506,30,Sports,64.3,5,Israel,2025-06-07
12454,1351,75,Sports,297.57,1,France,2025-02-06
12455,395,58,Beauty,81.8,3,France,2025-06-25
12456,80,21,Beauty,392.85,3,UK,2025-05-28
12457,1228,20,Home,334.59,3,UK,2025-02-18
12458,788,80,Beauty,73.94,1,USA,2025-02-20
12459,892,68,Home,47.48,4,Canada,2025-02-25
12460,1087,56,Gaming,105.32,4,UK,2025-09-26
12461,1529,33,Toys,465.2,2,France,2025-01-07
12462,1594,3,Gaming,330.08,1,Israel,2025-03-23
12463,84,68,Home,446.97,5,UK,2025-11-16
12464,133,63,Books,239.62,2,Japan,2025-08-24
12465,759,41,Clothing,152.23,1,France,2025-09-14
12466,770,71,Clothing,414.19,3,Canada,2025-10-19
12467,938,17,Books,61.61,2,Canada,2025-01-07
12468,447,20,Home,414.03,2,USA,2025-09-04
12469,813,20,Home,60.39,1,UK,2025-07-21
12470,175,1,Sports,391.48,5,UK,2025-11-11
12471,1538,66,Clothing,480.61,4,USA,2025-05-20
12472,741,39,Clothing,304.96,4,Israel,2025-08-17
12473,1067,25,Electronics,89.07,2,Canada,2025-12-04
12474,910,72,Electronics,290.2,3,Canada,2025-02-23
12475,1387,1,Sports,468.95,3,Israel,2025-07-25
12476,730,24,Beauty,342.69,2,Japan,2025-02-28
12477,1563,36,Gaming,43.17,5,Japan,2025-05-09
12478,902,22,Home,385.44,2,Australia,2025-05-27
12479,1931,9,Clothing,241.87,4,Japan,2025-04-17
12480,1082,41,Clothing,298.81,3,Japan,2025-10-14
12481,1298,1,Sports,251.32,3,Germany,2025-08-08
12482,1545,55,Home,210.25,2,Israel,2025-06-15
12483,564,74,Clothing,201.04,2,Canada,2025-10-01
12484,1274,15,Books,476.34,4,UK,2025-12-07
12485,1887,16,Home,383.97,2,USA,2025-02-16
12486,914,6,Toys,186.17,5,Israel,2025-12-17
12487,978,18,Beauty,394.71,1,Australia,2025-05-16
12488,1211,31,Clothing,299.79,1,UK,2025-02-24
12489,234,17,Books,127.82,3,Japan,2025-08-04
12490,340,20,Home,328.04,5,USA,2025-03-06
12491,666,4,Gaming,181.08,2,Australia,2025-10-07
12492,1350,66,Clothing,225.58,3,Germany,2025-06-13
12493,358,55,Home,1.21,1,UK,2025-04-22
12494,352,66,Clothing,329.53,5,Israel,2025-02-16
12495,1996,50,Clothing,225.93,5,Australia,2025-11-01
12496,928,67,Gaming,141.54,5,Japan,2025-09-23
12497,784,70,Books,416.56,5,UK,2025-04-22
12498,1583,68,Home,46.12,2,USA,2025-02-04
12499,1154,20,Home,92.68,5,France,2025-08-11
12500,471,78,Clothing,200.32,4,Israel,2025-04-23
12501,1677,55,Home,113.5,5,Canada,2025-03-15
12502,484,46,Gaming,418.29,5,Australia,2025-02-21
12503,110,64,Beauty,215.47,2,France,2025-09-13
12504,1955,64,Beauty,429.61,2,UK,2025-11-21
12505,143,16,Home,303.14,5,Canada,2025-04-21
12506,827,40,Clothing,242.6,5,France,2025-06-19
12507,1583,1,Sports,95.5,2,Israel,2025-03-23
12508,38,59,Home,410.33,5,Israel,2025-07-14
12509,752,14,Clothing,335.26,2,UK,2025-12-09
12510,540,59,Home,350.33,5,Canada,2025-02-25
12511,588,66,Clothing,498.4,5,UK,2025-09-16
12512,988,16,Home,348.95,3,USA,2025-05-21
12513,5,77,Toys,274.12,3,Australia,2025-05-19
12514,1335,35,Sports,318.32,5,Israel,2025-09-18
12515,1415,49,Beauty,386.8,2,France,2025-05-18
12516,1627,21,Beauty,492.97,3,Israel,2025-02-21
12517,619,44,Beauty,156.29,3,USA,2025-02-15
12518,1881,44,Beauty,122.49,4,Canada,2025-04-27
12519,1771,15,Books,156.17,5,Canada,2025-10-15
12520,580,46,Gaming,21.98,1,Japan,2025-11-13
12521,445,43,Books,214.68,2,Germany,2025-11-27
12522,1541,71,Clothing,350.47,3,UK,2025-10-19
12523,781,60,Gaming,115.64,4,Japan,2025-05-09
12524,159,22,Home,309.34,4,Canada,2025-04-14
12525,636,78,Clothing,107.76,3,Germany,2025-08-18
12526,1132,37,Gaming,75.47,5,UK,2025-12-25
12527,1246,13,Sports,403.15,4,Israel,2025-10-10
12528,994,53,Sports,331.64,4,USA,2025-02-28
12529,1908,73,Electronics,129.1,3,Australia,2025-11-28
12530,870,8,Gaming,300.55,4,USA,2025-04-01
12531,1799,71,Clothing,275.2,2,Israel,2025-10-17
12532,1786,8,Gaming,372.92,2,Germany,2025-07-08
12533,189,68,Home,35.95,3,Israel,2025-12-07
12534,1845,70,Books,76.93,4,Israel,2025-11-27
12535,1116,18,Beauty,388.34,2,France,2025-08-19
12536,1104,46,Gaming,234.84,3,UK,2025-10-11
12537,1239,70,Books,468.84,2,Canada,2025-06-04
12538,360,7,Gaming,325.08,3,Israel,2025-04-14
12539,1545,73,Electronics,353.51,5,UK,2025-01-13
12540,773,23,Home,202.16,2,Israel,2025-01-13
12541,1245,75,Sports,13.42,2,Germany,2025-01-27
12542,1269,35,Sports,256.66,3,USA,2025-04-01
12543,343,7,Gaming,404.83,4,UK,2025-06-24
12544,5,37,Gaming,199.54,5,Japan,2025-08-15
12545,1395,79,Sports,175.33,1,Canada,2025-11-25
12546,910,6,Toys,374.42,3,Japan,2025-10-01
12547,1383,25,Electronics,104.56,3,Australia,2025-02-28
12548,1176,44,Beauty,298.81,1,Canada,2025-09-21
12549,679,34,Beauty,61.54,3,Australia,2025-12-01
12550,45,78,Clothing,44.53,2,Canada,2025-10-21
12551,565,31,Clothing,478.47,1,Germany,2025-07-15
12552,427,3,Gaming,64.01,2,France,2025-04-19
12553,147,36,Gaming,150.78,1,UK,2025-08-21
12554,823,42,Beauty,383.66,4,Israel,2025-12-08
12555,998,12,Clothing,461.53,5,Japan,2025-11-04
12556,1643,34,Beauty,104.96,4,Israel,2025-06-20
12557,1064,8,Gaming,-10.78,2,Germany,2025-12-06
12558,831,44,Beauty,489.15,5,Germany,2025-06-05
12559,567,42,Beauty,212.91,2,Canada,2025-09-19
12560,1857,42,Beauty,271.58,3,Australia,2025-06-01
12561,1775,20,Home,107.37,4,Germany,2025-01-23
12562,1428,36,Gaming,206.9,3,UK,2025-10-06
12563,686,11,Toys,195.06,4,France,2025-03-13
12564,1382,56,Gaming,328.74,1,Australia,2025-07-06
12565,202,77,Toys,490.3,5,USA,2025-06-16
12566,363,19,Books,356.7,3,Australia,2025-04-24
12567,951,43,Books,309.57,4,UK,2025-05-10
12568,702,43,Books,492.98,3,Germany,2025-10-24
12569,890,51,Clothing,129.7,5,Japan,2025-01-01
12570,1876,70,Books,454.66,2,Germany,2025-05-20
12571,1273,73,Electronics,435.86,3,France,2025-08-18
12572,715,54,Gaming,138.82,1,UK,2025-10-26
12573,256,50,Clothing,468.81,1,USA,2025-11-01
12574,1728,68,Home,428.38,5,USA,2025-10-06
12575,1821,76,Clothing,212.65,3,Germany,2025-12-07
12576,96,69,Sports,131.84,5,Japan,2025-05-16
12577,523,61,Sports,212.78,2,Israel,2025-09-28
12578,5,29,Toys,234.92,4,Israel,2025-04-26
12579,317,69,Sports,114.99,5,France,2025-06-12
12580,737,62,Toys,262.81,2,Israel,2025-02-11
12581,1617,67,Gaming,308.31,5,USA,2025-09-26
12582,615,77,Toys,412.01,3,Canada,2025-02-15
12583,533,17,Books,310.92,1,Germany,2025-12-09
12584,1621,66,Clothing,430.46,5,USA,2025-12-21
12585,22,45,Clothing,102.77,5,Canada,2025-10-14
12586,1758,41,Clothing,467.21,2,USA,2025-08-09
12587,1459,5,Sports,388.7,1,Canada,2025-03-27
12588,1429,57,Beauty,293.69,5,Canada,2025-12-03
12589,737,61,Sports,335.64,2,Canada,2025-08-09
12590,324,33,Toys,120.93,4,Japan,2025-10-24
12591,760,64,Beauty,260.3,1,UK,2025-07-10
12592,1771,73,Electronics,46.18,3,UK,2025-02-26
12593,988,64,Beauty,263.89,4,France,2025-05-15
12594,1061,12,Clothing,328.63,2,France,2025-03-12
12595,1639,59,Home,151.93,5,UK,2025-01-05
12596,1237,48,Books,438.38,5,USA,2025-03-05
12597,802,60,Gaming,407.91,4,USA,2025-04-11
12598,1679,78,Clothing,167.86,5,Australia,2025-09-15
12599,595,28,Clothing,77.94,3,Canada,2025-12-22
12600,914,20,Home,151.37,4,Germany,2025-07-27
12601,1793,67,Gaming,321.67,3,Israel,2025-05-04
12602,1905,5,Sports,71.06,1,Japan,2025-11-06
12603,1394,78,Clothing,74.19,3,USA,2025-12-04
12604,33,42,Beauty,98.45,2,Canada,2025-01-03
12605,487,62,Toys,19.41,0,Canada,2025-05-13
12606,272,14,Clothing,381.83,2,UK,2025-09-10
12607,305,78,Clothing,37.87,1,USA,2025-02-11
12608,1597,71,Clothing,277.82,4,USA,2025-02-27
12609,1485,38,Clothing,315.76,4,Canada,2025-04-28
12610,911,8,Gaming,476.98,2,USA,2025-05-17
12611,804,16,Home,21.58,3,Canada,2025-11-20
12612,1966,7,Gaming,316.62,1,UK,2025-12-15
12613,1476,33,Toys,86.81,3,Germany,2025-03-02
12614,1887,39,Clothing,16.37,4,Israel,2025-02-09
12615,1114,53,Sports,358.12,4,Germany,2025-01-12
12616,864,41,Clothing,190.72,5,Israel,2025-04-24
12617,1653,30,Sports,132.47,5,UK,2025-02-05
12618,930,18,Beauty,400.03,2,Canada,2025-04-26
12619,1593,27,Beauty,407.4,5,Canada,2025-03-11
12620,180,21,Beauty,302.54,1,Germany,2025-11-11
12621,1598,52,Sports,158.36,1,Canada,2025-11-06
12622,599,17,Books,105.17,5,Japan,2025-11-07
12623,1140,50,Clothing,377.96,4,Australia,2025-05-02
12624,1747,7,Gaming,345.75,2,Germany,2025-09-05
12625,1078,76,Clothing,123.81,4,USA,2025-08-20
12626,693,35,Sports,302.63,5,UK,2025-09-09
12627,1864,29,Toys,308.8,4,USA,2025-01-12
12628,1443,42,Beauty,298.57,4,Germany,2025-05-23
12629,1597,50,Clothing,200.37,4,France,2025-07-12
12630,1982,35,Sports,423.61,5,Australia,2025-04-13
12631,537,16,Home,392.52,3,Israel,2025-02-20
12632,723,63,Books,39.0,2,France,2025-11-19
12633,1247,50,Clothing,332.17,2,USA,2025-01-15
12634,1229,19,Books,273.34,1,USA,2025-07-09
12635,1801,17,Books,131.0,4,UK,2025-06-01
12636,1082,69,Sports,33.54,3,Israel,2025-10-20
12637,1938,13,Sports,476.58,5,Canada,2025-12-11
12638,328,35,Sports,417.38,4,Israel,2025-07-15
12639,1568,57,Beauty,322.08,1,Germany,2025-05-16
12640,891,15,Books,54.87,2,Canada,2025-01-10
12641,499,35,Sports,354.01,5,UK,2025-03-01
12642,1598,8,Gaming,82.36,2,UK,2025-08-09
12643,1780,1,Sports,496.28,3,Japan,2025-01-05
12644,195,3,Gaming,65.17,1,France,2025-07-19
12645,1884,8,Gaming,106.05,1,Germany,2025-10-03
12646,889,56,Gaming,281.33,5,USA,2025-07-17
12647,1603,39,Clothing,67.8,4,Germany,2025-05-13
12648,1033,23,Home,315.28,4,Australia,2025-01-18
12649,561,33,Toys,169.26,2,USA,2025-12-07
12650,780,9,Clothing,350.68,4,Australia,2025-10-10
12651,68,56,Gaming,240.94,2,Japan,2025-12-05
12652,460,20,Home,306.18,5,Japan,2025-12-08
12653,1598,70,Books,400.3,5,USA,2025-11-06
12654,646,55,Home,428.04,1,Israel,2025-09-16
12655,1609,54,Gaming,52.61,3,USA,2025-12-25
12656,664,5,Sports,57.29,3,France,2025-05-09
12657,1690,15,Books,43.45,3,France,2025-12-01
12658,125,29,Toys,289.29,5,Japan,2025-05-04
12659,1375,65,Sports,301.85,1,Germany,2025-01-22
12660,866,6,Toys,148.25,4,Japan,2025-10-03
12661,294,40,Clothing,19.13,2,France,2025-09-23
12662,435,56,Gaming,229.1,5,USA,2025-05-21
12663,283,62,Toys,163.82,4,Canada,2025-06-04
12664,1703,38,Clothing,205.72,5,Israel,2025-04-07
12665,1406,31,Clothing,245.25,1,Australia,2025-08-17
12666,4,41,Clothing,439.01,4,Japan,2025-03-11
12667,1823,69,Sports,294.4,3,France,2025-08-24
12668,352,7,Gaming,411.6,2,Germany,2025-09-09
12669,1670,35,Sports,215.08,2,USA,2025-07-24
12670,661,17,Books,30.85,5,Israel,2025-01-24
12671,866,13,Sports,428.62,3,Japan,2025-08-02
12672,112,58,Beauty,247.45,3,Israel,2025-01-27
12673,1005,20,Home,448.63,2,Australia,2025-04-14
12674,1942,52,Sports,3.8,5,UK,2025-01-13
12675,1451,63,Books,157.47,3,USA,2025-07-03
12676,1507,38,Clothing,487.12,1,UK,2025-11-10
12677,1230,38,Clothing,138.46,1,USA,2025-03-16
12678,1696,24,Beauty,92.17,5,USA,2025-03-25
12679,1543,10,Beauty,391.41,2,UK,2025-01-20
12680,1713,48,Books,2.32,5,Canada,2025-06-12
12681,905,64,Beauty,311.01,5,Canada,2025-09-21
12682,136,5,Sports,451.71,1,Israel,2025-04-02
12683,1293,59,Home,403.82,4,Australia,2025-04-17
12684,1240,17,Books,130.62,4,Japan,2025-10-04
12685,910,71,Clothing,223.32,4,France,2025-01-25
12686,1625,53,Sports,196.39,1,Australia,2025-10-09
12687,656,34,Beauty,274.68,4,Canada,2025-07-07
12688,1717,69,Sports,343.69,4,Germany,2025-10-12
12689,1042,69,Sports,348.2,5,Canada,2025-02-14
12690,173,19,Books,235.87,1,France,2025-04-10
12691,557,65,Sports,127.9,5,USA,2025-02-21
12692,1260,23,Home,24.38,5,Israel,2025-09-09
12693,391,6,Toys,362.71,2,France,2025-01-26
12694,1077,45,Clothing,321.46,4,Australia,2025-09-21
12695,760,46,Gaming,143.94,3,Canada,2025-10-10
12696,1162,72,Electronics,40.38,1,Israel,2025-11-09
12697,520,55,Home,355.72,2,Japan,2025-06-02
12698,460,19,Books,44.0,1,France,2025-10-26
12699,1475,78,Clothing,31.91,1,USA,2025-07-20
12700,1546,55,Home,336.26,2,Germany,2025-10-04
12701,1738,71,Clothing,165.25,1,UK,2025-12-28
12702,1384,55,Home,382.1,2,Israel,2025-10-13
12703,1367,25,Electronics,407.92,1,Australia,2025-03-06
12704,925,40,Clothing,487.3,5,Canada,2025-03-08
12705,1484,56,Gaming,236.06,4,Israel,2025-07-26
12706,440,76,Clothing,75.76,0,Canada,2025-11-03
12707,1479,56,Gaming,49.2,3,Israel,2025-03-01
12708,203,31,Clothing,69.63,1,UK,2025-04-21
12709,1581,7,Gaming,337.86,1,France,2025-01-05
12710,1381,53,Sports,447.51,3,Canada,2025-06-12
12711,206,53,Sports,447.14,5,Israel,2025-01-15
12712,1526,8,Gaming,431.66,3,Japan,2025-04-15
12713,224,46,Gaming,475.93,1,France,2025-02-11
12714,1239,5,Sports,414.77,2,Australia,2025-07-08
12715,344,5,Sports,497.49,1,France,2025-10-13
12716,1956,8,Gaming,236.53,5,Australia,2025-06-28
12717,301,47,Books,426.27,3,Israel,2025-03-20
12718,1222,51,Clothing,373.5,4,USA,2025-11-18
12719,6,42,Beauty,127.55,4,Germany,2025-01-19
12720,1170,74,Clothing,266.68,4,Israel,2025-10-24
12721,484,79,Sports,12.25,2,Germany,2025-02-08
12722,1643,8,Gaming,335.33,3,Japan,2025-05-01
12723,1291,65,Sports,200.4,3,Canada,2025-06-04
12724,1330,50,Clothing,135.54,4,Germany,2025-03-27
12725,491,33,Toys,330.95,5,USA,2025-08-20
12726,910,53,Sports,421.27,5,Australia,2025-02-28
12727,1788,32,Gaming,258.36,3,Canada,2025-01-06
12728,1959,30,Sports,157.93,5,UK,2025-11-12
12729,375,16,Home,68.81,4,France,2025-12-12
12730,1533,6,Toys,108.34,4,USA,2025-09-26
12731,656,70,Books,444.29,3,Israel,2025-07-14
12732,1831,8,Gaming,118.52,3,Australia,2025-10-03
12733,624,80,Beauty,436.57,5,USA,2025-05-07
12734,599,80,Beauty,180.22,4,Canada,2025-04-05
12735,575,14,Clothing,415.12,1,Germany,2025-04-06
12736,1337,1,Sports,419.77,1,UK,2025-10-13
12737,1871,48,Books,64.61,2,Japan,2025-06-16
12738,826,3,Gaming,198.95,3,USA,2025-08-27
12739,340,44,Beauty,360.6,4,Australia,2025-01-03
12740,1590,7,Gaming,80.64,4,France,2025-01-04
12741,1488,42,Beauty,388.59,3,Canada,2025-05-13
12742,1355,8,Gaming,257.67,5,USA,2025-11-22
12743,284,14,Clothing,96.41,4,USA,2025-03-14
12744,809,79,Sports,136.7,2,Canada,2025-10-21
12745,594,80,Beauty,173.58,1,USA,2025-11-04
12746,172,67,Gaming,171.44,4,France,2025-09-13
12747,22,76,Clothing,39.41,5,Australia,2025-09-13
12748,497,76,Clothing,282.49,2,UK,2025-07-07
12749,1972,16,Home,39.2,2,Israel,2025-09-08
12750,532,2,Sports,497.06,1,Israel,2025-02-22
12751,1219,71,Clothing,257.62,3,Germany,2025-10-16
12752,1931,38,Clothing,438.21,1,Japan,2025-02-02
12753,1847,65,Sports,488.13,3,Japan,2025-06-10
12754,1676,12,Clothing,438.34,2,Australia,2025-05-05
12755,517,61,Sports,160.05,1,Australia,2025-04-02
12756,1514,35,Sports,489.77,3,Japan,2025-06-27
12757,640,36,Gaming,224.52,4,Israel,2025-06-01
12758,1278,35,Sports,206.02,3,Germany,2025-08-08
12759,434,2,Sports,294.41,5,France,2025-10-28
12760,1345,17,Books,104.05,2,UK,2025-10-01
12761,1397,36,Gaming,147.49,4,Japan,2025-12-24
12762,167,65,Sports,359.7,1,Canada,2025-02-15
12763,959,56,Gaming,152.53,3,USA,2025-02-14
12764,1301,25,Electronics,332.8,4,Germany,2025-10-11
12765,333,69,Sports,303.14,1,Israel,2025-09-09
12766,755,30,Sports,458.45,1,Australia,2025-02-10
12767,1015,24,Beauty,286.73,2,Australia,2025-03-18
12768,878,61,Sports,187.32,1,Canada,2025-08-02
12769,274,8,Gaming,159.84,5,Canada,2025-06-22
12770,1749,24,Beauty,54.83,4,Israel,2025-10-08
12771,1747,23,Home,21.8,4,Israel,2025-04-14
12772,420,10,Beauty,420.1,1,Australia,2025-04-25
12773,271,5,Sports,488.56,5,Japan,2025-05-12
12774,1821,73,Electronics,176.9,1,USA,2025-09-27
12775,817,34,Beauty,474.27,4,Japan,2025-10-15
12776,83,22,Home,36.2,4,Japan,2025-03-20
12777,356,79,Sports,298.56,5,Germany,2025-12-24
12778,705,52,Sports,439.5,1,Canada,2025-03-02
12779,447,49,Beauty,114.16,2,USA,2025-10-01
12780,345,3,Gaming,371.76,1,USA,2025-07-19
12781,479,35,Sports,167.22,3,UK,2025-03-19
12782,1783,23,Home,280.93,5,France,2025-05-05
12783,846,54,Gaming,39.42,3,Germany,2025-12-11
12784,820,58,Beauty,154.24,5,UK,2025-05-23
12785,1234,24,Beauty,39.25,2,Australia,2025-10-27
12786,583,74,Clothing,118.11,2,UK,2025-02-14
12787,642,47,Books,215.39,2,Israel,2025-04-18
12788,182,48,Books,43.49,1,Japan,2025-09-17
12789,1057,15,Books,484.25,4,Germany,2025-08-18
12790,540,78,Clothing,372.07,3,Japan,2025-11-03
12791,1806,47,Books,392.27,5,UK,2025-08-27
12792,1427,20,Home,18.6,3,UK,2025-01-11
12793,1411,36,Gaming,155.43,2,Israel,2025-09-28
12794,465,47,Books,360.45,3,Japan,2025-10-08
12795,1337,25,Electronics,493.3,4,Canada,2025-12-14
12796,591,46,Gaming,356.46,1,France,2025-05-12
12797,1310,12,Clothing,142.86,2,Germany,2025-12-26
12798,837,34,Beauty,494.66,5,Australia,2025-06-12
12799,909,21,Beauty,313.18,5,Australia,2025-12-19
12800,850,48,Books,58.68,1,France,2025-08-09
12801,1933,53,Sports,218.88,2,Australia,2025-01-10
12802,1272,54,Gaming,76.26,4,Germany,2025-09-04
12803,164,40,Clothing,434.87,3,France,2025-01-10
12804,1317,73,Electronics,273.3,5,Australia,2025-05-24
12805,1067,56,Gaming,434.2,3,Canada,2025-04-11
12806,1277,55,Home,177.75,3,Israel,2025-04-25
12807,1788,64,Beauty,373.14,1,Canada,2025-12-20
12808,1876,61,Sports,155.87,2,Germany,2025-03-02
12809,1094,10,Beauty,349.14,2,Japan,2025-12-04
12810,1288,70,Books,250.34,2,UK,2025-02-08
12811,1906,37,Gaming,37.16,1,Australia,2025-12-02
12812,1052,77,Toys,58.0,4,Japan,2025-09-06
12813,686,5,Sports,210.16,3,UK,2025-09-13
12814,1888,50,Clothing,61.75,5,Australia,2025-09-21
12815,120,8,Gaming,244.57,1,Australia,2025-12-03
12816,588,21,Beauty,124.5,4,France,2025-02-01
12817,245,67,Gaming,212.6,4,France,2025-01-27
12818,363,65,Sports,1.17,2,USA,2025-07-14
12819,128,39,Clothing,150.63,1,USA,2025-10-22
12820,85,72,Electronics,124.36,1,Israel,2025-10-17
12821,1199,35,Sports,59.29,5,Australia,2025-10-10
12822,614,39,Clothing,61.54,1,USA,2025-10-23
12823,1039,39,Clothing,85.59,3,UK,2025-05-27
12824,667,38,Clothing,273.24,1,France,2025-02-08
12825,225,34,Beauty,372.24,1,Australia,2025-05-03
12826,780,61,Sports,482.29,2,Germany,2025-12-14
12827,1389,72,Electronics,495.54,1,Germany,2025-11-09
12828,52,54,Gaming,371.49,4,Japan,2025-03-28
12829,883,19,Books,140.8,3,Israel,2025-04-10
12830,956,11,Toys,118.21,3,Japan,2025-06-13
12831,1138,36,Gaming,338.86,1,France,2025-11-26
12832,197,12,Clothing,271.38,4,UK,2025-07-26
12833,1584,22,Home,235.93,4,Canada,2025-08-02
12834,885,31,Clothing,36.76,1,France,2025-04-28
12835,1864,16,Home,483.62,5,Canada,2025-11-07
12836,10,19,Books,39.38,1,Germany,2025-06-13
12837,1106,21,Beauty,208.52,4,Canada,2025-08-13
12838,1754,34,Beauty,235.67,2,Canada,2025-03-22
12839,1405,9,Clothing,399.37,3,USA,2025-11-03
12840,1276,19,Books,157.91,3,Canada,2025-05-14
12841,632,49,Beauty,448.83,5,Australia,2025-08-22
12842,448,57,Beauty,67.56,1,Germany,2025-06-17
12843,1903,7,Gaming,118.19,5,Israel,2025-08-09
12844,1562,28,Clothing,238.41,3,USA,2025-10-03
12845,1537,41,Clothing,2.09,1,France,2025-10-27
12846,1053,18,Beauty,115.83,1,Australia,2025-01-05
12847,1631,29,Toys,223.04,1,Canada,2025-01-28
12848,179,24,Beauty,470.21,1,Germany,2025-02-21
12849,1712,3,Gaming,235.22,3,Australia,2025-04-06
12850,1593,2,Sports,293.68,5,Canada,2025-01-23
12851,1024,6,Toys,366.33,5,Canada,2025-05-24
12852,1255,45,Clothing,453.58,2,Australia,2025-01-08
12853,568,80,Beauty,303.81,4,Germany,2025-06-22
12854,398,77,Toys,327.97,2,Germany,2025-05-19
12855,1143,41,Clothing,90.66,4,Israel,2025-10-08
12856,1595,24,Beauty,90.82,1,France,2025-02-23
12857,159,76,Clothing,280.03,4,France,2025-09-05
12858,633,78,Clothing,110.39,5,USA,2025-01-19
12859,571,38,Clothing,26.86,4,Japan,2025-04-20
12860,1380,2,Sports,408.69,2,Japan,2025-11-14
12861,157,11,Toys,93.95,4,Israel,2025-07-05
12862,1057,634,Gaming,414.35,5,Canada,2025-07-11
12863,956,52,Sports,204.18,1,Israel,2025-05-17
12864,1627,24,Beauty,132.89,5,France,2025-02-28
12865,814,75,Sports,121.25,5,Australia,2025-04-22
12866,773,27,Beauty,310.31,2,Israel,2025-09-21
12867,1397,13,Sports,272.63,4,Australia,2025-06-18
12868,1427,66,Clothing,170.88,5,Japan,2025-09-02
12869,217,37,Gaming,121.9,1,Israel,2025-02-10
12870,999,52,Sports,413.65,3,Japan,2025-04-15
12871,1101,52,Sports,29.19,5,UK,2025-07-25
12872,801,44,Beauty,192.5,2,Japan,2025-04-03
12873,109,58,Beauty,369.26,4,France,2025-11-27
12874,703,9,Clothing,469.58,4,France,2025-11-20
12875,1652,70,Books,340.15,3,Japan,2025-05-22
12876,674,4,Gaming,19.92,2,USA,2025-06-04
12877,1943,41,Clothing,117.43,1,Germany,2025-11-11
12878,1405,15,Books,220.34,3,Canada,2025-05-06
12879,977,53,Sports,185.73,3,France,2025-02-03
12880,329,25,Electronics,81.59,2,Canada,2025-08-24
12881,1804,3,Gaming,305.59,1,USA,2025-08-04
12882,1225,63,Books,225.77,1,Japan,2025-03-01
12883,744,67,Gaming,487.56,2,Australia,2025-07-15
12884,183,29,Toys,341.51,1,Canada,2025-04-22
12885,1019,46,Gaming,305.18,2,Australia,2025-04-16
12886,1881,50,Clothing,475.71,5,Australia,2025-03-17
12887,1300,5,Sports,208.53,2,France,2025-10-10
12888,163,66,Clothing,135.33,3,USA,2025-12-22
12889,669,61,Sports,348.48,3,UK,2025-10-01
12890,570,22,Home,60.65,5,Germany,2025-01-07
12891,1837,51,Clothing,167.46,1,Israel,2025-08-26
12892,1490,63,Books,82.54,4,Germany,2025-10-27
12893,664,42,Beauty,125.81,3,Israel,2025-07-02
12894,1348,8,Gaming,173.39,2,Japan,2025-01-28
12895,835,5,Sports,423.02,3,UK,2025-02-27
12896,1936,58,Beauty,239.09,3,France,2025-11-02
12897,1943,30,Sports,147.06,1,Canada,2025-02-11
12898,58,26,Gaming,321.69,2,Australia,2025-02-24
12899,1073,5,Sports,89.87,1,Canada,2025-09-15
12900,1332,44,Beauty,440.07,1,Canada,2025-10-17
12901,1235,21,Beauty,82.98,2,UK,2025-01-25
12902,696,60,Gaming,247.47,5,UK,2025-10-23
12903,1194,33,Toys,225.01,2,USA,2025-12-26
12904,527,18,Beauty,435.97,3,UK,2025-04-01
12905,541,76,Clothing,324.19,3,Japan,2025-04-19
12906,163,51,Clothing,326.2,4,Japan,2025-09-19
12907,398,55,Home,403.89,5,Japan,2025-09-10
12908,973,8,Gaming,385.85,5,UK,2025-03-01
12909,1217,52,Sports,22.98,5,USA,2025-07-14
12910,1691,55,Home,23.45,1,UK,2025-05-16
12911,1462,72,Electronics,228.85,4,Germany,2025-09-16
12912,258,14,Clothing,68.01,5,Germany,2025-08-24
12913,1460,63,Books,305.12,1,Germany,2025-10-09
12914,1132,78,Clothing,367.87,5,UK,2025-12-10
12915,1587,24,Beauty,413.61,2,USA,2025-07-09
12916,174,5,Sports,280.55,4,France,2025-07-13
12917,342,15,Books,288.41,4,Canada,2025-06-09
12918,984,52,Sports,404.89,2,Germany,2025-11-26
12919,1059,58,Beauty,153.97,5,Australia,2025-06-18
12920,1721,48,Books,372.98,4,France,2025-07-26
12921,1424,28,Clothing,350.28,3,France,2025-02-22
12922,1070,69,Sports,101.78,1,Australia,2025-03-13
12923,1724,5,Sports,243.55,5,USA,2025-01-12
12924,983,53,Sports,98.91,1,USA,2025-12-20
12925,1478,76,Clothing,453.52,4,Israel,2025-08-03
12926,1574,79,Sports,347.82,5,Germany,2025-07-06
12927,894,51,Clothing,412.17,2,Japan,2025-04-11
12928,1269,74,Clothing,114.21,2,Canada,2025-11-24
12929,1590,42,Beauty,67.64,4,Israel,2025-07-02
12930,1762,34,Beauty,381.31,1,Japan,2025-03-20
12931,1380,47,Books,3.52,3,Canada,2025-06-26
12932,1577,42,Beauty,368.74,2,Germany,2025-10-09
12933,1447,33,Toys,454.06,5,USA,2025-01-20
12934,1934,16,Home,246.27,3,USA,2025-04-01
12935,115,68,Home,14.21,3,France,2025-02-25
12936,1221,80,Beauty,392.65,1,Germany,2025-10-03
12937,250,15,Books,275.6,5,Japan,2025-04-17
12938,144,79,Sports,276.87,5,UK,2025-07-20
12939,649,18,Beauty,111.57,1,Japan,2025-03-22
12940,100,8,Gaming,79.43,3,Australia,2025-10-17
12941,844,4,Gaming,66.8,2,France,2025-06-17
12942,297,4,Gaming,28.49,5,France,2025-09-27
12943,1743,42,Beauty,5.52,1,Australia,2025-02-16
12944,987,2,Sports,484.36,5,Japan,2025-11-03
12945,1873,18,Beauty,242.01,5,Japan,2025-10-20
12946,465,39,Clothing,92.18,5,France,2025-09-13
12947,1479,30,Sports,71.51,1,UK,2025-09-18
12948,889,80,Beauty,411.3,5,Germany,2025-07-16
12949,1226,29,Toys,304.05,3,UK,2025-10-11
12950,1742,3,Gaming,347.67,5,Germany,2025-03-21
12951,1022,36,Gaming,309.05,3,Australia,2025-11-16
12952,1000,21,Beauty,104.07,1,Israel,2025-04-01
12953,192,58,Beauty,414.01,4,UK,2025-01-11
12954,637,69,Sports,361.41,3,USA,2025-09-28
12955,1786,66,Clothing,112.19,1,Israel,2025-12-28
12956,409,38,Clothing,308.01,5,Japan,2025-12-28
12957,1910,50,Clothing,432.85,2,UK,2025-12-21
12958,1319,26,Gaming,405.45,1,Australia,2025-09-06
12959,1004,32,Gaming,432.65,5,France,2025-03-19
12960,986,74,Clothing,167.41,2,Canada,2025-09-17
12961,90,29,Toys,418.86,3,Canada,2025-11-12
12962,461,19,Books,407.76,5,UK,2025-08-05
12963,79,43,Books,240.31,5,Canada,2025-12-01
12964,1331,27,Beauty,477.9,2,UK,2025-04-16
12965,84,40,Clothing,421.62,4,USA,2025-07-08
12966,300,18,Beauty,43.13,4,Australia,2025-03-17
12967,567,29,Toys,152.4,5,Japan,2025-09-07
12968,324,20,Home,237.0,1,Australia,2025-02-24
12969,165,1,Sports,204.68,4,Canada,2025-06-10
12970,1881,11,Toys,168.96,5,Australia,2025-09-22
12971,1891,24,Beauty,365.74,5,UK,2025-11-12
12972,1080,51,Clothing,99.94,1,UK,2025-07-09
12973,1272,72,Electronics,278.5,4,Canada,2025-08-18
12974,1333,37,Gaming,387.73,4,UK,2025-05-08
12975,603,10,Beauty,399.87,1,Australia,2025-11-03
12976,1813,22,Home,443.6,4,France,2025-08-10
12977,788,30,Sports,338.97,5,France,2025-10-11
12978,409,73,Electronics,137.85,2,UK,2025-06-17
12979,1986,71,Clothing,292.53,5,Germany,2025-07-18
12980,762,63,Books,75.64,4,Australia,2025-02-11
12981,1528,23,Home,345.65,3,Israel,2025-02-17
12982,1643,47,Books,458.19,4,Israel,2025-07-13
12983,1060,68,Home,215.19,2,Germany,2025-08-14
12984,671,1,Sports,328.88,1,Germany,2025-08-28
12985,1949,41,Clothing,102.32,2,France,2025-08-02
12986,183,38,Clothing,379.19,5,UK,2025-07-21
12987,648,56,Gaming,489.85,5,Germany,2025-11-24
12988,599,18,Beauty,346.14,5,USA,2025-11-28
12989,1527,12,Clothing,251.21,3,Japan,2025-12-19
12990,470,26,Gaming,236.32,2,France,2025-04-20
12991,1919,11,Toys,223.44,3,France,2025-07-04
12992,1681,9,Clothing,155.51,3,Australia,2025-08-22
12993,1636,9,Clothing,123.63,4,Australia,2025-02-16
12994,1850,13,Sports,207.1,5,UK,2025-09-25
12995,1362,41,Clothing,190.92,2,Germany,2025-11-14
12996,466,31,Clothing,375.34,3,UK,2025-11-03
12997,475,60,Gaming,333.71,5,France,2025-12-09
12998,1952,32,Gaming,372.3,5,USA,2025-09-06
12999,968,77,Toys,262.71,2,Germany,2025-01-28
13000,1291,48,Books,374.74,3,France,2025-01-05
13001,1229,36,Gaming,459.74,5,France,2025-12-05
13002,620,57,Beauty,232.97,4,Israel,2025-11-17
13003,141,23,Home,470.43,3,France,2025-11-04
13004,1209,25,Electronics,48.73,3,Australia,2025-03-20
13005,1335,16,Home,496.16,4,Canada,2025-09-22
13006,1567,76,Clothing,296.86,3,Japan,2025-01-15
13007,107,56,Gaming,373.77,4,USA,2025-02-28
13008,1424,8,Gaming,56.58,1,UK,2025-07-17
13009,829,2,Sports,117.28,2,Canada,2025-01-14
13010,692,36,Gaming,134.76,4,Japan,2025-07-27
13011,917,66,Clothing,116.04,4,USA,2025-02-24
13012,1423,17,Books,358.3,5,Israel,2025-07-22
13013,1008,77,Toys,55.04,3,Japan,2025-01-04
13014,1662,9,Clothing,129.5,5,Israel,2025-12-11
13015,1446,75,Sports,15.41,4,France,2025-07-17
13016,782,37,Gaming,202.27,1,UK,2025-09-27
13017,824,72,Electronics,147.27,3,USA,2025-01-16
13018,619,8,Gaming,94.74,3,Japan,2025-09-27
13019,854,41,Clothing,178.01,1,Israel,2025-12-26
13020,1410,26,Gaming,374.76,5,France,2025-03-15
13021,1387,58,Beauty,56.93,0,Germany,2025-03-03
13022,1817,4,Gaming,458.14,1,UK,2025-04-12
13023,167,52,Sports,414.89,2,Japan,2025-05-07
13024,460,39,Clothing,213.85,1,France,2025-11-01
13025,551,4,Gaming,86.35,1,France,2025-11-27
13026,409,26,Gaming,147.39,3,France,2025-05-21
13027,1797,61,Sports,285.36,4,Japan,2025-01-17
13028,1457,69,Sports,464.82,5,Australia,2025-05-01
13029,375,75,Sports,87.05,3,France,2025-06-24
13030,1112,26,Gaming,295.57,5,UK,2025-09-01
13031,381,51,Clothing,259.68,5,Australia,2025-11-01
13032,718,76,Clothing,164.02,1,Japan,2025-10-04
13033,846,67,Gaming,365.2,2,France,2025-08-25
13034,1819,74,Clothing,26.97,4,France,2025-03-15
13035,1234,38,Clothing,8.8,3,UK,2025-08-28
13036,968,23,Home,351.86,2,Japan,2025-04-20
13037,713,55,Home,366.73,1,Canada,2025-08-28
13038,1272,73,Electronics,18.04,4,France,2025-07-23
13039,1081,63,Books,200.53,1,Australia,2025-04-25
13040,790,11,Toys,373.1,3,USA,2025-07-23
13041,438,44,Beauty,14.99,3,France,2025-11-24
13042,1897,17,Books,477.98,3,UK,2025-03-23
13043,491,31,Clothing,482.14,4,France,2025-09-20
13044,195,56,Gaming,391.26,2,USA,2025-04-12
13045,1158,65,Sports,4.12,5,Australia,2025-12-09
13046,1656,8,Gaming,172.14,3,Australia,2025-11-27
13047,1040,35,Sports,471.35,3,France,2025-04-21
13048,1306,23,Home,201.27,2,Japan,2025-09-25
13049,1146,17,Books,149.63,5,France,2025-12-09
13050,354,26,Gaming,129.56,4,Canada,2025-07-15
13051,643,51,Clothing,18.31,5,Japan,2025-10-16
13052,1641,74,Clothing,121.37,2,Japan,2025-06-12
13053,855,15,Books,118.27,5,Australia,2025-10-18
13054,1014,1,Sports,61.66,4,USA,2025-05-05
13055,114,78,Clothing,239.78,1,USA,2025-08-20
13056,1169,79,Sports,64.0,5,Germany,2025-07-19
13057,1427,57,Beauty,129.38,1,USA,2025-08-13
13058,1940,29,Toys,338.69,4,UK,2025-04-04
13059,1085,79,Sports,228.54,3,USA,2025-11-21
13060,242,45,Clothing,435.31,2,Germany,2025-07-09
13061,1975,53,Sports,364.15,3,USA,2025-12-02
13062,768,27,Beauty,300.11,1,Germany,2025-01-22
13063,579,11,Toys,339.24,4,Germany,2025-04-15
13064,353,36,Gaming,359.55,2,Australia,2025-02-04
13065,572,23,Home,352.17,4,Germany,2025-04-10
13066,1230,2,Sports,43.29,2,Australia,2025-01-15
13067,138,31,Clothing,167.69,4,Germany,2025-01-03
13068,1027,65,Sports,298.18,5,Japan,2025-02-15
13069,384,72,Electronics,31.82,1,Canada,2025-06-19
13070,1910,17,Books,276.24,2,Israel,2025-01-17
13071,982,54,Gaming,110.1,4,UK,2025-06-11
13072,929,7,Gaming,26.82,2,Australia,2025-01-27
13073,1745,80,Beauty,8.15,3,Australia,2025-04-28
13074,1263,49,Beauty,241.91,2,USA,2025-04-13
13075,398,65,Sports,370.57,5,USA,2025-08-15
13076,132,38,Clothing,27.17,3,Germany,2025-10-20
13077,574,60,Gaming,238.28,2,UK,2025-12-11
13078,1445,73,Electronics,155.72,4,Japan,2025-08-20
13079,556,29,Toys,359.16,4,Canada,2025-05-12
13080,1975,40,Clothing,271.61,3,UK,2025-03-14
13081,1226,56,Gaming,465.81,2,France,2025-04-28
13082,629,20,Home,91.22,2,USA,2025-01-21
13083,1723,64,Beauty,158.29,3,France,2025-09-25
13084,1193,30,Sports,18.19,4,France,2025-05-10
13085,362,6,Toys,227.96,2,Australia,2025-03-25
13086,1132,28,Clothing,201.13,3,Canada,2025-07-19
13087,216,43,Books,120.24,5,Canada,2025-06-22
13088,1658,7,Gaming,161.53,2,Australia,2025-11-28
13089,404,20,Home,132.27,3,Canada,2025-01-10
13090,813,34,Beauty,170.17,4,France,2025-04-25
13091,1939,41,Clothing,161.24,2,Japan,2025-04-07
13092,1899,9,Clothing,394.43,1,UK,2025-04-04
13093,64,73,Electronics,383.53,4,Australia,2025-07-20
13094,1658,3,Gaming,297.0,4,France,2025-07-11
13095,1309,13,Sports,472.57,1,Australia,2025-01-19
13096,672,54,Gaming,355.93,5,UK,2025-05-07
13097,8,40,Clothing,188.49,2,Japan,2025-12-28
13098,88,53,Sports,141.56,4,France,2025-06-16
13099,1882,8,Gaming,174.47,4,Australia,2025-06-11
13100,1711,7,Gaming,190.9,1,Canada,2025-05-04
13101,1448,59,Home,222.51,1,UK,2025-09-06
13102,1054,39,Clothing,196.5,5,USA,2025-12-16
13103,878,65,Sports,355.32,4,Canada,2025-11-06
13104,256,52,Sports,423.74,4,Australia,2025-07-14
13105,368,73,Electronics,305.6,4,Japan,2025-05-07
13106,51,20,Home,122.37,4,Israel,2025-11-16
13107,1584,10,Beauty,50.48,5,France,2025-03-25
13108,1821,9,Clothing,302.78,4,France,2025-11-10
13109,543,65,Sports,238.88,5,Israel,2025-05-21
13110,100,64,Beauty,132.94,1,Australia,2025-11-07
13111,811,65,Sports,379.54,4,Canada,2025-01-01
13112,1152,49,Beauty,277.07,3,Israel,2025-09-11
13113,1160,44,Beauty,499.46,4,Israel,2025-09-16
13114,1757,24,Beauty,229.03,1,Israel,2025-08-21
13115,442,60,Gaming,481.64,3,Canada,2025-03-13
13116,1497,31,Clothing,79.3,5,France,2025-07-23
13117,1423,78,Clothing,106.62,5,Canada,2025-08-05
13118,1341,70,Books,67.3,2,Canada,2025-12-07
13119,522,28,Clothing,324.14,2,USA,2025-02-23
13120,439,64,Beauty,404.88,4,Canada,2025-06-24
13121,1386,20,Home,455.39,1,Japan,2025-07-12
13122,901,10,Beauty,373.57,3,France,2025-10-19
13123,905,74,Clothing,149.81,3,UK,2025-04-11
13124,1452,42,Beauty,24.37,4,UK,2025-01-02
13125,1090,55,Home,357.85,4,Canada,2025-06-15
13126,391,34,Beauty,458.44,1,UK,2025-07-22
13127,794,12,Clothing,79.85,1,France,2025-04-14
13128,1019,48,Books,207.12,2,Canada,2025-09-01
13129,784,55,Home,254.37,4,Canada,2025-05-25
13130,920,18,Beauty,16.35,2,Israel,2025-04-06
13131,1296,64,Beauty,316.84,2,Israel,2025-09-18
13132,1627,11,Toys,236.15,3,Israel,2025-07-17
13133,674,64,Beauty,302.09,3,Australia,2025-04-26
13134,1743,28,Clothing,82.64,4,UK,2025-05-16
13135,1712,15,Books,456.3,3,Israel,2025-07-20
13136,1907,1,Sports,341.2,4,Japan,2025-12-12
13137,997,24,Beauty,70.37,4,USA,2025-11-27
13138,726,73,Electronics,200.67,5,Australia,2025-04-17
13139,1970,44,Beauty,110.12,3,USA,2025-11-28
13140,1502,49,Beauty,310.38,1,Australia,2025-08-24
13141,26,47,Books,47.82,3,France,2025-10-12
13142,422,45,Clothing,26.64,4,Japan,2025-07-26
13143,574,18,Beauty,392.52,5,UK,2025-03-12
13144,1238,4,Gaming,147.6,2,UK,2025-06-02
13145,1507,61,Sports,25.61,1,France,2025-06-08
13146,1164,55,Home,339.55,3,UK,2025-09-25
13147,912,56,Gaming,313.2,2,Japan,2025-11-07
13148,137,61,Sports,70.11,5,Canada,2025-09-11
13149,181,7,Gaming,141.22,4,Japan,2025-09-08
13150,1848,62,Toys,149.37,4,Japan,2025-09-27
13151,1606,32,Gaming,209.66,4,USA,2025-05-26
13152,1017,73,Electronics,308.03,2,Israel,2025-05-12
13153,853,42,Beauty,18.74,3,Japan,2025-10-22
13154,26,37,Gaming,313.58,4,Germany,2025-01-10
13155,1438,3,Gaming,163.25,5,Australia,2025-02-10
13156,133,32,Gaming,110.16,4,France,2025-06-11
13157,1773,14,Clothing,445.86,5,Japan,2025-06-09
13158,1573,7,Gaming,380.05,1,Canada,2025-08-14
13159,1674,6,Toys,210.55,5,Israel,2025-02-22
13160,643,34,Beauty,56.43,3,Israel,2025-04-02
13161,198,51,Clothing,463.41,3,USA,2025-07-19
13162,1774,43,Books,100.42,4,Canada,2025-08-14
13163,1294,72,Electronics,224.88,1,Japan,2025-07-15
13164,1927,75,Sports,271.38,3,France,2025-01-13
13165,44,71,Clothing,11.82,4,UK,2025-12-17
13166,699,32,Gaming,383.22,2,Australia,2025-12-25
13167,910,33,Toys,23.6,5,Germany,2025-05-28
13168,651,30,Sports,343.78,1,Israel,2025-05-21
13169,1103,13,Sports,9.67,4,Germany,2025-02-07
13170,1510,49,Beauty,259.43,5,Germany,2025-02-26
13171,1074,36,Gaming,83.6,3,Germany,2025-11-13
13172,807,77,Toys,272.63,2,Israel,2025-12-16
13173,702,39,Clothing,306.31,1,France,2025-04-27
13174,713,50,Clothing,228.08,5,UK,2025-01-02
13175,516,78,Clothing,221.06,3,Israel,2025-04-06
13176,1159,31,Clothing,31.41,1,UK,2025-07-21
13177,1947,61,Sports,417.15,4,USA,2025-12-28
13178,465,17,Books,232.68,1,UK,2025-04-11
13179,1438,36,Gaming,185.87,5,Germany,2025-02-07
13180,410,7,Gaming,366.11,1,France,2025-02-07
13181,636,3,Gaming,330.88,1,Germany,2025-08-12
13182,1149,53,Sports,333.02,4,Israel,2025-09-13
13183,381,8,Gaming,381.57,2,Australia,2025-03-15
13184,1950,51,Clothing,256.31,3,USA,2025-08-14
13185,1014,38,Clothing,430.89,4,Germany,2025-05-03
13186,1070,2,Sports,31.08,2,USA,2025-02-14
13187,370,68,Home,311.56,2,Germany,2025-10-06
13188,1958,42,Beauty,6.22,4,Germany,2025-11-03
13189,1441,78,Clothing,218.81,1,UK,2025-06-08
13190,1958,67,Gaming,79.33,3,Canada,2025-03-11
13191,478,76,Clothing,366.64,2,Israel,2025-02-24
13192,726,61,Sports,300.73,3,Japan,2025-06-03
13193,1560,29,Toys,56.47,3,Australia,2025-01-25
13194,1642,13,Sports,21.44,3,France,2025-09-06
13195,1587,64,Beauty,263.32,3,Germany,2025-11-18
13196,612,55,Home,132.33,2,UK,2025-02-12
13197,1000,47,Books,91.25,3,Israel,2025-04-21
13198,1137,2,Sports,101.49,5,Canada,2025-08-03
13199,1287,71,Clothing,228.47,4,UK,2025-02-26
13200,294,13,Sports,358.95,5,Germany,2025-10-05
13201,1438,40,Clothing,328.64,4,Australia,2025-01-27
13202,1653,43,Books,141.79,2,USA,2025-10-17
13203,1122,37,Gaming,498.06,3,Australia,2025-09-21
13204,216,77,Toys,319.02,3,Australia,2025-01-28
13205,1243,56,Gaming,37.16,4,USA,2025-07-17
13206,1087,29,Toys,412.32,3,Israel,2025-05-20
13207,1324,69,Sports,279.16,2,Germany,2025-11-21
13208,1861,50,Clothing,272.03,5,Japan,2025-07-07
13209,737,74,Clothing,259.58,5,Japan,2025-06-08
13210,1052,21,Beauty,496.25,2,Australia,2025-08-02
13211,1282,15,Books,51.7,4,Australia,2025-12-05
13212,618,46,Gaming,136.69,2,Israel,2025-07-25
13213,340,31,Clothing,221.09,4,Israel,2025-10-20
13214,172,27,Beauty,119.19,2,France,2025-10-16
13215,124,779,Clothing,88.05,2,France,2025-10-01
13216,761,72,Electronics,284.28,2,France,2025-08-20
13217,134,43,Books,487.27,5,Japan,2025-09-16
13218,277,47,Books,338.91,4,UK,2025-03-06
13219,198,5,Sports,20.22,2,UK,2025-01-10
13220,1095,16,Home,94.2,2,Israel,2025-03-05
13221,583,63,Books,326.26,5,Canada,2025-03-01
13222,473,24,Beauty,10.57,5,Israel,2025-01-20
13223,1166,68,Home,69.06,4,Australia,2025-09-03
13224,1676,22,Home,151.5,2,Israel,2025-06-05
13225,108,56,Gaming,215.22,4,USA,2025-11-08
13226,184,44,Beauty,471.86,1,Australia,2025-07-09
13227,318,31,Clothing,355.11,1,Israel,2025-03-26
13228,1,16,Home,498.0,2,Israel,2025-10-07
13229,115,21,Beauty,57.73,3,France,2025-05-09
13230,1591,50,Clothing,108.16,5,UK,2025-03-24
13231,1481,11,Toys,233.84,3,Canada,2025-06-07
13232,250,54,Gaming,not-a-price,5,Germany,2025-11-18
13233,370,72,Electronics,305.91,5,Israel,2025-01-27
13234,1842,25,Electronics,235.28,1,UK,2025-03-05
13235,225,77,Toys,55.59,2,Australia,2025-01-26
13236,594,51,Clothing,384.91,4,USA,2025-08-07
13237,833,51,Clothing,40.77,1,Germany,2025-10-28
13238,567,79,Sports,474.32,3,Canada,2025-11-03
13239,840,41,Clothing,328.8,3,Germany,2025-02-19
13240,1998,46,Gaming,13.15,5,Japan,2025-03-20
13241,1187,20,Home,72.51,4,Australia,2025-06-28
13242,1294,67,Gaming,391.35,5,USA,2025-10-06
13243,349,26,Gaming,112.75,3,Canada,2025-08-13
13244,282,17,Books,144.71,1,Australia,2025-08-23
13245,1245,78,Clothing,459.7,5,USA,2025-02-24
13246,998,31,Clothing,464.68,4,Japan,2025-05-12
13247,862,34,Beauty,95.92,4,Japan,2025-02-19
13248,69,73,Electronics,123.26,4,Israel,2025-08-25
13249,870,78,Clothing,423.67,1,UK,2025-09-08
13250,1087,36,Gaming,6.98,2,Israel,2025-01-02
13251,1768,44,Beauty,468.69,4,UK,2025-12-02
13252,1857,45,Clothing,115.95,4,USA,2025-10-25
13253,853,77,Toys,321.54,4,France,2025-05-02
13254,1437,30,Sports,369.6,1,Australia,2025-10-20
13255,541,11,Toys,283.41,2,UK,2025-02-24
13256,466,30,Sports,201.16,4,USA,2025-02-01
13257,629,11,Toys,111.98,3,Canada,2025-03-09
13258,485,19,Books,443.19,5,France,2025-01-22
13259,514,46,Gaming,120.1,3,Australia,2025-03-14
13260,1981,6,Toys,243.55,2,Japan,2025-07-20
13261,435,4,Gaming,431.16,3,Canada,2025-11-05
13262,492,67,Gaming,365.09,5,Israel,2025-02-03
13263,699,45,Clothing,282.77,2,Japan,2025-04-12
13264,1434,43,Books,244.58,5,Japan,2025-06-26
13265,1259,30,Sports,488.94,5,Japan,2025-10-03
13266,588,24,Beauty,84.47,3,France,2025-06-06
13267,1183,29,Toys,424.88,5,Canada,2025-09-10
13268,339,45,Clothing,235.46,4,Japan,2025-08-25
13269,1616,72,Electronics,427.99,4,Israel,2025-02-03
13270,512,7,Gaming,92.83,5,France,2025-10-02
13271,103,55,Home,357.52,5,Japan,2025-06-11
13272,548,67,Gaming,419.27,5,Australia,2025-03-24
13273,355,12,Clothing,169.91,3,Germany,2025-05-28
13274,997,45,Clothing,363.42,2,Canada,2025-01-07
13275,1184,69,Sports,279.71,4,Australia,2025-03-27
13276,1259,50,Clothing,181.8,3,UK,2025-04-16
13277,1928,30,Sports,485.59,4,Canada,2025-10-28
13278,1065,2,Sports,258.42,1,Japan,2025-01-01
13279,278,21,Beauty,290.38,5,Germany,2025-03-10
13280,375,21,Beauty,253.86,3,Australia,2025-02-05
13281,502,43,Books,182.23,2,Germany,2025-02-22
13282,1117,9,Clothing,411.1,4,UK,2025-03-25
13283,793,51,Clothing,303.52,1,Germany,2025-12-20
13284,1899,69,Sports,271.35,1,Canada,2025-01-03
13285,693,58,Beauty,287.35,5,UK,2025-07-25
13286,132,61,Sports,364.95,3,Germany,2025-06-01
13287,1418,3,Gaming,394.54,2,USA,2025-10-01
13288,778,19,Books,153.32,4,UK,2025-04-15
13289,463,78,Clothing,74.86,4,France,2025-03-16
13290,1363,6,Toys,497.75,1,UK,2025-03-10
13291,1260,52,Sports,154.64,1,Germany,2025-12-20
13292,233,56,Gaming,215.62,5,Israel,2025-07-20
13293,1794,17,Books,20.79,3,Germany,2025-10-21
13294,1601,49,Beauty,84.04,5,Canada,2025-07-05
13295,565,30,Sports,306.39,4,USA,2025-04-13
13296,370,12,Clothing,164.85,5,Australia,2025-09-08
13297,266,25,Electronics,24.07,1,Israel,2025-07-08
13298,469,43,Books,122.33,3,Germany,2025-07-24
13299,1676,52,Sports,179.69,4,USA,2025-06-24
13300,1933,59,Home,113.26,1,UK,2025-07-26
13301,1224,38,Clothing,273.55,4,France,2025-11-02
13302,1900,6,Toys,414.94,5,France,2025-10-03
13303,553,18,Beauty,83.87,2,UK,2025-02-21
13304,678,48,Books,36.95,2,Israel,2025-06-16
13305,1695,66,Clothing,142.09,2,Germany,2025-06-12
13306,355,505,Sports,389.5,2,Germany,2025-10-14
13307,400,58,Beauty,181.36,5,Australia,2025-04-08
13308,357,60,Gaming,10.74,2,Israel,2025-08-05
13309,367,51,Clothing,186.16,2,Israel,2025-08-17
13310,1599,71,Clothing,3.4,3,Canada,2025-11-23
13311,1546,58,Beauty,21.93,2,Israel,2025-12-18
13312,1282,61,Sports,303.67,2,UK,2025-08-11
13313,1628,27,Beauty,310.18,1,Australia,2025-04-21
13314,1788,9,Clothing,69.82,2,France,2025-02-12
13315,678,10,Beauty,41.42,5,USA,2025-05-18
13316,1299,29,Toys,293.42,1,Australia,2025-03-28
13317,1777,46,Gaming,297.09,4,Japan,2025-08-04
13318,1004,29,Toys,297.5,5,Australia,2025-06-17
13319,961,42,Beauty,453.1,4,Japan,2025-04-25
13320,264,46,Gaming,285.5,4,Canada,2025-03-10
13321,1732,39,Clothing,258.91,1,USA,2025-06-07
13322,1869,8,Gaming,385.58,1,UK,2025-03-23
13323,54,62,Toys,92.4,2,Canada,2025-07-05
13324,1707,54,Gaming,238.56,4,Australia,2025-11-07
13325,1634,18,Beauty,23.96,2,Israel,2025-09-02
13326,1123,31,Clothing,150.27,1,UK,2025-07-24
13327,1526,74,Clothing,442.54,2,Canada,2025-07-16
13328,1392,46,Gaming,59.37,1,Canada,2025-09-26
13329,531,29,Toys,486.2,1,UK,2025-08-17
13330,97,29,Toys,51.17,5,Germany,2025-11-24
13331,352,8,Gaming,322.34,3,UK,2025-08-22
13332,1124,79,Sports,175.55,1,Japan,2025-10-24
13333,1050,58,Beauty,49.14,5,UK,2025-09-06
13334,544,43,Books,454.62,2,Israel,2025-01-21
13335,1386,47,Books,237.87,3,Japan,2025-01-23
13336,1759,52,Sports,296.98,5,Israel,2025-06-11
13337,259,57,Beauty,484.06,1,UK,2025-05-27
13338,1237,22,Home,225.36,3,USA,2025-05-07
13339,1430,43,Books,107.56,3,UK,2025-02-27
13340,1025,61,Sports,311.63,5,USA,2025-07-26
13341,499,64,Beauty,333.91,4,Australia,2025-12-24
13342,239,46,Gaming,188.96,3,UK,2025-10-17
13343,110,9,Clothing,482.82,1,UK,2025-07-19
13344,1383,71,Clothing,276.69,2,Israel,2025-02-26
13345,1899,37,Gaming,218.1,2,France,2025-07-03
13346,1894,67,Gaming,206.17,5,Japan,2025-11-05
13347,1559,9,Clothing,213.89,1,UK,2025-04-06
13348,151,7,Gaming,410.82,5,Canada,2025-07-06
13349,1940,32,Gaming,377.08,1,Germany,2025-07-26
13350,509,72,Electronics,423.88,4,UK,2025-01-03
13351,1201,77,Toys,99.35,4,USA,2025-05-05
13352,879,46,Gaming,404.04,3,Israel,2025-07-04
13353,980,27,Beauty,209.46,4,Japan,2025-05-08
13354,800,50,Clothing,372.16,5,Canada,2025-05-11
13355,1748,22,Home,51.11,4,Australia,2025-05-17
13356,1370,35,Sports,215.24,3,USA,2025-06-28
13357,39,67,Gaming,124.65,5,USA,2025-05-16
13358,854,40,Clothing,329.47,2,Japan,2025-11-26
13359,1492,59,Home,39.31,3,France,2025-12-01
13360,875,78,Clothing,349.19,4,UK,2025-12-20
13361,598,38,Clothing,175.38,4,USA,2025-09-28
13362,32,18,Beauty,372.73,5,Germany,2025-03-05
13363,110,35,Sports,217.12,2,USA,2025-02-25
13364,351,41,Clothing,369.13,5,Japan,2025-02-10
13365,1251,20,Home,121.22,3,Japan,2025-09-06
13366,712,43,Books,194.29,2,Israel,2025-01-09
13367,1512,55,Home,50.68,1,Germany,2025-07-07
13368,175,46,Gaming,109.01,3,USA,2025-08-27
13369,1610,48,Books,370.43,2,Canada,2025-05-06
13370,1634,48,Books,155.92,1,USA,2025-06-15
13371,1780,51,Clothing,34.13,5,Israel,2025-03-09
13372,1467,30,Sports,237.54,5,Israel,2025-01-15
13373,1825,46,Gaming,117.74,2,Israel,2025-04-13
13374,446,64,Beauty,144.61,5,USA,2025-03-04
13375,1614,36,Gaming,178.91,4,USA,2025-05-20
13376,47,54,Gaming,448.1,5,Japan,2025-07-22
13377,457,20,Home,414.19,5,Japan,2025-01-07
13378,947,60,Gaming,69.49,4,Japan,2025-02-02
13379,1849,24,Beauty,362.81,3,Canada,2025-10-06
13380,1729,9,Clothing,114.5,3,Japan,2025-02-05
13381,1914,59,Home,464.64,1,Germany,2025-10-01
13382,933,22,Home,343.37,4,USA,2025-05-09
13383,1301,19,Books,385.9,5,Canada,2025-04-01
13384,1328,74,Clothing,295.88,4,Germany,2025-07-10
13385,250,12,Clothing,496.12,3,Israel,2025-11-20
13386,1999,51,Clothing,388.3,1,Australia,2025-08-06
13387,1803,22,Home,149.33,2,France,2025-05-01
13388,951,48,Books,470.03,4,Canada,2025-12-19
13389,1863,21,Beauty,265.41,4,Israel,2025-10-08
13390,1449,43,Books,90.11,5,Japan,2025-08-11
13391,1678,7,Gaming,276.7,2,Australia,2025-11-22
13392,615,2,Sports,278.67,5,UK,2025-07-26
13393,7,20,Home,491.83,2,USA,2025-01-05
13394,179,69,Sports,246.47,5,France,2025-01-20
13395,1020,29,Toys,234.67,1,Japan,2025-07-03
13396,976,27,Beauty,491.36,2,Canada,2025-12-21
13397,1182,56,Gaming,362.38,5,Canada,2025-04-12
13398,1992,77,Toys,353.67,4,Australia,2025-05-28
13399,1675,51,Clothing,50.76,5,Germany,2025-07-07
13400,1337,21,Beauty,233.32,4,Japan,2025-12-04
13401,296,4,Gaming,134.9,1,USA,2025-06-02
13402,1275,48,Books,69.62,1,France,2025-07-21
13403,1372,66,Clothing,136.56,5,Australia,2025-10-27
13404,834,31,Clothing,294.35,5,Canada,2025-06-18
13405,1434,13,Sports,389.0,2,France,2025-09-28
13406,60,12,Clothing,422.5,4,France,2025-04-23
13407,1082,73,Electronics,426.54,4,UK,2025-05-05
13408,1240,72,Electronics,130.78,2,UK,2025-12-15
13409,485,24,Beauty,20.01,2,USA,2025-08-08
13410,1572,66,Clothing,250.3,4,UK,2025-10-01
13411,1499,54,Gaming,86.06,1,Japan,2025-09-18
13412,481,19,Books,327.78,5,Australia,2025-04-20
13413,1811,47,Books,206.05,1,USA,2025-10-18
13414,1492,5,Sports,439.88,2,Israel,2025-05-09
13415,1502,76,Clothing,410.82,2,Israel,2025-09-24
13416,1419,51,Clothing,489.74,3,UK,2025-09-17
13417,1447,11,Toys,344.14,4,Germany,2025-10-01
13418,362,74,Clothing,411.32,5,UK,2025-08-20
13419,987,28,Clothing,266.59,2,Canada,2025-10-17
13420,513,29,Toys,101.01,2,Germany,2025-01-25
13421,561,41,Clothing,195.59,2,Japan,2025-02-13
13422,1788,40,Clothing,259.3,5,Japan,2025-03-11
13423,613,30,Sports,391.7,2,France,2025-07-22
13424,117,43,Books,481.22,3,UK,2025-05-01
13425,839,22,Home,405.0,2,Germany,2025-06-07
13426,346,23,Home,233.68,3,UK,2025-03-03
13427,1051,23,Home,305.8,1,Canada,2025-01-24
13428,1159,21,Beauty,486.42,3,Canada,2025-06-25
13429,1724,5,Sports,1.38,1,Germany,2025-08-28
13430,1231,2,Sports,149.96,4,Japan,2025-06-13
13431,706,1,Sports,195.55,3,Canada,2025-02-26
13432,396,71,Clothing,33.71,3,USA,2025-12-13
13433,172,5,Sports,4.83,5,UK,2025-11-16
13434,512,54,Gaming,455.25,4,Japan,2025-06-26
13435,988,40,Clothing,199.75,2,Canada,2025-07-28
13436,583,64,Beauty,499.35,5,Germany,2025-07-25
13437,718,45,Clothing,419.37,3,Israel,2025-01-12
13438,763,18,Beauty,24.99,1,Japan,2025-03-16
13439,1059,25,Electronics,335.15,2,UK,2025-03-05
13440,1059,79,Sports,397.24,5,France,2025-04-04
13441,272,50,Clothing,40.52,3,Canada,2025-11-24
13442,312,23,Home,276.44,2,UK,2025-11-10
13443,1502,35,Sports,480.35,1,Germany,2025-10-25
13444,1638,5,Sports,42.56,4,France,2025-06-20
13445,654,76,Clothing,292.22,1,Canada,2025-06-09
13446,1275,39,Clothing,476.88,2,Canada,2025-07-08
13447,1755,8,Gaming,330.76,1,Canada,2025-01-19
13448,1871,71,Clothing,244.51,5,France,2025-02-16
13449,379,39,Clothing,184.45,3,Japan,2025-01-27
13450,1920,7,Gaming,8.46,1,Israel,2025-09-12
13451,115,58,Beauty,60.69,1,Israel,2025-06-04
13452,440,27,Beauty,266.5,3,France,2025-01-28
13453,1814,77,Toys,347.15,5,Japan,2025-03-04
13454,1454,15,Books,47.31,2,France,2025-10-25
13455,921,16,Home,86.03,3,Israel,2025-10-26
13456,645,71,Clothing,479.87,4,UK,2025-03-21
13457,37,46,Gaming,168.59,1,UK,2025-07-03
13458,1188,54,Gaming,459.88,3,Canada,2025-07-12
13459,1834,16,Home,298.13,3,Australia,2025-05-21
13460,563,7,Gaming,307.74,5,Australia,2025-03-02
13461,1149,74,Clothing,92.49,3,UK,2025-04-17
13462,1950,8,Gaming,249.29,5,Australia,2025-05-17
13463,109,35,Sports,445.87,3,Israel,2025-06-01
13464,457,38,Clothing,114.01,3,Japan,2025-07-03
13465,136,52,Sports,330.75,4,Australia,2025-04-19
13466,512,66,Clothing,162.8,3,Japan,2025-02-22
13467,228,6,Toys,485.99,3,Australia,2025-10-25
13468,1209,1,Sports,270.58,3,Japan,2025-06-12
13469,668,62,Toys,460.66,2,USA,2025-02-13
13470,729,66,Clothing,44.3,5,UK,2025-03-08
13471,1049,5,Sports,185.71,5,Canada,2025-03-08
13472,511,73,Electronics,117.36,5,UK,2025-10-18
13473,1594,48,Books,201.01,4,Germany,2025-06-28
13474,1121,41,Clothing,147.6,3,France,2025-10-23
13475,1538,16,Home,50.29,2,Canada,2025-06-12
13476,65,47,Books,481.46,3,France,2025-10-17
13477,92,51,Clothing,59.61,4,France,2025-01-25
13478,954,59,Home,24.84,5,Japan,2025-07-13
13479,45,7,Gaming,279.7,3,France,2025-02-26
13480,397,8,Gaming,354.67,5,Canada,2025-11-16
13481,486,16,Home,18.78,5,UK,2025-04-27
13482,1666,42,Beauty,152.09,4,Japan,2025-08-19
13483,228,15,Books,397.0,1,Israel,2025-01-19
13484,46,40,Clothing,144.81,1,Israel,2025-04-12
13485,453,3,Gaming,464.9,4,Australia,2025-08-28
13486,79,48,Books,250.67,5,USA,2025-06-14
13487,1577,61,Sports,471.99,1,Australia,2025-08-05
13488,1174,24,Beauty,276.45,1,USA,2025-11-17
13489,1187,44,Beauty,215.89,5,Australia,2025-04-04
13490,1666,4,Gaming,215.72,4,Australia,2025-12-07
13491,1594,39,Clothing,478.5,1,Australia,2025-04-18
13492,1540,2,Sports,150.52,2,USA,2025-11-15
13493,1872,25,Electronics,180.83,2,UK,2025-11-28
13494,1685,49,Beauty,262.48,1,Canada,2025-12-24
13495,1310,72,Electronics,245.96,4,Canada,2025-09-11
13496,1232,49,Beauty,195.9,4,USA,2025-09-25
13497,1833,31,Clothing,13.81,5,USA,2025-05-04
13498,1660,68,Home,277.04,1,Australia,2025-07-12
13499,725,74,Clothing,232.48,3,UK,2025-07-21
13500,1657,35,Sports,436.98,2,Canada,2025-09-13
13501,805,16,Home,437.38,4,Germany,2025-03-09
13502,1494,12,Clothing,440.94,4,Australia,2025-12-22
13503,588,43,Books,442.98,1,UK,2025-09-28
13504,286,56,Gaming,104.82,4,France,2025-12-13
13505,1491,68,Home,399.77,5,Israel,2025-01-11
13506,1740,74,Clothing,497.56,2,Australia,2025-05-06
13507,422,59,Home,223.27,1,Germany,2025-08-22
13508,1537,18,Beauty,402.53,4,Israel,2025-09-15
13509,780,50,Clothing,206.03,2,Australia,2025-09-11
13510,1521,64,Beauty,11.31,1,Japan,2025-03-01
13511,1748,58,Beauty,410.32,3,France,2025-06-16
13512,805,4,Gaming,92.47,3,Israel,2025-06-05
13513,311,54,Gaming,404.5,4,UK,2025-03-13
13514,1936,52,Sports,169.72,2,Germany,2025-12-01
13515,141,43,Books,411.45,2,Germany,2025-05-21
13516,1313,53,Sports,4.75,1,UK,2025-06-01
13517,671,74,Clothing,357.39,1,USA,2025-05-15
13518,785,27,Beauty,92.92,4,France,2025-08-02
13519,966,37,Gaming,153.06,3,USA,2025-07-20
13520,313,45,Clothing,69.33,1,Germany,2025-06-06
13521,1214,62,Toys,179.77,1,Australia,2025-05-27
13522,1075,64,Beauty,177.63,5,Australia,2025-06-06
13523,635,30,Sports,104.22,4,Germany,2025-05-14
13524,876,68,Home,309.87,4,Israel,2025-02-04
13525,1526,50,Clothing,82.5,5,Australia,2025-11-17
13526,243,60,Gaming,357.51,4,Germany,2025-01-05
13527,51,64,Beauty,124.23,4,UK,2025-02-01
13528,1424,23,Home,115.41,4,UK,2025-10-20
13529,66,23,Home,47.98,4,Germany,2025-06-14
13530,1331,61,Sports,131.86,4,Canada,2025-05-05
13531,1567,54,Gaming,265.82,1,Germany,2025-02-06
13532,1175,20,Home,383.3,5,UK,2025-03-01
13533,1240,52,Sports,261.08,5,Israel,2025-08-18
13534,494,841,Toys,248.33,5,Israel,2025-03-23
13535,1925,59,Home,132.31,4,USA,2025-07-03
13536,612,13,Sports,423.07,1,Japan,2025-04-19
13537,558,26,Gaming,487.41,4,UK,2025-11-16
13538,802,60,Gaming,349.39,5,Japan,2025-07-08
13539,560,11,Toys,102.27,1,Australia,2025-09-08
13540,1670,8,Gaming,494.58,5,Israel,2025-09-11
13541,848,48,Books,444.08,5,UK,2025-06-02
13542,135,79,Sports,229.69,3,Canada,2025-12-26
13543,1226,63,Books,40.71,5,Canada,2025-06-19
13544,1584,38,Clothing,231.64,3,Japan,2025-02-14
13545,671,30,Sports,284.31,2,Japan,2025-12-23
13546,278,25,Electronics,422.93,2,UK,2025-05-21
13547,1308,63,Books,295.7,3,Australia,2025-07-28
13548,1878,1,Sports,464.34,5,France,2025-10-03
13549,663,52,Sports,70.29,4,USA,2025-02-23
13550,1019,18,Beauty,165.64,5,France,2025-08-12
13551,38,31,Clothing,51.66,4,France,2025-11-06
13552,1916,78,Clothing,141.18,5,Japan,2025-03-05
13553,1881,73,Electronics,91.85,3,France,2025-12-20
13554,1219,73,Electronics,455.17,5,Israel,2025-06-16
13555,855,76,Clothing,403.98,4,Australia,2025-06-24
13556,1993,25,Electronics,350.75,2,UK,2025-07-26
13557,1188,62,Toys,162.1,1,Israel,2025-11-14
13558,1229,25,Electronics,290.64,4,Australia,2025-01-28
13559,1392,12,Clothing,273.08,1,Germany,2025-07-04
13560,147,58,Beauty,220.21,3,France,2025-04-14
13561,1964,49,Beauty,101.33,1,Israel,2025-11-16
13562,667,70,Books,483.15,3,Canada,2025-04-28
13563,631,50,Clothing,45.31,2,Japan,2025-10-07
13564,1447,67,Gaming,298.12,2,Canada,2025-07-28
13565,1157,22,Home,374.52,2,France,2025-08-25
13566,1503,48,Books,400.08,5,Canada,2025-10-09
13567,1519,23,Home,229.39,5,Japan,2025-05-02
13568,1984,79,Sports,265.29,5,Japan,2025-08-21
13569,1718,63,Books,17.96,4,USA,2025-04-26
13570,1423,31,Clothing,15.07,1,USA,2025-11-16
13571,1234,17,Books,492.86,3,Japan,2025-02-17
13572,909,35,Sports,340.68,3,UK,2025-11-09
13573,1465,69,Sports,150.26,2,USA,2025-03-25
13574,659,36,Gaming,375.8,5,Canada,2025-01-16
13575,1801,79,Sports,328.58,5,Canada,2025-11-27
13576,1821,64,Beauty,240.32,3,Japan,2025-04-19
13577,1142,61,Sports,103.39,2,Germany,2025-05-09
13578,1459,46,Gaming,433.99,2,UK,2025-04-02
13579,688,42,Beauty,249.09,2,USA,2025-09-22
13580,1764,79,Sports,375.31,1,Germany,2025-12-25
13581,1805,35,Sports,368.36,3,Japan,2025-12-22
13582,1132,2,Sports,141.18,2,Australia,2025-05-20
13583,149,69,Sports,319.66,3,Germany,2025-01-09
13584,1605,20,Home,235.4,5,France,2025-09-27
13585,1738,33,Toys,331.66,5,Canada,2025-07-03
13586,1882,65,Sports,376.18,1,Germany,2025-10-21
13587,1527,30,Sports,499.59,3,Germany,2025-06-06
13588,838,59,Home,13.59,3,Israel,2025-02-15
13589,1776,73,Electronics,479.75,1,UK,2025-03-19
13590,1501,54,Gaming,14.42,5,Australia,2025-04-13
13591,1816,11,Toys,215.69,2,France,2025-04-15
13592,97,61,Sports,72.2,2,Israel,2025-08-23
13593,449,38,Clothing,46.57,5,Israel,2025-04-18
13594,885,37,Gaming,334.81,2,Germany,2025-07-03
13595,316,61,Sports,285.66,2,France,2025-05-03
13596,143,60,Gaming,248.7,1,UK,2025-01-08
13597,482,63,Books,316.51,4,UK,2025-01-23
13598,631,76,Clothing,58.69,5,France,2025-01-12
13599,1434,63,Books,300.69,1,Australia,2025-03-28
13600,1037,1,Sports,303.99,1,France,2025-12-15
13601,1801,3,Gaming,133.93,2,UK,2025-07-06
13602,327,53,Sports,429.32,4,USA,2025-10-11
13603,600,71,Clothing,281.7,1,Japan,2025-12-24
13604,1737,53,Sports,15.55,2,France,2025-02-27
13605,624,62,Toys,417.19,4,USA,2025-10-13
13606,622,66,Clothing,146.29,1,Israel,2025-01-16
13607,337,20,Home,456.13,4,Israel,2025-04-18
13608,1891,53,Sports,495.86,3,UK,2025-03-24
13609,1696,34,Beauty,365.95,4,USA,2025-08-20
13610,644,31,Clothing,355.63,5,Germany,2025-01-02
13611,448,78,Clothing,255.95,4,USA,2025-06-27
13612,1886,43,Books,308.15,5,Japan,2025-06-20
13613,1448,77,Toys,324.33,1,UK,2025-03-26
13614,1332,51,Clothing,83.93,4,USA,2025-01-07
13615,1251,56,Gaming,165.63,1,Australia,2025-11-03
13616,1182,76,Clothing,275.75,5,UK,2025-12-25
13617,70,25,Electronics,168.91,3,Japan,2025-03-23
13618,1516,46,Gaming,178.14,1,UK,2025-08-05
13619,139,80,Beauty,368.27,1,Germany,2025-01-07
13620,1049,19,Books,200.1,4,Canada,2025-01-03
13621,106,7,Gaming,423.16,1,Canada,2025-04-06
13622,1515,43,Books,268.74,5,USA,2025-09-08
13623,1656,78,Clothing,182.27,2,Japan,2025-09-10
13624,824,59,Home,289.23,5,UK,2025-09-12
13625,264,2,Sports,211.8,1,Japan,2025-04-10
13626,531,63,Books,249.98,2,Australia,2025-11-28
13627,30,32,Gaming,116.08,5,UK,2025-04-10
13628,1445,34,Beauty,176.76,2,Australia,2025-08-12
13629,1012,18,Beauty,41.11,5,Germany,2025-07-18
13630,1750,24,Beauty,475.73,3,Australia,2025-09-13
13631,421,36,Gaming,480.69,1,Japan,2025-09-02
13632,11,54,Gaming,315.4,4,Germany,2025-01-25
13633,1110,54,Gaming,342.54,5,UK,2025-08-07
13634,1067,47,Books,170.13,2,Israel,2025-08-07
13635,802,14,Clothing,341.38,2,Canada,2025-05-27
13636,779,28,Clothing,368.37,3,UK,2025-02-06
13637,1445,25,Electronics,121.56,1,USA,2025-02-22
13638,952,39,Clothing,489.77,2,France,2025-11-02
13639,1201,45,Clothing,218.55,1,USA,2025-09-28
13640,899,35,Sports,409.06,3,France,2025-06-13
13641,1037,29,Toys,2.08,5,France,2025-08-12
13642,1239,59,Home,303.35,2,USA,2025-05-24
13643,60,58,Beauty,363.76,1,France,2025-03-12
13644,1622,5,Sports,360.29,3,Germany,2025-09-26
13645,650,66,Clothing,446.99,4,Australia,2025-08-07
13646,307,34,Beauty,432.21,2,Germany,2025-03-11
13647,1138,72,Electronics,68.36,4,UK,2025-01-24
13648,905,53,Sports,81.17,5,UK,2025-08-19
13649,364,63,Books,385.32,2,Japan,2025-08-24
13650,1433,30,Sports,32.89,3,Japan,2025-01-22
13651,595,20,Home,392.74,4,Australia,2025-08-23
13652,689,17,Books,395.14,3,UK,2025-05-20
13653,51,23,Home,473.48,2,Israel,2025-12-13
13654,1993,56,Gaming,253.89,5,UK,2025-09-17
13655,880,69,Sports,418.65,5,Australia,2025-01-12
13656,72,49,Beauty,135.3,3,Japan,2025-06-06
13657,1409,21,Beauty,257.82,1,USA,2025-01-11
13658,1604,69,Sports,14.66,4,USA,2025-03-19
13659,1789,29,Toys,36.67,2,UK,2025-11-12
13660,1351,22,Home,413.34,2,Germany,2025-03-21
13661,1421,80,Beauty,488.15,4,Israel,2025-02-22
13662,1901,36,Gaming,486.01,4,Israel,2025-01-01
13663,160,70,Books,46.88,2,Germany,2025-03-10
13664,363,12,Clothing,425.41,4,UK,2025-03-15
13665,140,40,Clothing,415.65,4,Australia,2025-07-17
13666,298,45,Clothing,357.15,4,Israel,2025-08-02
13667,1600,37,Gaming,317.27,1,USA,2025-09-13
13668,1809,40,Clothing,489.51,3,Australia,2025-11-12
13669,1496,54,Gaming,425.09,1,UK,2025-08-04
13670,817,19,Books,477.16,3,USA,2025-12-10
13671,1737,27,Beauty,489.77,4,Japan,2025-09-02
13672,1035,26,Gaming,398.33,5,Canada,2025-10-14
13673,1067,63,Books,463.81,5,Canada,2025-02-17
13674,1549,3,Gaming,249.32,3,Australia,2025-04-24
13675,932,14,Clothing,256.42,4,Japan,2025-12-11
13676,1259,76,Clothing,358.72,1,Australia,2025-05-13
13677,1010,1,Sports,286.75,5,Germany,2025-06-18
13678,1817,2,Sports,449.49,4,France,2025-12-10
13679,1617,19,Books,4.69,2,UK,2025-06-12
13680,917,16,Home,426.76,4,UK,2025-12-17
13681,811,52,Sports,156.23,5,Australia,2025-04-19
13682,1697,66,Clothing,192.27,5,Germany,2025-04-18
13683,1759,7,Gaming,184.81,5,Japan,2025-10-11
13684,1823,69,Sports,342.43,5,Australia,2025-06-04
13685,1737,42,Beauty,254.95,3,Australia,2025-08-26
13686,1334,28,Clothing,358.85,2,Germany,2025-03-12
13687,320,65,Sports,62.58,5,France,2025-01-21
13688,241,66,Clothing,67.5,4,USA,2025-04-23
13689,1053,47,Books,200.11,1,Israel,2025-12-16
13690,312,55,Home,131.37,3,Australia,2025-05-04
13691,1927,2,Sports,94.51,2,Australia,2025-09-17
13692,1814,72,Electronics,120.66,1,Israel,2025-11-01
13693,1708,25,Electronics,196.96,4,Japan,2025-11-15
13694,1242,47,Books,145.3,3,France,2025-07-03
13695,1867,68,Home,32.27,3,Australia,2025-12-10
13696,1419,20,Home,482.49,2,Israel,2025-05-10
13697,1629,8,Gaming,47.14,4,Germany,2025-07-04
13698,275,15,Books,383.32,1,Israel,2025-02-06
13699,1955,62,Toys,444.66,5,Canada,2025-06-13
13700,653,43,Books,404.84,4,Canada,2025-08-23
13701,713,22,Home,393.23,2,UK,2025-04-28
13702,890,39,Clothing,97.37,1,USA,2025-12-16
13703,9,13,Sports,252.33,2,Israel,2025-09-22
13704,29,12,Clothing,420.6,2,UK,2025-10-04
13705,1499,8,Gaming,298.97,3,Israel,2025-06-28
13706,119,22,Home,401.08,4,USA,2025-05-11
13707,1961,11,Toys,478.81,1,France,2025-08-14
13708,93,80,Beauty,215.19,2,Germany,2025-09-15
13709,672,43,Books,447.82,1,France,2025-10-18
13710,230,49,Beauty,177.96,2,Australia,2025-03-27
13711,688,60,Gaming,377.85,2,France,2025-11-24
13712,178,13,Sports,233.46,3,UK,2025-12-16
13713,53,55,Home,13.88,2,Germany,2025-04-11
13714,964,73,Electronics,25.7,4,France,2025-06-16
13715,607,60,Gaming,215.45,2,Australia,2025-08-21
13716,1105,78,Clothing,56.74,2,Israel,2025-12-21
13717,557,15,Books,453.51,1,Canada,2025-07-12
13718,354,56,Gaming,278.81,2,Israel,2025-08-18
13719,760,66,Clothing,473.57,1,France,2025-09-09
13720,1459,76,Clothing,79.68,5,Israel,2025-07-16
13721,650,15,Books,284.51,2,Israel,2025-04-07
13722,1039,68,Home,14.72,1,Germany,2025-05-04
13723,1165,79,Sports,422.1,4,Canada,2025-03-25
13724,643,40,Clothing,454.28,5,Canada,2025-12-14
13725,417,76,Clothing,125.28,1,Israel,2025-10-18
13726,751,58,Beauty,1.81,4,Germany,2025-04-07
13727,1334,63,Books,473.56,5,USA,2025-12-13
13728,764,61,Sports,54.19,5,Israel,2025-04-20
13729,1400,39,Clothing,132.13,5,Japan,2025-05-12
13730,1800,4,Gaming,258.37,2,UK,2025-07-05
13731,1113,54,Gaming,496.67,2,France,2025-09-25
13732,526,18,Beauty,401.78,3,France,2025-10-18
13733,697,9,Clothing,223.47,4,Canada,2025-05-24
13734,1537,19,Books,183.71,3,USA,2025-03-13
13735,753,4,Gaming,239.07,4,Canada,2025-09-26
13736,1432,70,Books,123.74,5,Australia,2025-03-21
13737,1246,7,Gaming,328.8,5,USA,2025-03-07
13738,1043,69,Sports,207.85,4,Germany,2025-09-07
13739,1049,17,Books,293.11,2,Japan,2025-12-12
13740,972,19,Books,406.25,5,USA,2025-10-22
13741,1348,64,Beauty,233.94,5,Australia,2025-04-23
13742,1194,32,Gaming,21.92,3,USA,2025-01-18
13743,1279,17,Books,76.47,5,Canada,2025-12-18
13744,432,75,Sports,369.55,2,Canada,2025-01-18
13745,1593,26,Gaming,444.47,3,Canada,2025-11-03
13746,403,52,Sports,176.51,3,Australia,2025-03-20
13747,1012,49,Beauty,76.6,3,USA,2025-02-15
13748,1288,61,Sports,459.85,3,Germany,2025-02-10
13749,752,72,Electronics,369.03,4,Australia,2025-07-23
13750,1805,60,Gaming,251.48,2,Israel,2025-08-13
13751,1160,23,Home,204.35,2,Canada,2025-01-04
13752,271,15,Books,166.82,2,Israel,2025-03-18
13753,794,70,Books,488.74,3,Germany,2025-02-07
13754,1593,61,Sports,303.62,3,UK,2025-09-05
13755,48,22,Home,403.61,5,Australia,2025-01-17
13756,909,37,Gaming,364.91,1,France,2025-01-15
13757,1116,74,Clothing,110.02,5,France,2025-10-13
13758,1179,69,Sports,492.44,5,UK,2025-07-05
13759,1713,23,Home,279.04,1,Germany,2025-05-03
13760,255,9,Clothing,45.57,2,France,2025-08-15
13761,589,68,Home,178.85,2,Japan,2025-08-25
13762,648,13,Sports,82.98,1,Germany,2025-07-10
13763,372,80,Beauty,353.91,1,France,2025-05-17
13764,644,48,Books,480.13,4,Canada,2025-08-05
13765,1622,63,Books,107.54,4,Canada,2025-12-14
13766,152,39,Clothing,469.06,3,Israel,2025-12-11
13767,1409,64,Beauty,212.42,1,Australia,2025-04-21
13768,1948,43,Books,121.9,2,USA,2025-09-07
13769,1314,13,Sports,467.3,5,Canada,2025-09-28
13770,1731,32,Gaming,485.72,3,Canada,2025-04-26
13771,6,48,Books,150.98,4,Israel,2025-03-05
13772,217,51,Clothing,82.96,5,UK,2025-08-13
13773,606,47,Books,409.04,5,Israel,2025-11-09
13774,294,78,Clothing,455.86,3,Germany,2025-02-03
13775,895,51,Clothing,147.46,1,Japan,2025-12-20
13776,959,43,Books,91.85,4,UK,2025-03-09
13777,1016,42,Beauty,110.96,2,Australia,2025-03-13
13778,60,2,Sports,352.0,2,Canada,2025-02-10
13779,1068,55,Home,360.65,2,France,2025-07-11
13780,1637,65,Sports,149.19,2,Japan,2025-05-07
13781,833,34,Beauty,83.32,3,UK,2025-04-12
13782,695,55,Home,422.15,3,Canada,2025-02-07
13783,1680,65,Sports,77.11,5,UK,2025-12-03
13784,67,77,Toys,415.24,5,UK,2025-07-16
13785,859,19,Books,148.61,2,USA,2025-05-04
13786,294,65,Sports,308.3,3,Canada,2025-10-09
13787,718,68,Home,460.87,1,Canada,2025-10-19
13788,916,80,Beauty,10.09,1,France,2025-03-20
13789,381,50,Clothing,442.7,5,Japan,2025-04-05
13790,446,47,Books,465.73,3,France,2025-09-25
13791,28,59,Home,215.37,1,UK,2025-01-28
13792,1987,21,Beauty,450.19,2,Germany,2025-12-22
13793,1020,16,Home,336.37,5,USA,2025-05-07
13794,1987,57,Beauty,146.75,5,UK,2025-02-17
13795,690,58,Beauty,199.89,2,Canada,2025-04-27
13796,1855,3,Gaming,426.58,4,Japan,2025-11-16
13797,306,23,Home,216.28,5,Canada,2025-12-21
13798,1518,66,Clothing,260.79,1,UK,2025-11-16
13799,1546,16,Home,360.59,4,Germany,2025-07-03
13800,137,41,Clothing,401.51,2,Australia,2025-07-13
13801,1561,42,Beauty,158.37,5,Japan,2025-06-05
13802,742,70,Books,178.52,2,Japan,2025-05-22
13803,830,7,Gaming,298.32,4,France,2025-02-17
13804,98,16,Home,295.41,4,Canada,2025-06-20
13805,366,8,Gaming,94.51,1,USA,2025-04-24
13806,248,12,Clothing,360.3,2,Canada,2025-09-26
13807,526,18,Beauty,108.53,2,France,2025-07-08
13808,15,76,Clothing,98.68,1,Israel,2025-02-20
13809,1984,10,Beauty,188.63,3,Canada,2025-05-24
13810,849,52,Sports,232.24,4,Germany,2025-12-14
13811,1113,77,Toys,173.76,2,France,2025-12-07
13812,1015,59,Home,275.32,4,USA,2025-12-12
13813,1103,64,Beauty,257.91,5,Canada,2025-07-09
13814,928,74,Clothing,333.44,5,Japan,2025-07-22
13815,321,16,Home,400.53,3,Germany,2025-10-04
13816,305,52,Sports,219.41,4,Israel,2025-11-26
13817,1215,39,Clothing,204.06,2,USA,2025-07-22
13818,455,33,Toys,73.1,1,Germany,2025-03-10
13819,1129,28,Clothing,471.01,3,Canada,2025-07-09
13820,1080,8,Gaming,298.53,5,Israel,2025-09-25
13821,564,5,Sports,76.63,1,Australia,2025-08-27
13822,1016,73,Electronics,320.61,5,USA,2025-06-27
13823,1432,12,Clothing,30.91,3,Canada,2025-12-28
13824,840,68,Home,222.05,2,Germany,2025-01-21
13825,550,59,Home,54.0,5,Japan,2025-07-11
13826,1226,25,Electronics,152.92,1,Japan,2025-07-11
13827,1925,36,Gaming,342.17,4,Japan,2025-11-20
13828,367,12,Clothing,14.06,3,USA,2025-11-15
13829,588,65,Sports,310.3,1,UK,2025-06-08
13830,371,20,Home,238.42,4,Japan,2025-01-19
13831,602,53,Sports,323.43,2,Israel,2025-02-28
13832,1679,1,Sports,349.05,1,Australia,2025-06-03
13833,1170,77,Toys,434.63,1,Germany,2025-08-20
13834,1132,24,Beauty,229.46,2,France,2025-09-17
13835,323,39,Clothing,3.91,4,Germany,2025-09-12
13836,120,59,Home,355.96,5,Australia,2025-01-28
13837,660,13,Sports,278.34,5,France,2025-02-08
13838,98,41,Clothing,472.46,3,UK,2025-07-15
13839,126,13,Sports,373.54,1,Australia,2025-11-08
13840,113,47,Books,218.57,1,Germany,2025-05-11
13841,1874,8,Gaming,342.34,5,USA,2025-12-04
13842,849,26,Gaming,4.71,5,Canada,2025-08-20
13843,58,68,Home,262.88,4,UK,2025-09-10
13844,365,26,Gaming,63.07,4,USA,2025-12-13
13845,1500,32,Gaming,60.58,1,Israel,2025-08-07
13846,505,5,Sports,36.87,4,France,2025-07-08
13847,1769,35,Sports,307.55,5,Australia,2025-05-17
13848,519,68,Home,118.72,3,UK,2025-01-28
13849,565,66,Clothing,80.83,4,Germany,2025-09-10
13850,234,77,Toys,68.93,2,Germany,2025-10-10
13851,512,44,Beauty,305.05,2,Germany,2025-07-26
13852,185,46,Gaming,64.22,2,Germany,2025-04-23
13853,898,51,Clothing,447.89,3,Japan,2025-01-26
13854,761,50,Clothing,279.89,1,Australia,2025-01-27
13855,596,73,Electronics,195.0,1,Canada,2025-11-12
13856,1806,67,Gaming,266.09,5,USA,2025-06-12
13857,1673,20,Home,358.45,1,Canada,2025-12-08
13858,11,45,Clothing,64.76,4,Canada,2025-07-18
13859,972,79,Sports,160.29,1,Germany,2025-09-09
13860,853,10,Beauty,323.81,1,UK,2025-11-10
13861,276,79,Sports,473.35,2,Canada,2025-10-22
13862,1591,47,Books,384.03,2,UK,2025-10-15
13863,1955,63,Books,339.06,4,Israel,2025-08-16
13864,1902,50,Clothing,400.6,5,Japan,2025-10-13
13865,1229,7,Gaming,113.07,3,Canada,2025-07-04
13866,709,37,Gaming,92.5,5,France,2025-03-22
13867,1012,15,Books,405.76,1,Japan,2025-07-10
13868,28,20,Home,315.21,3,Germany,2025-04-27
13869,1953,44,Beauty,462.89,5,Germany,2025-10-13
13870,819,71,Clothing,474.53,2,Israel,2025-11-27
13871,990,36,Gaming,311.54,4,Canada,2025-02-27
13872,1283,52,Sports,217.73,4,USA,2025-01-02
13873,1951,36,Gaming,317.63,3,USA,2025-05-09
13874,412,20,Home,25.56,4,UK,2025-07-25
13875,47,43,Books,279.56,2,Germany,2025-01-04
13876,1625,48,Books,441.49,4,Israel,2025-12-07
13877,695,18,Beauty,206.59,2,USA,2025-11-07
13878,928,71,Clothing,331.13,4,Japan,2025-01-04
13879,218,43,Books,211.81,5,Israel,2025-07-17
13880,1959,78,Clothing,265.77,4,Japan,2025-03-26
13881,1869,3,Gaming,185.99,2,Canada,2025-02-14
13882,1057,68,Home,12.6,3,Germany,2025-08-16
13883,1299,21,Beauty,491.0,2,Canada,2025-11-02
13884,327,50,Clothing,351.32,4,USA,2025-08-24
13885,678,27,Beauty,439.05,5,Canada,2025-04-18
13886,514,43,Books,285.45,5,Australia,2025-11-02
13887,143,3,Gaming,268.86,2,UK,2025-02-10
13888,1525,37,Gaming,66.6,1,Canada,2025-08-03
13889,1639,76,Clothing,267.77,3,Germany,2025-10-05
13890,1607,68,Home,78.82,1,Japan,2025-01-16
13891,1175,59,Home,172.43,4,Australia,2025-11-28
13892,1055,14,Clothing,202.13,1,Canada,2025-12-02
13893,1002,31,Clothing,473.48,2,Germany,2025-07-12
13894,474,33,Toys,33.46,1,France,2025-10-10
13895,132,77,Toys,20.24,2,Japan,2025-01-03
13896,406,13,Sports,323.1,2,Israel,2025-06-07
13897,1626,8,Gaming,99.41,2,Japan,2025-01-25
13898,1202,46,Gaming,356.5,5,Australia,2025-12-01
13899,529,48,Books,496.17,5,USA,2025-05-16
13900,669,26,Gaming,69.79,1,UK,2025-12-10
13901,132,37,Gaming,427.53,1,USA,2025-12-24
13902,1739,36,Gaming,198.84,2,Israel,2025-07-04
13903,813,41,Clothing,422.58,4,Australia,2025-04-05
13904,183,58,Beauty,233.27,5,Japan,2025-01-09
13905,1285,31,Clothing,159.5,3,USA,2025-12-04
13906,1586,1,Sports,106.7,2,USA,2025-01-07
13907,264,52,Sports,160.43,4,Israel,2025-05-13
13908,490,58,Beauty,313.55,2,Australia,2025-10-12
13909,2000,24,Beauty,136.76,2,Israel,2025-11-24
13910,935,32,Gaming,131.16,2,Canada,2025-02-10
13911,739,40,Clothing,396.96,2,France,2025-12-23
13912,1776,66,Clothing,17.58,5,Germany,2025-09-20
13913,1511,43,Books,37.16,5,Australia,2025-04-16
13914,1179,7,Gaming,305.74,2,Japan,2025-12-24
13915,1714,38,Clothing,7.94,4,Australia,2025-03-05
13916,1698,3,Gaming,340.8,5,Germany,2025-12-26
13917,1599,30,Sports,449.59,2,Germany,2025-09-19
13918,1809,68,Home,18.25,1,France,2025-11-06
13919,811,42,Beauty,395.28,2,UK,2025-05-04
13920,29,8,Gaming,428.25,5,France,2025-07-06
13921,1935,2,Sports,316.03,2,Israel,2025-09-12
13922,1311,31,Clothing,223.84,2,Australia,2025-02-19
13923,1238,56,Gaming,234.77,1,UK,2025-01-27
13924,367,24,Beauty,326.98,3,Australia,2025-05-21
13925,46,17,Books,246.95,4,Israel,2025-06-07
13926,1564,42,Beauty,48.18,4,Australia,2025-12-24
13927,349,80,Beauty,249.5,2,UK,2025-11-22
13928,936,18,Beauty,115.39,4,USA,2025-03-10
13929,617,31,Clothing,332.18,1,France,2025-08-23
13930,1041,19,Books,5.11,1,UK,2025-08-14
13931,1418,10,Beauty,217.64,2,Japan,2025-06-24
13932,1771,31,Clothing,91.82,2,Japan,2025-05-02
13933,1244,42,Beauty,119.91,2,UK,2025-07-03
13934,1978,64,Beauty,458.67,4,USA,2025-08-24
13935,493,74,Clothing,147.31,1,Australia,2025-11-07
13936,588,18,Beauty,333.16,3,Japan,2025-02-13
13937,1590,9,Clothing,56.96,2,Germany,2025-08-15
13938,803,65,Sports,424.66,4,Israel,2025-05-28
13939,357,76,Clothing,135.54,5,Germany,2025-08-14
13940,1745,27,Beauty,435.54,2,France,2025-03-02
13941,1352,48,Books,310.18,3,France,2025-05-10
13942,77,2,Sports,448.9,1,USA,2025-01-26
13943,1924,41,Clothing,229.64,1,Australia,2025-05-21
13944,834,31,Clothing,146.49,5,Germany,2025-08-27
13945,1156,9,Clothing,9.52,5,Japan,2025-12-19
13946,280,22,Home,105.66,1,Australia,2025-03-15
13947,1630,48,Books,192.66,2,France,2025-11-03
13948,59,18,Beauty,387.74,2,France,2025-05-23
13949,1823,12,Clothing,104.13,1,Australia,2025-11-17
13950,1560,60,Gaming,41.07,3,Israel,2025-10-21
13951,167,45,Clothing,418.08,1,France,2025-07-25
13952,454,77,Toys,353.97,1,USA,2025-10-22
13953,1872,39,Clothing,214.75,3,Canada,2025-02-04
13954,1650,45,Clothing,84.5,4,UK,2025-02-05
13955,217,37,Gaming,360.71,3,USA,2025-06-25
13956,612,23,Home,413.29,1,USA,2025-08-13
13957,961,70,Books,7.82,2,Germany,2025-11-27
13958,1101,75,Sports,121.99,4,Germany,2025-05-19
13959,1550,39,Clothing,209.02,2,Israel,2025-08-19
13960,419,80,Beauty,35.96,4,Canada,2025-05-20
13961,1083,61,Sports,344.63,2,USA,2025-08-18
13962,708,19,Books,288.38,4,UK,2025-06-26
13963,336,12,Clothing,190.39,2,Australia,2025-12-24
13964,278,80,Beauty,not-a-price,4,France,2025-09-06
13965,648,64,Beauty,207.4,4,France,2025-07-12
13966,796,33,Toys,333.34,4,USA,2025-03-01
13967,1927,57,Beauty,324.82,3,UK,2025-04-25
13968,1484,1,Sports,144.75,1,USA,2025-02-28
13969,1762,8,Gaming,386.13,3,France,2025-03-10
13970,1158,1,Sports,271.07,2,Australia,2025-10-24
13971,774,3,Gaming,421.65,5,USA,2025-03-27
13972,945,45,Clothing,330.74,1,Australia,2025-01-18
13973,42,66,Clothing,294.14,4,Canada,2025-04-16
13974,443,68,Home,306.19,5,France,2025-11-15
13975,606,25,Electronics,355.11,3,Israel,2025-04-10
13976,566,16,Home,84.76,1,France,2025-03-04
13977,1006,17,Books,194.11,2,Australia,2025-05-13
13978,848,38,Clothing,461.58,5,Japan,2025-06-21
13979,1426,70,Books,471.58,2,Japan,2025-08-25
13980,1790,56,Gaming,432.72,3,Australia,2025-01-15
13981,692,74,Clothing,488.37,3,France,2025-03-15
13982,1620,54,Gaming,419.82,4,Australia,2025-05-28
13983,1229,71,Clothing,153.81,1,France,2025-09-24
13984,611,20,Home,365.93,3,Japan,2025-07-10
13985,715,35,Sports,379.15,2,Japan,2025-11-05
13986,767,21,Beauty,108.99,4,Japan,2025-10-04
13987,3,12,Clothing,348.77,3,USA,2025-08-23
13988,1372,70,Books,267.18,1,Canada,2025-01-10
13989,638,51,Clothing,479.96,4,USA,2025-11-25
13990,1284,71,Clothing,399.47,2,Japan,2025-05-28
13991,1027,54,Gaming,251.6,2,Canada,2025-05-12
13992,552,19,Books,315.81,5,Japan,2025-12-23
13993,129,54,Gaming,122.15,2,Israel,2025-10-26
13994,1808,79,Sports,154.35,2,Canada,2025-01-23
13995,1015,40,Clothing,331.58,4,France,2025-12-24
13996,1039,79,Sports,361.58,2,Israel,2025-07-24
13997,82,72,Electronics,111.85,4,Germany,2025-02-23
13998,584,5,Sports,121.19,4,Japan,2025-10-16
13999,930,8,Gaming,210.94,3,Japan,2025-11-26
14000,1671,20,Home,85.34,2,Japan,2025-08-06
14001,1097,39,Clothing,364.76,2,USA,2025-06-14
14002,1134,49,Beauty,178.06,5,Germany,2025-01-26
14003,512,45,Clothing,472.41,1,USA,2025-04-14
14004,973,74,Clothing,27.32,2,Canada,2025-07-17
14005,39,35,Sports,17.27,4,Canada,2025-10-01
14006,1739,14,Clothing,79.77,1,USA,2025-04-16
14007,777,64,Beauty,439.38,1,Australia,2025-09-26
14008,103,45,Clothing,290.45,4,France,2025-11-28
14009,1530,47,Books,412.45,4,Japan,2025-08-08
14010,1782,42,Beauty,260.37,3,UK,2025-05-13
14011,462,60,Gaming,202.47,4,Israel,2025-03-04
14012,600,59,Home,385.29,1,Australia,2025-05-25
14013,583,14,Clothing,245.53,4,Canada,2025-02-20
14014,940,2,Sports,332.65,2,France,2025-04-04
14015,233,15,Books,286.11,5,Canada,2025-09-06
14016,1212,69,Sports,315.27,4,Australia,2025-07-27
14017,1950,40,Clothing,39.48,1,UK,2025-09-25
14018,117,8,Gaming,200.04,3,Japan,2025-12-09
14019,1729,57,Beauty,251.78,4,Germany,2025-12-16
14020,1511,43,Books,85.53,3,Germany,2025-02-14
14021,1817,37,Gaming,207.37,2,USA,2025-09-21
14022,533,31,Clothing,206.19,1,France,2025-12-10
14023,132,10,Beauty,275.27,1,USA,2025-11-16
14024,1017,34,Beauty,339.13,3,France,2025-09-09
14025,524,30,Sports,9.94,5,USA,2025-03-02
14026,535,10,Beauty,435.83,1,France,2025-11-07
14027,730,38,Clothing,329.11,4,Japan,2025-06-21
14028,220,47,Books,322.53,2,Canada,2025-07-03
14029,486,49,Beauty,401.96,4,Japan,2025-05-19
14030,1155,66,Clothing,177.62,5,Germany,2025-09-17
14031,1208,2,Sports,486.25,2,France,2025-12-03
14032,1412,11,Toys,298.17,5,Canada,2025-02-01
14033,1006,27,Beauty,42.6,1,Canada,2025-06-15
14034,1785,47,Books,158.61,1,Germany,2025-09-06
14035,954,5,Sports,103.55,5,France,2025-10-04
14036,606,46,Gaming,443.33,1,Australia,2025-12-09
14037,1463,77,Toys,25.22,2,France,2025-08-16
14038,1940,43,Books,484.49,5,Canada,2025-03-11
14039,1160,42,Beauty,189.74,3,Australia,2025-11-10
14040,1425,70,Books,95.22,3,Canada,2025-10-25
14041,1500,57,Beauty,357.36,5,Germany,2025-07-16
14042,1895,20,Home,202.06,5,Canada,2025-01-12
14043,1889,26,Gaming,175.74,2,France,2025-12-18
14044,1296,47,Books,1.54,3,Australia,2025-09-28
14045,228,4,Gaming,152.97,5,Israel,2025-01-03
14046,1523,73,Electronics,120.31,4,Israel,2025-04-03
14047,898,67,Gaming,480.28,2,USA,2025-03-11
14048,1829,10,Beauty,7.37,2,USA,2025-10-20
14049,1103,35,Sports,92.32,5,Israel,2025-06-23
14050,14,41,Clothing,461.39,2,Australia,2025-10-17
14051,480,22,Home,351.07,5,Canada,2025-06-12
14052,1191,39,Clothing,280.9,2,Australia,2025-03-06
14053,1174,31,Clothing,361.01,4,USA,2025-03-18
14054,1693,8,Gaming,498.94,2,Japan,2025-03-23
14055,1481,50,Clothing,293.65,2,USA,2025-07-28
14056,580,77,Toys,365.2,5,Japan,2025-06-01
14057,1118,35,Sports,475.98,1,Canada,2025-04-19
14058,442,76,Clothing,176.64,4,Japan,2025-01-09
14059,1495,75,Sports,136.32,2,UK,2025-06-25
14060,455,79,Sports,432.97,3,France,2025-11-02
14061,1685,43,Books,222.29,1,Germany,2025-08-21
14062,926,58,Beauty,230.66,5,USA,2025-10-22
14063,652,55,Home,274.29,2,Canada,2025-11-28
14064,675,69,Sports,201.7,2,UK,2025-10-20
14065,195,4,Gaming,304.94,4,Israel,2025-09-06
14066,1592,59,Home,61.11,2,Canada,2025-06-25
14067,1622,61,Sports,19.58,1,UK,2025-03-02
14068,917,59,Home,464.19,1,Australia,2025-04-25
14069,633,32,Gaming,279.66,3,Canada,2025-10-28
14070,1956,42,Beauty,13.18,5,Japan,2025-07-05
14071,747,7,Gaming,140.69,4,France,2025-12-18
14072,1621,11,Toys,182.41,1,USA,2025-01-15
14073,1893,33,Toys,344.15,2,France,2025-02-07
14074,1780,5,Sports,390.48,2,France,2025-03-09
14075,206,47,Books,221.5,3,Japan,2025-08-20
14076,1173,35,Sports,478.19,2,USA,2025-04-12
14077,1196,26,Gaming,211.84,1,Japan,2025-12-04
14078,1721,41,Clothing,337.99,1,France,2025-01-01
14079,392,34,Beauty,271.27,2,Canada,2025-12-23
14080,1937,34,Beauty,283.18,5,Israel,2025-04-06
14081,1742,51,Clothing,457.65,2,Germany,2025-03-03
14082,187,24,Beauty,270.36,4,Japan,2025-06-19
14083,1264,65,Sports,217.94,4,USA,2025-10-07
14084,141,60,Gaming,175.25,2,Germany,2025-10-10
14085,1974,51,Clothing,18.79,5,Canada,2025-05-25
14086,860,5,Sports,286.64,1,UK,2025-03-26
14087,851,76,Clothing,394.32,5,Canada,2025-01-24
14088,153,52,Sports,271.7,2,Germany,2025-10-21
14089,1302,22,Home,348.2,4,Israel,2025-06-10
14090,1769,35,Sports,431.29,4,USA,2025-05-22
14091,1643,72,Electronics,462.96,3,Israel,2025-05-20
14092,1359,62,Toys,240.34,2,Israel,2025-01-06
14093,734,70,Books,197.28,4,Canada,2025-03-12
14094,201,27,Beauty,327.07,4,Germany,2025-04-01
14095,572,40,Clothing,366.02,1,Australia,2025-09-20
14096,515,69,Sports,195.57,1,UK,2025-06-12
14097,1750,35,Sports,438.4,3,UK,2025-04-06
14098,875,5,Sports,48.66,3,France,2025-12-22
14099,130,5,Sports,380.37,1,Canada,2025-06-04
14100,1266,80,Beauty,389.97,4,Canada,2025-11-06
14101,1070,77,Toys,495.69,1,Israel,2025-04-18
14102,763,75,Sports,168.97,4,Japan,2025-08-25
14103,1796,71,Clothing,161.54,1,UK,2025-07-17
14104,1859,12,Clothing,200.65,1,France,2025-02-01
14105,1157,54,Gaming,49.13,1,France,2025-02-18
14106,989,11,Toys,165.91,1,Japan,2025-01-14
14107,1011,26,Gaming,290.45,1,USA,2025-01-14
14108,1672,6,Toys,449.85,5,Australia,2025-10-24
14109,207,50,Clothing,454.17,3,UK,2025-04-18
14110,688,20,Home,326.82,1,Canada,2025-04-01
14111,1179,28,Clothing,320.73,4,Australia,2025-02-11
14112,1661,16,Home,126.03,5,Canada,2025-09-28
14113,44,40,Clothing,136.34,2,Japan,2025-05-04
14114,1532,5,Sports,476.04,2,Canada,2025-02-24
14115,624,44,Beauty,92.67,1,Japan,2025-08-07
14116,440,41,Clothing,481.13,4,Australia,2025-09-04
14117,88,48,Books,71.64,2,Israel,2025-11-14
14118,1876,51,Clothing,196.04,2,Australia,2025-01-20
14119,1058,42,Beauty,223.06,3,Canada,2025-05-11
14120,759,71,Clothing,444.67,4,USA,2025-05-05
14121,133,5,Sports,7.66,1,USA,2025-03-15
14122,1332,33,Toys,293.17,3,Germany,2025-06-25
14123,1609,11,Toys,125.13,1,USA,2025-01-24
14124,757,30,Sports,89.71,1,Japan,2025-03-14
14125,978,50,Clothing,63.42,1,Germany,2025-10-17
14126,755,39,Clothing,43.45,3,Australia,2025-02-14
14127,201,3,Gaming,173.63,4,Israel,2025-09-08
14128,1733,40,Clothing,255.66,1,Canada,2025-05-01
14129,1287,23,Home,20.29,3,USA,2025-04-08
14130,1377,45,Clothing,199.91,1,Israel,2025-12-23
14131,1822,59,Home,265.53,5,Israel,2025-03-21
14132,1188,13,Sports,171.88,4,France,2025-05-11
14133,6,2,Sports,300.28,2,Israel,2025-03-01
14134,394,31,Clothing,465.98,5,USA,2025-10-25
14135,961,74,Clothing,433.41,1,Germany,2025-09-20
14136,266,25,Electronics,134.68,4,Japan,2025-11-20
14137,1291,55,Home,430.09,2,Israel,2025-10-28
14138,193,8,Gaming,481.58,4,Germany,2025-05-20
14139,577,45,Clothing,448.6,5,Israel,2025-05-15
14140,1321,74,Clothing,494.19,4,USA,2025-11-20
14141,1340,43,Books,134.39,2,Australia,2025-07-14
14142,1830,25,Electronics,481.29,5,Japan,2025-07-20
14143,1610,17,Books,431.3,4,France,2025-11-11
14144,1484,49,Beauty,309.09,2,Germany,2025-09-27
14145,1033,2,Sports,159.87,1,Germany,2025-06-07
14146,1440,49,Beauty,68.55,5,UK,2025-04-07
14147,1905,6,Toys,411.29,5,USA,2025-04-06
14148,1929,14,Clothing,103.46,2,Australia,2025-03-06
14149,1677,70,Books,450.34,5,Japan,2025-06-28
14150,1763,51,Clothing,29.76,1,UK,2025-08-24
14151,1077,11,Toys,23.31,3,Australia,2025-11-14
14152,287,38,Clothing,217.67,5,France,2025-07-06
14153,1211,17,Books,377.44,5,Germany,2025-05-13
14154,1370,21,Beauty,331.46,5,Japan,2025-08-19
14155,1711,70,Books,94.31,1,USA,2025-08-27
14156,1016,78,Clothing,202.31,2,Canada,2025-12-07
14157,1665,32,Gaming,418.2,2,Germany,2025-06-24
14158,1277,77,Toys,316.99,2,Israel,2025-10-22
14159,802,42,Beauty,298.15,2,Japan,2025-06-04
14160,1144,15,Books,150.97,1,Canada,2025-11-26
14161,823,63,Books,-37.85,2,UK,2025-08-26
14162,675,44,Beauty,91.0,5,Japan,2025-05-08
14163,1157,43,Books,39.52,1,Israel,2025-02-08
14164,923,12,Clothing,329.62,5,Germany,2025-06-05
14165,438,64,Beauty,144.88,5,USA,2025-10-18
14166,1917,33,Toys,444.57,2,USA,2025-10-27
14167,1135,66,Clothing,80.1,4,Israel,2025-07-11
14168,1776,11,Toys,430.11,1,Canada,2025-08-07
14169,1910,8,Gaming,462.98,3,Canada,2025-07-01
14170,826,33,Toys,497.92,2,Germany,2025-02-18
14171,1312,23,Home,379.84,2,USA,2025-07-25
14172,918,71,Clothing,361.93,5,Japan,2025-10-07
14173,1257,52,Sports,119.33,5,USA,2025-03-27
14174,1534,44,Beauty,252.93,1,Germany,2025-01-24
14175,399,69,Sports,478.75,2,UK,2025-03-06
14176,1143,12,Clothing,225.35,3,Japan,2025-11-21
14177,1017,37,Gaming,355.82,3,Canada,2025-03-12
14178,781,56,Gaming,316.39,2,Germany,2025-09-25
14179,1156,18,Beauty,443.18,5,UK,2025-04-22
14180,1844,32,Gaming,64.07,1,UK,2025-04-03
14181,1965,68,Home,214.39,2,Australia,2025-08-26
14182,927,9,Clothing,8.13,1,Australia,2025-03-05
14183,361,28,Clothing,288.07,5,Australia,2025-08-05
14184,1389,1,Sports,332.39,2,UK,2025-08-25
14185,512,71,Clothing,279.3,5,USA,2025-09-09
14186,1709,28,Clothing,478.5,2,Canada,2025-04-28
14187,1865,77,Toys,265.67,2,France,2025-05-25
14188,611,9,Clothing,397.37,2,Australia,2025-09-23
14189,223,10,Beauty,456.29,3,Canada,2025-04-08
14190,210,22,Home,373.32,1,Germany,2025-09-18
14191,130,8,Gaming,137.36,1,Canada,2025-03-13
14192,1307,77,Toys,279.27,4,Canada,2025-04-24
14193,761,38,Clothing,219.92,3,Germany,2025-01-27
14194,1725,41,Clothing,26.21,5,Israel,2025-03-14
14195,1956,25,Electronics,85.62,4,Israel,2025-06-25
14196,1275,41,Clothing,360.72,2,Japan,2025-01-11
14197,1487,29,Toys,398.61,1,USA,2025-05-01
14198,1244,15,Books,356.74,5,UK,2025-11-01
14199,401,56,Gaming,249.29,2,UK,2025-05-18
14200,1243,53,Sports,179.44,4,Israel,2025-08-18
14201,1939,27,Beauty,213.07,1,Israel,2025-12-17
14202,1760,29,Toys,397.19,2,USA,2025-10-09
14203,1452,38,Clothing,not-a-price,2,Japan,2025-01-03
14204,915,3,Gaming,311.75,1,Germany,2025-11-08
14205,199,32,Gaming,434.11,3,UK,2025-06-15
14206,993,32,Gaming,154.84,3,USA,2025-02-25
14207,1998,13,Sports,178.65,4,Australia,2025-11-26
14208,894,48,Books,68.8,5,Japan,2025-03-11
14209,303,38,Clothing,159.5,3,Canada,2025-10-05
14210,659,2,Sports,397.87,2,Israel,2025-03-18
14211,324,39,Clothing,143.63,2,Japan,2025-07-11
14212,1180,65,Sports,493.18,3,France,2025-09-15
14213,511,14,Clothing,303.13,4,UK,2025-07-09
14214,775,26,Gaming,243.23,1,Israel,2025-05-01
14215,585,39,Clothing,130.94,3,Canada,2025-02-22
14216,1116,41,Clothing,107.78,3,Canada,2025-01-11
14217,1482,34,Beauty,464.44,4,UK,2025-01-27
14218,1081,31,Clothing,152.01,1,Japan,2025-08-27
14219,1461,64,Beauty,364.72,1,Germany,2025-04-07
14220,728,79,Sports,319.96,1,Japan,2025-07-19
14221,1726,14,Clothing,196.43,3,Canada,2025-09-26
14222,1135,7,Gaming,494.57,1,Israel,2025-10-26
14223,699,9,Clothing,177.36,2,Canada,2025-12-10
14224,1124,42,Beauty,162.19,4,Canada,2025-12-15
14225,516,48,Books,334.46,2,Germany,2025-11-24
14226,426,59,Home,259.99,1,Australia,2025-04-15
14227,744,24,Beauty,333.92,4,USA,2025-08-26
14228,1724,68,Home,309.59,1,UK,2025-07-20
14229,45,9,Clothing,9.66,2,Israel,2025-10-21
14230,1301,5,Sports,250.19,3,USA,2025-08-18
14231,419,23,Home,320.93,5,Japan,2025-01-03
14232,1865,9,Clothing,172.69,3,Australia,2025-11-17
14233,1061,60,Gaming,407.71,1,Germany,2025-09-22
14234,1124,51,Clothing,481.34,1,UK,2025-06-04
14235,670,65,Sports,241.5,5,France,2025-01-08
14236,925,7,Gaming,354.17,5,Australia,2025-10-14
14237,1956,76,Clothing,125.22,4,USA,2025-06-27
14238,6,20,Home,438.14,4,Canada,2025-12-16
14239,947,20,Home,457.09,5,Germany,2025-10-08
14240,1889,61,Sports,303.78,5,Japan,2025-05-12
14241,872,16,Home,225.86,4,France,2025-12-05
14242,226,71,Clothing,13.19,4,France,2025-04-25
14243,823,78,Clothing,393.37,3,Germany,2025-10-17
14244,1982,78,Clothing,420.16,1,USA,2025-08-27
14245,795,47,Books,68.07,2,Israel,2025-10-05
14246,605,49,Beauty,328.34,4,Japan,2025-03-01
14247,122,33,Toys,44.64,5,Canada,2025-06-15
14248,529,13,Sports,290.54,3,France,2025-08-06
14249,115,54,Gaming,377.84,1,Australia,2025-03-10
14250,242,69,Sports,212.79,4,Australia,2025-10-05
14251,69,48,Books,176.36,5,USA,2025-01-25
14252,1796,79,Sports,88.17,5,Israel,2025-09-26
14253,1196,78,Clothing,151.75,5,France,2025-01-06
14254,1880,75,Sports,353.84,5,USA,2025-01-10
14255,1962,1,Sports,496.4,4,USA,2025-08-08
14256,1836,30,Sports,483.8,1,Japan,2025-11-14
14257,1152,40,Clothing,52.23,2,Canada,2025-12-13
14258,1999,11,Toys,167.6,2,France,2025-08-05
14259,1943,75,Sports,161.46,1,Germany,2025-05-18
14260,1893,18,Beauty,186.06,2,Australia,2025-10-04
14261,559,19,Books,214.18,4,Germany,2025-05-19
14262,1027,49,Beauty,61.37,5,Canada,2025-02-12
14263,1634,55,Home,428.46,4,Germany,2025-06-28
14264,1991,71,Clothing,424.54,3,Canada,2025-08-18
14265,518,18,Beauty,128.39,5,USA,2025-01-26
14266,1783,41,Clothing,186.39,3,Germany,2025-06-06
14267,1102,65,Sports,40.99,1,France,2025-01-27
14268,1060,28,Clothing,412.17,5,Israel,2025-03-14
14269,1420,57,Beauty,146.81,4,Germany,2025-06-10
14270,346,1,Sports,338.63,5,Australia,2025-12-17
14271,1572,53,Sports,478.63,1,Japan,2025-11-07
14272,759,63,Books,383.81,4,France,2025-02-26
14273,863,30,Sports,105.19,5,UK,2025-02-18
14274,853,59,Home,465.2,2,USA,2025-07-23
14275,1114,52,Sports,190.93,1,USA,2025-02-14
14276,1237,3,Gaming,443.64,5,France,2025-02-03
14277,1547,10,Beauty,59.27,1,Canada,2025-05-13
14278,1403,58,Beauty,228.99,3,France,2025-10-12
14279,1248,78,Clothing,98.55,2,UK,2025-09-17
14280,31,44,Beauty,451.21,1,Germany,2025-03-18
14281,1779,6,Toys,244.82,3,USA,2025-09-06
14282,359,17,Books,271.18,4,USA,2025-08-22
14283,813,7,Gaming,303.08,2,France,2025-08-03
14284,606,32,Gaming,173.19,5,UK,2025-02-17
14285,1141,32,Gaming,42.56,3,Israel,2025-01-27
14286,320,9,Clothing,225.61,4,Israel,2025-02-01
14287,854,4,Gaming,285.55,3,USA,2025-07-23
14288,86,53,Sports,363.0,5,Japan,2025-01-10
14289,170,38,Clothing,474.22,2,Germany,2025-08-15
14290,40,26,Gaming,117.78,1,Japan,2025-05-26
14291,1766,61,Sports,133.65,2,Japan,2025-09-13
14292,259,39,Clothing,331.56,5,France,2025-12-21
14293,932,55,Home,117.38,2,UK,2025-04-07
14294,1464,15,Books,109.92,1,Japan,2025-02-04
14295,1574,58,Beauty,397.24,2,Canada,2025-06-21
14296,878,49,Beauty,391.27,2,Japan,2025-08-16
14297,654,22,Home,186.02,4,Canada,2025-05-15
14298,517,36,Gaming,48.54,4,Israel,2025-07-01
14299,871,40,Clothing,54.48,2,Canada,2025-03-19
14300,1176,32,Gaming,386.81,2,UK,2025-12-21
14301,862,24,Beauty,81.17,5,France,2025-06-06
14302,878,56,Gaming,482.34,4,Japan,2025-01-09
14303,530,18,Beauty,270.45,4,Australia,2025-07-25
14304,1197,37,Gaming,247.65,4,Germany,2025-02-12
14305,133,50,Clothing,211.96,3,Australia,2025-04-25
14306,1484,45,Clothing,245.66,4,Canada,2025-02-27
14307,1150,26,Gaming,216.01,3,USA,2025-05-07
14308,1010,17,Books,216.98,1,Australia,2025-12-08
14309,1453,14,Clothing,90.06,5,UK,2025-04-28
14310,1024,69,Sports,291.36,4,USA,2025-02-10
14311,1242,31,Clothing,28.84,1,Germany,2025-02-17
14312,807,72,Electronics,65.62,5,Germany,2025-05-22
14313,746,5,Sports,382.29,3,Canada,2025-03-21
14314,7,52,Sports,324.05,5,Israel,2025-04-17
14315,1166,54,Gaming,249.66,1,Australia,2025-06-04
14316,1814,48,Books,201.75,2,Germany,2025-10-18
14317,1113,35,Sports,441.61,2,France,2025-05-02
14318,840,18,Beauty,257.46,1,France,2025-03-18
14319,1182,67,Gaming,68.52,4,Canada,2025-07-12
14320,1761,33,Toys,165.36,3,Canada,2025-03-15
14321,1716,72,Electronics,181.61,2,UK,2025-04-18
14322,52,39,Clothing,283.49,1,Canada,2025-07-06
14323,311,14,Clothing,65.32,2,Israel,2025-07-24
14324,855,53,Sports,491.38,3,Israel,2025-10-10
14325,1547,35,Sports,147.14,3,Israel,2025-07-04
14326,597,15,Books,256.58,2,Israel,2025-11-11
14327,367,64,Beauty,342.36,5,Japan,2025-12-14
14328,1727,71,Clothing,421.68,3,UK,2025-08-23
14329,859,7,Gaming,156.06,5,Canada,2025-06-07
14330,159,69,Sports,228.19,2,Israel,2025-06-12
14331,1256,21,Beauty,427.97,1,Australia,2025-04-21
14332,891,5,Sports,335.77,5,Australia,2025-04-06
14333,123,39,Clothing,494.13,5,Japan,2025-02-23
14334,1410,42,Beauty,310.02,2,UK,2025-12-12
14335,1325,74,Clothing,184.82,4,Japan,2025-12-10
14336,1670,31,Clothing,180.5,4,France,2025-01-27
14337,1514,75,Sports,354.92,5,Australia,2025-03-02
14338,934,29,Toys,79.78,4,Israel,2025-07-23
14339,323,62,Toys,126.76,3,Japan,2025-02-24
14340,693,23,Home,477.53,4,Israel,2025-09-26
14341,706,26,Gaming,462.81,1,Japan,2025-07-20
14342,924,2,Sports,480.98,5,France,2025-12-18
14343,1401,3,Gaming,43.59,1,Australia,2025-09-14
14344,921,32,Gaming,292.83,4,UK,2025-05-07
14345,263,64,Beauty,197.97,4,Israel,2025-10-13
14346,995,61,Sports,135.55,5,Australia,2025-05-11
14347,616,75,Sports,147.07,5,Israel,2025-09-20
14348,971,49,Beauty,260.51,3,Japan,2025-02-22
14349,1624,39,Clothing,427.0,3,Australia,2025-09-02
14350,1808,4,Gaming,93.19,5,France,2025-06-02
14351,1539,12,Clothing,122.3,1,Australia,2025-05-22
14352,1454,49,Beauty,477.4,5,Australia,2025-08-28
14353,1548,15,Books,293.2,5,Japan,2025-09-12
14354,388,2,Sports,454.56,4,France,2025-02-25
14355,151,78,Clothing,431.26,4,Japan,2025-07-11
14356,1937,27,Beauty,192.0,5,USA,2025-10-24
14357,949,56,Gaming,254.82,4,Japan,2025-02-23
14358,633,65,Sports,304.27,3,UK,2025-01-16
14359,1644,74,Clothing,45.06,2,Australia,2025-08-06
14360,1370,9,Clothing,317.21,4,USA,2025-10-06
14361,1408,4,Gaming,366.75,2,UK,2025-10-23
14362,741,13,Sports,172.82,2,UK,2025-05-09
14363,1202,42,Beauty,387.22,5,USA,2025-10-08
14364,427,42,Beauty,362.64,5,USA,2025-11-19
14365,739,8,Gaming,5.87,2,Australia,2025-06-07
14366,534,54,Gaming,219.76,1,Germany,2025-03-17
14367,1524,77,Toys,285.62,2,Israel,2025-04-11
14368,319,45,Clothing,344.74,2,Australia,2025-11-02
14369,253,57,Beauty,66.99,3,USA,2025-01-04
14370,899,75,Sports,468.72,4,Japan,2025-09-20
14371,536,34,Beauty,456.95,4,USA,2025-09-08
14372,1966,53,Sports,222.79,2,Japan,2025-09-24
14373,1417,64,Beauty,68.96,3,France,2025-10-10
14374,1633,1,Sports,311.1,2,Germany,2025-07-05
14375,652,42,Beauty,240.45,5,USA,2025-06-10
14376,1988,4,Gaming,293.59,4,Germany,2025-09-12
14377,875,40,Clothing,48.45,4,Australia,2025-04-10
14378,1242,43,Books,54.37,3,Germany,2025-03-15
14379,1306,23,Home,185.75,3,France,2025-07-05
14380,654,50,Clothing,348.83,5,Germany,2025-01-28
14381,609,13,Sports,204.39,2,UK,2025-01-24
14382,1047,17,Books,79.83,3,Japan,2025-02-05
14383,1205,33,Toys,424.96,4,Germany,2025-06-23
14384,1581,54,Gaming,202.71,5,France,2025-11-14
14385,1762,76,Clothing,366.71,3,UK,2025-05-19
14386,1831,60,Gaming,137.55,3,France,2025-02-22
14387,569,29,Toys,333.64,4,USA,2025-09-13
14388,1872,9,Clothing,470.61,5,Australia,2025-05-03
14389,946,55,Home,73.62,4,France,2025-06-16
14390,1462,5,Sports,487.84,3,UK,2025-12-13
14391,1086,70,Books,428.77,1,Canada,2025-10-14
14392,1390,71,Clothing,203.67,2,France,2025-04-26
14393,811,31,Clothing,326.51,4,France,2025-11-10
14394,1430,43,Books,494.57,5,Australia,2025-02-13
14395,533,38,Clothing,228.35,5,UK,2025-07-06
14396,504,63,Books,132.14,2,Canada,2025-10-09
14397,741,26,Gaming,470.51,1,UK,2025-10-04
14398,1193,59,Home,341.47,2,Japan,2025-07-17
14399,1000,27,Beauty,358.56,1,Israel,2025-05-20
14400,1259,63,Books,435.38,1,Canada,2025-08-22
14401,1439,44,Beauty,57.93,2,Israel,2025-04-04
14402,1172,40,Clothing,354.89,5,USA,2025-11-01
14403,174,69,Sports,146.75,2,UK,2025-06-04
14404,556,27,Beauty,498.18,3,USA,2025-08-23
14405,1651,32,Gaming,102.73,3,France,2025-02-17
14406,668,50,Clothing,392.81,3,Germany,2025-10-23
14407,677,35,Sports,149.07,2,USA,2025-09-10
14408,1097,37,Gaming,160.42,4,France,2025-05-19
14409,837,78,Clothing,228.08,2,Canada,2025-07-06
14410,1165,16,Home,458.68,3,Australia,2025-10-10
14411,69,27,Beauty,173.62,4,Germany,2025-02-20
14412,1038,51,Clothing,455.24,4,Australia,2025-10-06
14413,1508,51,Clothing,360.94,2,Israel,2025-02-08
14414,1742,72,Electronics,104.47,3,Australia,2025-11-02
14415,1315,1,Sports,229.32,4,Canada,2025-09-23
14416,1485,62,Toys,271.8,2,USA,2025-10-12
14417,311,62,Toys,412.76,4,Canada,2025-10-28
14418,94,35,Sports,277.47,4,UK,2025-08-06
14419,1979,12,Clothing,85.27,5,Japan,2025-09-11
14420,885,47,Books,240.25,2,Japan,2025-04-22
14421,33,62,Toys,199.69,4,Japan,2025-09-26
14422,1145,60,Gaming,92.6,2,Israel,2025-01-15
14423,1172,22,Home,169.91,5,France,2025-03-01
14424,508,65,Sports,30.82,3,Australia,2025-08-03
14425,925,55,Home,270.23,2,Japan,2025-12-26
14426,1011,47,Books,481.56,1,UK,2025-07-11
14427,672,10,Beauty,439.29,5,Germany,2025-02-24
14428,1716,36,Gaming,6.96,1,Canada,2025-07-23
14429,258,45,Clothing,304.4,3,Japan,2025-07-06
14430,811,11,Toys,434.05,2,Israel,2025-01-23
14431,377,37,Gaming,46.14,3,USA,2025-01-08
14432,1064,70,Books,458.33,5,UK,2025-05-27
14433,207,69,Sports,298.71,3,Canada,2025-11-05
14434,825,18,Beauty,402.95,2,Australia,2025-03-20
14435,165,71,Clothing,186.3,1,Japan,2025-02-20
14436,1023,41,Clothing,325.62,5,UK,2025-10-27
14437,368,24,Beauty,414.69,5,UK,2025-01-18
14438,784,6,Toys,117.91,2,Israel,2025-07-27
14439,1697,33,Toys,394.3,5,Germany,2025-07-21
14440,248,65,Sports,479.62,1,Israel,2025-07-25
14441,1319,80,Beauty,82.49,1,Australia,2025-10-03
14442,620,11,Toys,327.84,4,Canada,2025-10-04
14443,297,38,Clothing,216.85,5,Israel,2025-12-28
14444,1500,68,Home,259.73,3,Canada,2025-03-05
14445,1442,58,Beauty,245.96,3,Japan,2025-10-09
14446,1380,41,Clothing,52.77,3,USA,2025-01-06
14447,942,44,Beauty,256.28,2,Germany,2025-10-08
14448,1327,42,Beauty,490.7,4,Germany,2025-08-03
14449,971,21,Beauty,39.73,5,Australia,2025-03-22
14450,985,56,Gaming,114.09,5,Australia,2025-06-12
14451,334,41,Clothing,424.5,3,France,2025-04-16
14452,767,77,Toys,264.81,5,France,2025-06-10
14453,1155,31,Clothing,105.03,5,France,2025-05-21
14454,501,36,Gaming,189.49,2,Canada,2025-06-01
14455,256,24,Beauty,417.46,1,USA,2025-01-25
14456,819,40,Clothing,194.63,5,Australia,2025-04-24
14457,1318,28,Clothing,335.18,1,Israel,2025-05-16
14458,1404,41,Clothing,225.01,1,USA,2025-06-04
14459,1092,20,Home,446.83,4,Canada,2025-11-01
14460,348,57,Beauty,59.48,0,Germany,2025-02-14
14461,1261,74,Clothing,50.09,5,USA,2025-10-24
14462,1899,45,Clothing,163.02,3,France,2025-05-14
14463,1241,38,Clothing,226.6,5,Canada,2025-09-22
14464,1957,23,Home,432.04,2,Japan,2025-08-10
14465,1583,47,Books,267.48,1,Japan,2025-09-14
14466,1607,50,Clothing,382.53,5,USA,2025-06-02
14467,255,12,Clothing,208.05,3,France,2025-11-13
14468,1801,40,Clothing,482.67,1,Australia,2025-07-13
14469,1512,79,Sports,358.57,5,Israel,2025-12-23
14470,781,59,Home,387.11,2,Australia,2025-09-04
14471,1744,19,Books,314.25,2,Canada,2025-08-21
14472,1670,64,Beauty,94.09,1,Israel,2025-09-13
14473,210,78,Clothing,330.8,1,Canada,2025-01-08
14474,1013,23,Home,284.39,1,UK,2025-04-11
14475,742,37,Gaming,79.05,3,Canada,2025-03-20
14476,1631,8,Gaming,131.83,5,Israel,2025-12-27
14477,379,59,Home,326.56,1,Germany,2025-04-28
14478,1836,74,Clothing,25.48,4,UK,2025-08-24
14479,208,6,Toys,91.96,3,Germany,2025-11-05
14480,665,35,Sports,178.08,3,Canada,2025-03-13
14481,1041,46,Gaming,487.81,1,Japan,2025-02-18
14482,1437,39,Clothing,333.4,5,Australia,2025-05-13
14483,173,17,Books,415.08,1,Japan,2025-01-10
14484,378,15,Books,455.4,5,France,2025-10-21
14485,725,7,Gaming,2.07,1,USA,2025-11-01
14486,1258,40,Clothing,285.61,3,UK,2025-01-03
14487,1696,47,Books,17.04,1,Japan,2025-07-05
14488,586,4,Gaming,378.83,1,France,2025-05-07
14489,1338,37,Gaming,323.38,1,France,2025-07-01
14490,1394,16,Home,171.3,2,Australia,2025-04-18
14491,1996,1,Sports,139.26,2,UK,2025-06-25
14492,755,3,Gaming,397.46,1,Germany,2025-06-11
14493,1557,60,Gaming,372.53,5,USA,2025-08-01
14494,1002,15,Books,324.97,3,France,2025-08-09
14495,1351,80,Beauty,25.76,0,UK,2025-08-19
14496,1922,34,Beauty,88.65,4,UK,2025-03-09
14497,982,29,Toys,177.34,1,Israel,2025-09-05
14498,462,71,Clothing,170.67,3,USA,2025-08-06
14499,965,57,Beauty,137.45,2,Germany,2025-04-22
14500,1383,37,Gaming,227.29,4,France,2025-03-04
14501,1879,42,Beauty,147.57,2,UK,2025-11-03
14502,1844,79,Sports,96.87,5,Australia,2025-08-04
14503,204,11,Toys,86.66,5,UK,2025-03-11
14504,1119,60,Gaming,239.72,1,USA,2025-01-23
14505,1716,7,Gaming,266.61,1,France,2025-03-24
14506,608,61,Sports,430.39,1,Israel,2025-03-21
14507,1243,41,Clothing,27.58,3,Canada,2025-01-11
14508,1574,58,Beauty,177.71,5,UK,2025-08-20
14509,1745,50,Clothing,306.4,3,France,2025-04-04
14510,1650,27,Beauty,114.57,2,Japan,2025-02-03
14511,1779,2,Sports,405.77,5,Japan,2025-11-11
14512,290,2,Sports,89.6,3,Japan,2025-03-18
14513,411,8,Gaming,37.1,2,Australia,2025-06-24
14514,1735,7,Gaming,50.38,1,Japan,2025-04-12
14515,1633,5,Sports,475.63,2,Japan,2025-10-24
14516,931,28,Clothing,366.78,1,Australia,2025-01-12
14517,541,27,Beauty,445.23,1,France,2025-07-10
14518,1058,80,Beauty,120.93,1,Germany,2025-06-11
14519,569,20,Home,82.93,5,USA,2025-07-08
14520,1812,48,Books,315.81,2,Israel,2025-03-07
14521,631,77,Toys,424.17,4,UK,2025-12-06
14522,1523,56,Gaming,378.88,4,Israel,2025-06-25
14523,1116,34,Beauty,393.25,5,UK,2025-11-17
14524,647,56,Gaming,292.13,3,USA,2025-11-22
14525,1880,20,Home,239.0,5,Australia,2025-12-04
14526,148,33,Toys,427.41,4,Germany,2025-02-02
14527,19,53,Sports,353.06,1,Japan,2025-05-22
14528,556,63,Books,182.62,2,USA,2025-09-05
14529,1765,69,Sports,262.62,4,UK,2025-05-04
14530,326,2,Sports,159.97,4,USA,2025-04-11
14531,1393,38,Clothing,328.49,3,UK,2025-10-10
14532,475,6,Toys,2.93,1,Israel,2025-01-13
14533,1967,75,Sports,298.07,4,Israel,2025-11-01
14534,1400,17,Books,15.12,5,Israel,2025-05-06
14535,101,78,Clothing,56.82,5,Japan,2025-01-28
14536,181,59,Home,473.43,2,Israel,2025-06-09
14537,672,15,Books,366.38,5,UK,2025-02-09
14538,576,55,Home,209.08,2,UK,2025-12-17
14539,1029,57,Beauty,95.7,4,Canada,2025-09-02
14540,1574,65,Sports,101.44,5,Japan,2025-02-09
14541,1598,15,Books,104.83,1,France,2025-05-13
14542,1232,65,Sports,42.73,3,Germany,2025-02-09
14543,1971,53,Sports,34.42,4,UK,2025-11-16
14544,213,13,Sports,6.33,4,Canada,2025-09-13
14545,662,41,Clothing,369.08,2,Israel,2025-07-17
14546,1489,59,Home,340.92,3,Japan,2025-05-16
14547,458,17,Books,205.1,2,Israel,2025-06-06
14548,1986,20,Home,96.45,4,Australia,2025-09-09
14549,338,78,Clothing,317.86,2,Japan,2025-06-15
14550,731,5,Sports,399.21,5,USA,2025-02-23
14551,737,79,Sports,112.11,4,USA,2025-05-22
14552,406,16,Home,42.14,3,UK,2025-12-20
14553,1171,34,Beauty,92.9,1,UK,2025-08-12
14554,522,32,Gaming,395.12,2,Germany,2025-01-21
14555,1367,67,Gaming,178.39,2,Japan,2025-01-22
14556,1175,57,Beauty,498.28,1,Israel,2025-07-28
14557,1287,72,Electronics,315.29,1,UK,2025-07-04
14558,1050,47,Books,211.01,5,Israel,2025-05-01
14559,1605,4,Gaming,293.01,1,Japan,2025-05-19
14560,897,78,Clothing,80.74,1,Germany,2025-03-02
14561,339,7,Gaming,371.99,1,France,2025-10-02
14562,780,8,Gaming,5.69,0,UK,2025-03-02
14563,1052,64,Beauty,404.57,4,Canada,2025-08-27
14564,322,13,Sports,221.49,1,Germany,2025-08-20
14565,1228,26,Gaming,164.25,3,UK,2025-02-05
14566,1970,29,Toys,151.92,3,Canada,2025-04-12
14567,591,51,Clothing,37.51,4,UK,2025-10-12
14568,1267,77,Toys,382.86,4,Japan,2025-09-14
14569,1536,68,Home,293.27,3,Israel,2025-01-16
14570,192,6,Toys,157.34,3,UK,2025-08-20
14571,703,72,Electronics,331.63,1,France,2025-05-10
14572,1431,61,Sports,457.33,4,Israel,2025-11-08
14573,1654,7,Gaming,140.59,4,Germany,2025-04-06
14574,194,54,Gaming,413.03,3,Israel,2025-07-22
14575,1335,16,Home,241.55,2,Israel,2025-01-17
14576,995,35,Sports,259.7,5,USA,2025-01-07
14577,1443,33,Toys,235.45,5,Germany,2025-12-24
14578,845,41,Clothing,377.12,1,UK,2025-09-07
14579,708,69,Sports,112.16,4,Canada,2025-06-19
14580,1310,47,Books,111.04,1,Japan,2025-05-02
14581,1610,58,Beauty,353.78,5,Australia,2025-03-07
14582,1274,4,Gaming,201.66,4,Australia,2025-11-26
14583,835,63,Books,314.09,2,Canada,2025-12-03
14584,1425,12,Clothing,125.89,4,UK,2025-07-16
14585,435,22,Home,46.94,2,Germany,2025-09-22
14586,1921,54,Gaming,189.2,4,UK,2025-12-08
14587,1108,76,Clothing,301.93,1,USA,2025-03-11
14588,1111,61,Sports,203.69,2,UK,2025-10-24
14589,1129,33,Toys,394.83,3,Israel,2025-03-07
14590,128,8,Gaming,343.31,4,Canada,2025-09-14
14591,1483,69,Sports,466.0,2,Australia,2025-04-07
14592,141,32,Gaming,65.92,4,Australia,2025-02-27
14593,1621,34,Beauty,474.49,4,Canada,2025-11-26
14594,915,29,Toys,308.98,2,Japan,2025-08-11
14595,1755,16,Home,156.76,4,France,2025-06-17
14596,1393,30,Sports,156.49,5,UK,2025-12-22
14597,1814,8,Gaming,372.01,4,Japan,2025-01-15
14598,1498,19,Books,422.31,1,Germany,2025-05-21
14599,1387,56,Gaming,112.69,2,Canada,2025-09-17
14600,20,24,Beauty,225.78,4,UK,2025-11-22
14601,714,15,Books,124.73,2,USA,2025-11-14
14602,824,48,Books,287.47,2,UK,2025-11-22
14603,932,5,Sports,329.06,3,Japan,2025-01-08
14604,521,26,Gaming,412.61,4,UK,2025-06-21
14605,1604,59,Home,103.29,1,France,2025-02-22
14606,1953,5,Sports,236.48,5,Japan,2025-12-09
14607,1342,42,Beauty,35.87,3,UK,2025-03-26
14608,1940,11,Toys,183.48,4,Israel,2025-07-04
14609,1126,43,Books,154.84,4,Germany,2025-10-24
14610,1209,61,Sports,270.28,3,Japan,2025-04-20
14611,903,34,Beauty,19.91,3,UK,2025-06-26
14612,846,75,Sports,10.97,5,France,2025-06-12
14613,245,23,Home,253.71,2,USA,2025-01-15
14614,232,30,Sports,48.12,2,Japan,2025-02-16
14615,1406,2,Sports,483.28,2,Israel,2025-11-26
14616,1437,4,Gaming,250.65,2,USA,2025-11-11
14617,1577,66,Clothing,492.73,5,France,2025-08-11
14618,1130,70,Books,251.71,1,Germany,2025-11-22
14619,1249,10,Beauty,439.99,2,France,2025-02-25
14620,1758,9,Clothing,232.28,1,Israel,2025-03-26
14621,716,56,Gaming,460.89,4,Japan,2025-04-23
14622,88,79,Sports,178.93,1,UK,2025-12-22
14623,1860,19,Books,385.54,5,USA,2025-10-14
14624,605,74,Clothing,169.45,5,France,2025-02-10
14625,792,16,Home,406.38,1,Canada,2025-06-13
14626,1202,44,Beauty,178.7,2,France,2025-07-08
14627,316,65,Sports,110.23,4,France,2025-12-08
14628,1769,13,Sports,113.25,2,Australia,2025-06-01
14629,1883,10,Beauty,95.56,2,UK,2025-03-07
14630,1111,41,Clothing,122.44,4,UK,2025-06-01
14631,1069,2,Sports,498.81,1,UK,2025-12-18
14632,2,69,Sports,274.61,5,USA,2025-06-03
14633,1220,2,Sports,399.38,2,Australia,2025-04-01
14634,1129,46,Gaming,391.8,4,Germany,2025-02-24
14635,177,44,Beauty,92.91,1,UK,2025-02-10
14636,892,78,Clothing,188.92,1,Israel,2025-11-19
14637,1700,43,Books,442.72,4,France,2025-10-28
14638,1979,28,Clothing,466.17,2,Australia,2025-01-02
14639,1874,35,Sports,432.93,1,UK,2025-10-23
14640,1532,63,Books,335.41,1,Australia,2025-03-10
14641,1104,5,Sports,39.12,5,UK,2025-11-22
14642,1444,62,Toys,19.43,5,Australia,2025-08-28
14643,796,80,Beauty,442.7,3,Canada,2025-11-25
14644,951,54,Gaming,9.54,4,Australia,2025-08-12
14645,75,23,Home,227.84,5,Canada,2025-06-04
14646,1595,9,Clothing,62.45,4,Canada,2025-01-02
14647,1118,11,Toys,108.34,5,Germany,2025-03-09
14648,679,47,Books,398.8,3,Canada,2025-01-11
14649,446,52,Sports,420.77,1,UK,2025-03-14
14650,1066,11,Toys,48.23,5,Israel,2025-05-15
14651,1895,49,Beauty,229.69,2,Australia,2025-01-03
14652,1847,13,Sports,53.35,1,France,2025-01-09
14653,498,26,Gaming,489.2,5,Canada,2025-08-18
14654,1277,63,Books,472.62,4,UK,2025-10-05
14655,475,78,Clothing,341.83,1,Japan,2025-05-02
14656,1476,62,Toys,96.08,5,France,2025-01-18
14657,817,77,Toys,135.25,1,Japan,2025-04-10
14658,18,23,Home,452.06,2,Australia,2025-03-24
14659,989,68,Home,138.59,4,Australia,2025-03-23
14660,411,43,Books,318.27,2,Australia,2025-05-21
14661,1178,16,Home,491.37,3,Germany,2025-03-05
14662,1192,48,Books,393.23,1,Canada,2025-10-20
14663,1092,65,Sports,380.02,1,Germany,2025-08-27
14664,1551,53,Sports,484.84,1,Canada,2025-03-14
14665,1692,28,Clothing,180.75,5,France,2025-08-03
14666,1346,65,Sports,348.09,5,USA,2025-12-16
14667,376,77,Toys,285.61,1,Israel,2025-03-12
14668,1938,9,Clothing,475.37,5,Israel,2025-02-14
14669,488,7,Gaming,431.27,3,Australia,2025-05-03
14670,610,60,Gaming,322.28,4,USA,2025-09-07
14671,1475,41,Clothing,304.02,1,UK,2025-09-17
14672,1561,12,Clothing,148.01,4,UK,2025-08-12
14673,961,30,Sports,448.53,1,Canada,2025-10-14
14674,112,75,Sports,292.98,3,Canada,2025-07-27
14675,1378,48,Books,490.5,4,Israel,2025-08-04
14676,1322,47,Books,104.53,1,Australia,2025-08-04
14677,317,74,Clothing,366.37,4,Japan,2025-02-23
14678,1106,20,Home,423.59,5,France,2025-11-26
14679,355,9,Clothing,385.72,1,Japan,2025-07-13
14680,383,76,Clothing,350.26,2,Japan,2025-01-16
14681,466,14,Clothing,478.07,2,Japan,2025-12-14
14682,739,5,Sports,468.16,3,UK,2025-11-07
14683,919,35,Sports,386.08,2,France,2025-08-05
14684,530,23,Home,152.65,1,Israel,2025-08-20
14685,923,55,Home,388.13,1,Canada,2025-10-07
14686,1758,39,Clothing,121.04,3,France,2025-01-20
14687,1791,55,Home,79.68,3,Canada,2025-12-01
14688,912,29,Toys,245.08,2,Israel,2025-09-20
14689,994,11,Toys,335.7,3,Israel,2025-09-22
14690,626,79,Sports,104.62,5,UK,2025-10-03
14691,64,9,Clothing,365.01,5,France,2025-07-06
14692,1864,71,Clothing,392.57,3,Germany,2025-02-06
14693,1173,73,Electronics,202.48,5,UK,2025-03-02
14694,461,56,Gaming,95.1,1,France,2025-03-22
14695,1712,22,Home,457.54,1,Australia,2025-05-17
14696,1434,56,Gaming,176.36,1,Japan,2025-06-14
14697,1732,47,Books,90.39,4,USA,2025-06-11
14698,674,57,Beauty,129.72,2,Canada,2025-10-28
14699,1928,71,Clothing,496.67,4,USA,2025-09-22
14700,1466,58,Beauty,260.24,3,UK,2025-07-19
14701,639,14,Clothing,396.07,1,Germany,2025-11-17
14702,245,69,Sports,492.94,3,Japan,2025-01-23
14703,513,44,Beauty,44.45,2,Australia,2025-04-02
14704,1341,53,Sports,305.16,5,UK,2025-11-16
14705,105,7,Gaming,477.29,5,Israel,2025-04-13
14706,1884,53,Sports,165.09,3,Canada,2025-06-02
14707,745,18,Beauty,160.48,1,Australia,2025-11-27
14708,1272,7,Gaming,93.91,1,Japan,2025-10-26
14709,553,2,Sports,306.68,4,USA,2025-01-17
14710,413,64,Beauty,266.02,4,UK,2025-09-18
14711,382,45,Clothing,89.86,3,Australia,2025-12-08
14712,1061,28,Clothing,380.11,2,Japan,2025-06-18
14713,229,48,Books,478.26,2,Australia,2025-07-22
14714,1412,19,Books,91.42,3,UK,2025-05-15
14715,1087,46,Gaming,268.97,2,France,2025-09-23
14716,975,55,Home,422.56,3,France,2025-02-22
14717,871,48,Books,96.72,0,Canada,2025-06-05
14718,1129,11,Toys,77.89,5,Japan,2025-09-11
14719,22,31,Clothing,493.9,3,Germany,2025-04-04
14720,1072,19,Books,258.51,4,France,2025-10-22
14721,935,74,Clothing,372.76,1,Japan,2025-07-16
14722,724,33,Toys,399.22,2,Australia,2025-09-07
14723,1106,67,Gaming,121.0,2,Japan,2025-06-17
14724,1777,15,Books,295.94,1,France,2025-12-11
14725,888,11,Toys,352.89,5,USA,2025-04-07
14726,719,54,Gaming,215.5,2,UK,2025-11-13
14727,1649,17,Books,450.72,4,Japan,2025-06-17
14728,410,36,Gaming,-80.79,1,USA,2025-09-10
14729,692,71,Clothing,not-a-price,4,USA,2025-07-17
14730,79,75,Sports,163.45,5,Germany,2025-11-26
14731,1054,17,Books,216.47,2,France,2025-04-28
14732,831,53,Sports,356.51,1,UK,2025-08-13
14733,690,8,Gaming,90.18,5,France,2025-09-26
14734,52,52,Sports,33.0,1,Germany,2025-06-05
14735,797,13,Sports,254.36,1,Israel,2025-12-23
14736,1437,70,Books,489.31,3,USA,2025-01-28
14737,1555,57,Beauty,409.02,1,Israel,2025-02-20
14738,1623,23,Home,400.8,3,Australia,2025-04-23
14739,1371,50,Clothing,135.35,1,Australia,2025-06-10
14740,730,16,Home,179.1,3,Japan,2025-01-14
14741,1628,1,Sports,477.07,3,USA,2025-12-10
14742,972,12,Clothing,58.11,4,Germany,2025-09-16
14743,178,45,Clothing,203.43,2,Germany,2025-04-19
14744,567,409,Clothing,21.59,4,Canada,2025-04-22
14745,262,11,Toys,81.34,3,Germany,2025-04-08
14746,46,49,Beauty,393.96,2,Israel,2025-04-12
14747,1455,34,Beauty,47.43,5,Australia,2025-09-24
14748,1648,76,Clothing,377.2,5,UK,2025-08-26
14749,891,55,Home,83.99,5,USA,2025-01-17
14750,1443,13,Sports,44.97,3,UK,2025-10-01
14751,1360,9,Clothing,349.46,1,USA,2025-10-22
14752,1545,49,Beauty,442.75,1,UK,2025-05-25
14753,289,49,Beauty,277.96,5,Germany,2025-01-22
14754,429,1,Sports,13.35,5,Israel,2025-08-09
14755,1608,59,Home,373.31,1,Israel,2025-09-08
14756,311,35,Sports,393.1,4,Israel,2025-10-11
14757,975,67,Gaming,379.23,4,Australia,2025-11-12
14758,1418,74,Clothing,60.99,3,Israel,2025-04-05
14759,189,10,Beauty,357.02,4,Israel,2025-07-26
14760,1037,74,Clothing,151.65,1,Canada,2025-07-12
14761,1324,68,Home,215.65,4,UK,2025-11-18
14762,455,12,Clothing,331.51,3,Israel,2025-04-14
14763,1688,31,Clothing,264.98,3,Australia,2025-06-27
14764,100,10,Beauty,270.02,5,UK,2025-01-10
14765,1619,17,Books,242.98,3,Japan,2025-04-26
14766,1685,8,Gaming,280.72,2,Germany,2025-06-12
14767,1251,30,Sports,241.06,4,Germany,2025-05-27
14768,1684,79,Sports,139.11,2,Australia,2025-06-17
14769,1406,69,Sports,487.64,5,Japan,2025-07-11
14770,998,22,Home,304.57,1,France,2025-08-05
14771,1917,70,Books,181.07,4,Canada,2025-01-21
14772,538,32,Gaming,479.9,2,UK,2025-06-24
14773,940,2,Sports,68.09,5,Canada,2025-06-13
14774,510,28,Clothing,176.61,2,Canada,2025-05-10
14775,1954,78,Clothing,349.31,3,Australia,2025-02-15
14776,1410,44,Beauty,469.26,5,Australia,2025-03-02
14777,908,5,Sports,368.6,5,Germany,2025-01-06
14778,532,53,Sports,264.87,1,Germany,2025-10-02
14779,1493,8,Gaming,467.67,2,France,2025-10-10
14780,492,47,Books,329.32,4,Japan,2025-09-13
14781,545,37,Gaming,159.31,4,Germany,2025-04-04
14782,177,73,Electronics,292.18,3,Japan,2025-06-28
14783,1607,1,Sports,204.78,3,Germany,2025-01-25
14784,56,29,Toys,403.15,1,France,2025-10-23
14785,1037,35,Sports,352.57,5,Canada,2025-02-18
14786,1341,11,Toys,47.41,3,Japan,2025-09-03
14787,639,15,Books,26.72,4,USA,2025-07-18
14788,251,4,Gaming,10.5,1,UK,2025-11-08
14789,232,75,Sports,378.83,3,Germany,2025-06-14
14790,1639,38,Clothing,21.3,1,Canada,2025-08-09
14791,498,65,Sports,414.17,1,Australia,2025-12-06
14792,954,62,Toys,311.49,2,France,2025-09-05
14793,601,1,Sports,87.78,3,France,2025-06-10
14794,1547,15,Books,383.23,5,UK,2025-02-26
14795,873,2,Sports,2.89,4,Australia,2025-02-04
14796,219,29,Toys,13.65,2,Israel,2025-08-25
14797,473,37,Gaming,374.55,1,UK,2025-07-17
14798,1883,53,Sports,43.33,2,UK,2025-12-20
14799,1984,70,Books,262.94,2,USA,2025-01-23
14800,57,61,Sports,419.47,3,Israel,2025-02-19
14801,228,32,Gaming,239.98,5,Australia,2025-02-28
14802,329,3,Gaming,264.0,5,USA,2025-10-26
14803,450,11,Toys,468.46,2,UK,2025-01-01
14804,542,69,Sports,241.88,3,France,2025-05-28
14805,521,36,Gaming,252.62,5,UK,2025-05-07
14806,1864,61,Sports,434.05,1,Israel,2025-11-26
14807,1072,9,Clothing,246.34,2,Australia,2025-12-28
14808,1000,38,Clothing,34.75,1,Japan,2025-04-28
14809,870,78,Clothing,473.89,2,France,2025-10-03
14810,1296,62,Toys,72.55,4,UK,2025-01-09
14811,649,33,Toys,165.85,1,UK,2025-01-05
14812,1399,9,Clothing,296.09,1,Japan,2025-02-14
14813,1695,7,Gaming,183.74,3,Israel,2025-06-15
14814,856,80,Beauty,68.12,1,Israel,2025-10-28
14815,273,33,Toys,446.9,4,Australia,2025-05-05
14816,794,68,Home,36.1,5,Australia,2025-10-14
14817,278,62,Toys,337.77,1,Canada,2025-02-13
14818,1339,3,Gaming,438.84,4,Israel,2025-11-02
14819,748,14,Clothing,11.56,2,Israel,2025-10-17
14820,1847,54,Gaming,27.71,3,Australia,2025-07-12
14821,1249,63,Books,52.18,2,Israel,2025-01-04
14822,229,20,Home,59.49,4,UK,2025-12-18
14823,1,55,Home,265.22,5,Japan,2025-02-27
14824,1394,22,Home,48.13,4,Australia,2025-09-07
14825,1049,64,Beauty,480.45,3,France,2025-04-01
14826,1045,39,Clothing,378.85,2,Canada,2025-05-27
14827,9,41,Clothing,212.01,1,UK,2025-12-17
14828,1954,23,Home,80.27,3,Japan,2025-10-13
14829,1271,30,Sports,381.55,5,France,2025-01-28
14830,907,77,Toys,139.0,2,Israel,2025-06-15
14831,1566,5,Sports,145.06,4,Germany,2025-02-19
14832,1664,38,Clothing,315.32,5,France,2025-02-19
14833,1894,19,Books,257.11,2,Japan,2025-08-21
14834,985,30,Sports,63.19,0,Israel,2025-01-07
14835,304,78,Clothing,499.07,5,Canada,2025-03-09
14836,312,57,Beauty,448.88,5,Germany,2025-11-19
14837,1585,70,Books,469.12,1,UK,2025-09-01
14838,79,51,Clothing,49.63,3,Japan,2025-03-05
14839,1265,8,Gaming,187.14,4,UK,2025-09-06
14840,50,74,Clothing,431.47,4,Australia,2025-04-28
14841,1231,21,Beauty,381.94,5,UK,2025-12-14
14842,13,32,Gaming,488.25,3,Canada,2025-04-10
14843,1400,59,Home,375.63,2,Germany,2025-09-24
14844,271,16,Home,313.23,2,Japan,2025-05-01
14845,1647,53,Sports,494.43,2,Israel,2025-02-19
14846,1150,56,Gaming,276.0,2,France,2025-07-23
14847,632,44,Beauty,78.48,3,Japan,2025-09-11
14848,221,47,Books,416.36,3,USA,2025-11-03
14849,880,74,Clothing,119.12,2,France,2025-04-27
14850,326,6,Toys,108.32,5,Germany,2025-09-25
14851,1133,47,Books,42.62,4,Germany,2025-06-18
14852,1973,42,Beauty,424.08,1,UK,2025-02-27
14853,1934,10,Beauty,483.34,3,Australia,2025-05-23
14854,819,53,Sports,327.42,5,Israel,2025-10-09
14855,1230,26,Gaming,40.05,3,USA,2025-10-04
14856,1611,36,Gaming,318.1,1,Canada,2025-12-19
14857,1178,29,Toys,86.72,4,Germany,2025-11-06
14858,1789,52,Sports,54.77,4,USA,2025-12-06
14859,988,70,Books,325.28,4,Canada,2025-08-20
14860,1532,39,Clothing,467.97,1,Canada,2025-07-05
14861,1667,77,Toys,298.94,2,Japan,2025-09-06
14862,1398,52,Sports,38.32,5,France,2025-07-23
14863,1553,15,Books,243.12,3,Australia,2025-04-09
14864,1743,43,Books,143.95,4,Australia,2025-06-22
14865,1951,21,Beauty,220.42,5,Germany,2025-09-25
14866,1961,6,Toys,249.1,5,USA,2025-08-06
14867,913,80,Beauty,78.54,2,Australia,2025-10-18
14868,1204,60,Gaming,224.43,3,Canada,2025-04-20
14869,738,3,Gaming,170.31,1,USA,2025-09-16
14870,350,47,Books,341.15,2,Japan,2025-12-10
14871,523,58,Beauty,101.31,4,Israel,2025-08-19
14872,872,6,Toys,240.09,3,Canada,2025-02-04
14873,1061,55,Home,107.89,2,USA,2025-07-07
14874,1412,53,Sports,302.47,1,UK,2025-07-13
14875,1417,76,Clothing,278.48,5,Israel,2025-10-25
14876,1630,26,Gaming,25.81,5,UK,2025-03-24
14877,880,67,Gaming,80.41,4,Germany,2025-03-11
14878,1413,17,Books,390.95,2,USA,2025-03-22
14879,283,42,Beauty,378.04,2,Germany,2025-07-14
14880,38,72,Electronics,279.26,2,Germany,2025-07-10
14881,417,43,Books,91.57,2,Japan,2025-09-06
14882,1782,77,Toys,295.84,1,UK,2025-12-24
14883,528,8,Gaming,132.91,3,Australia,2025-03-22
14884,1033,51,Clothing,142.58,4,UK,2025-02-14
14885,241,68,Home,13.28,4,USA,2025-09-10
14886,1876,21,Beauty,385.66,2,USA,2025-11-20
14887,636,29,Toys,281.0,5,Japan,2025-09-03
14888,251,2,Sports,55.93,4,Japan,2025-07-15
14889,389,54,Gaming,350.91,3,Australia,2025-04-18
14890,1847,72,Electronics,422.81,2,Canada,2025-09-02
14891,562,18,Beauty,159.79,2,Japan,2025-03-13
14892,1624,28,Clothing,148.69,2,Australia,2025-08-26
14893,475,43,Books,322.01,3,Germany,2025-10-14
14894,306,21,Beauty,189.71,1,Germany,2025-03-04
14895,1660,65,Sports,63.29,1,Germany,2025-11-17
14896,1623,41,Clothing,211.63,5,Israel,2025-10-05
14897,888,79,Sports,281.7,2,Israel,2025-12-19
14898,2000,32,Gaming,144.15,4,UK,2025-01-17
14899,1805,56,Gaming,360.7,3,USA,2025-02-26
14900,697,37,Gaming,444.2,3,USA,2025-07-21
14901,1616,80,Beauty,106.14,1,Canada,2025-05-08
14902,1672,28,Clothing,460.49,4,Israel,2025-04-03
14903,357,70,Books,315.16,4,UK,2025-04-11
14904,1001,62,Toys,140.49,1,Canada,2025-10-24
14905,1790,62,Toys,115.69,5,France,2025-10-01
14906,522,64,Beauty,122.94,5,Israel,2025-10-26
14907,1197,11,Toys,204.36,1,Israel,2025-08-01
14908,478,18,Beauty,253.42,4,Israel,2025-10-15
14909,647,57,Beauty,95.65,4,France,2025-03-04
14910,463,68,Home,127.85,2,UK,2025-07-10
14911,630,25,Electronics,232.67,4,Canada,2025-06-15
14912,724,19,Books,428.99,3,Japan,2025-08-08
14913,1867,71,Clothing,361.85,1,Japan,2025-05-22
14914,1548,66,Clothing,353.94,3,Canada,2025-03-24
14915,1390,55,Home,274.18,5,Japan,2025-01-17
14916,758,52,Sports,14.0,5,Germany,2025-08-21
14917,483,45,Clothing,195.72,4,Israel,2025-12-26
14918,911,71,Clothing,169.58,2,Germany,2025-12-08
14919,1674,74,Clothing,268.39,5,USA,2025-01-12
14920,1447,76,Clothing,343.41,3,USA,2025-12-11
14921,275,35,Sports,264.02,1,Canada,2025-01-26
14922,288,17,Books,1.41,5,Germany,2025-02-08
14923,1996,75,Sports,69.25,5,USA,2025-08-20
14924,772,16,Home,229.78,4,Japan,2025-10-15
14925,1336,2,Sports,434.58,5,Japan,2025-02-11
14926,1809,80,Beauty,297.65,4,France,2025-06-19
14927,1902,38,Clothing,223.3,5,Japan,2025-06-20
14928,1859,74,Clothing,463.67,4,UK,2025-01-08
14929,491,38,Clothing,87.55,2,Japan,2025-10-21
14930,1550,39,Clothing,93.59,4,Germany,2025-02-14
14931,1861,55,Home,46.11,5,USA,2025-11-24
14932,758,54,Gaming,461.61,5,Israel,2025-08-22
14933,444,78,Clothing,209.56,2,Israel,2025-03-20
14934,1805,26,Gaming,244.64,3,Canada,2025-09-19
14935,31,28,Clothing,430.26,5,Israel,2025-09-21
14936,168,48,Books,228.25,5,USA,2025-08-19
14937,472,8,Gaming,196.36,2,UK,2025-04-20
14938,1806,32,Gaming,366.61,2,France,2025-09-28
14939,1636,56,Gaming,145.47,2,USA,2025-07-04
14940,334,57,Beauty,259.02,4,Australia,2025-12-06
14941,499,40,Clothing,332.0,5,USA,2025-07-21
14942,700,63,Books,498.5,2,Germany,2025-02-28
14943,1784,59,Home,331.77,1,Japan,2025-03-27
14944,7,1,Sports,239.69,3,France,2025-12-03
14945,638,32,Gaming,485.52,5,Japan,2025-05-27
14946,1833,52,Sports,138.42,5,Japan,2025-02-09
14947,743,60,Gaming,146.44,4,Israel,2025-09-18
14948,1100,13,Sports,467.75,3,UK,2025-12-19
14949,1554,7,Gaming,21.44,4,France,2025-02-26
14950,1654,42,Beauty,452.78,5,USA,2025-05-03
14951,503,1,Sports,356.02,5,Germany,2025-07-23
14952,512,16,Home,342.68,1,USA,2025-08-14
14953,1506,3,Gaming,366.22,1,Germany,2025-04-23
14954,936,79,Sports,244.17,1,Australia,2025-03-15
14955,1578,35,Sports,330.17,2,France,2025-02-10
14956,1488,34,Beauty,478.46,2,UK,2025-11-27
14957,1500,80,Beauty,86.48,3,France,2025-05-05
14958,1875,5,Sports,47.86,3,Germany,2025-06-12
14959,1576,61,Sports,146.24,1,Canada,2025-07-17
14960,1284,78,Clothing,80.8,5,Australia,2025-02-18
14961,167,41,Clothing,123.76,3,USA,2025-07-24
14962,1250,60,Gaming,194.95,3,Israel,2025-03-13
14963,1928,43,Books,60.87,5,Germany,2025-01-09
14964,1468,77,Toys,81.05,2,Japan,2025-04-26
14965,1606,75,Sports,201.26,1,Australia,2025-09-05
14966,45,58,Beauty,125.76,2,USA,2025-06-04
14967,1512,29,Toys,295.05,3,Canada,2025-11-02
14968,51,14,Clothing,278.39,2,UK,2025-12-10
14969,900,7,Gaming,102.89,4,Japan,2025-05-07
14970,145,52,Sports,315.97,2,Canada,2025-12-24
14971,176,18,Beauty,1.52,4,Japan,2025-08-22
14972,687,48,Books,242.54,3,Israel,2025-04-24
14973,1077,79,Sports,267.25,5,Australia,2025-05-07
14974,827,4,Gaming,338.72,4,USA,2025-02-27
14975,1986,63,Books,389.16,5,Israel,2025-12-26
14976,270,3,Gaming,128.06,1,UK,2025-10-21
14977,1051,53,Sports,287.69,5,USA,2025-12-24
14978,1389,19,Books,281.52,5,Australia,2025-09-17
14979,1228,40,Clothing,332.9,5,Canada,2025-06-07
14980,1610,12,Clothing,245.26,3,UK,2025-11-25
14981,1662,64,Beauty,6.89,2,Germany,2025-08-24
14982,774,78,Clothing,63.49,5,Germany,2025-06-10
14983,452,3,Gaming,266.69,1,UK,2025-05-14
14984,1365,79,Sports,257.06,4,Germany,2025-09-01
14985,962,40,Clothing,472.8,5,Australia,2025-02-28
14986,686,35,Sports,60.24,2,UK,2025-08-04
14987,1835,25,Electronics,443.68,5,USA,2025-01-19
14988,478,20,Home,223.96,3,Israel,2025-06-23
14989,1861,39,Clothing,42.31,4,France,2025-03-07
14990,1207,66,Clothing,413.04,4,Australia,2025-07-26
14991,506,6,Toys,37.01,3,France,2025-09-17
14992,1481,69,Sports,414.17,3,UK,2025-09-23
14993,413,24,Beauty,349.69,5,France,2025-03-24
14994,909,62,Toys,426.72,1,UK,2025-04-25
14995,695,54,Gaming,194.68,2,Germany,2025-08-12
14996,874,44,Beauty,301.09,5,France,2025-05-02
14997,877,25,Electronics,352.22,3,USA,2025-06-14
14998,327,10,Beauty,73.23,3,Canada,2025-11-26
14999,1921,39,Clothing,26.77,3,France,2025-02-18
15000,1883,55,Home,5.06,5,Japan,2025-11-09
